This is pdfTeX, Version 3.141592653-2.6-1.40.27 (TeX Live 2025) (preloaded format=pdflatex 2025.3.8)  9 MAR 2026 23:33
entering extended mode
 restricted \write18 enabled.
 %&-line parsing enabled.
**changes_marked.tex
(./changes_marked.tex
LaTeX2e <2024-11-01> patch level 2
L3 programming layer <2025-01-18>
(./agujournal2019.cls
Document Class: agujournal2019 01/14/2019
(/usr/local/texlive/2025/texmf-dist/tex/latex/graphics/graphicx.sty
Package: graphicx 2021/09/16 v1.2d Enhanced LaTeX Graphics (DPC,SPQR)

(/usr/local/texlive/2025/texmf-dist/tex/latex/graphics/keyval.sty
Package: keyval 2022/05/29 v1.15 key=value parser (DPC)
\KV@toks@=\toks17
)
(/usr/local/texlive/2025/texmf-dist/tex/latex/graphics/graphics.sty
Package: graphics 2024/08/06 v1.4g Standard LaTeX Graphics (DPC,SPQR)

(/usr/local/texlive/2025/texmf-dist/tex/latex/graphics/trig.sty
Package: trig 2023/12/02 v1.11 sin cos tan (DPC)
)
(/usr/local/texlive/2025/texmf-dist/tex/latex/graphics-cfg/graphics.cfg
File: graphics.cfg 2016/06/04 v1.11 sample graphics configuration
)
Package graphics Info: Driver file: pdftex.def on input line 106.

(/usr/local/texlive/2025/texmf-dist/tex/latex/graphics-def/pdftex.def
File: pdftex.def 2024/04/13 v1.2c Graphics/color driver for pdftex
))
\Gin@req@height=\dimen141
\Gin@req@width=\dimen142
)
(/usr/local/texlive/2025/texmf-dist/tex/latex/xcolor/xcolor.sty
Package: xcolor 2024/09/29 v3.02 LaTeX color extensions (UK)

(/usr/local/texlive/2025/texmf-dist/tex/latex/graphics-cfg/color.cfg
File: color.cfg 2016/01/02 v1.6 sample color configuration
)
Package xcolor Info: Driver file: pdftex.def on input line 274.

(/usr/local/texlive/2025/texmf-dist/tex/latex/graphics/mathcolor.ltx)
Package xcolor Info: Model `cmy' substituted by `cmy0' on input line 1349.
Package xcolor Info: Model `hsb' substituted by `rgb' on input line 1353.
Package xcolor Info: Model `RGB' extended on input line 1365.
Package xcolor Info: Model `HTML' substituted by `rgb' on input line 1367.
Package xcolor Info: Model `Hsb' substituted by `hsb' on input line 1368.
Package xcolor Info: Model `tHsb' substituted by `hsb' on input line 1369.
Package xcolor Info: Model `HSB' substituted by `hsb' on input line 1370.
Package xcolor Info: Model `Gray' substituted by `gray' on input line 1371.
Package xcolor Info: Model `wave' substituted by `hsb' on input line 1372.
)
(/usr/local/texlive/2025/texmf-dist/tex/latex/url/url.sty
\Urlmuskip=\muskip17
Package: url 2013/09/16  ver 3.4  Verb mode for urls, etc.
)
(/usr/local/texlive/2025/texmf-dist/tex/latex/lineno/lineno.sty
Package: lineno 2025/01/29 line numbers on paragraphs v5.4

(/usr/local/texlive/2025/texmf-dist/tex/latex/etoolbox/etoolbox.sty
Package: etoolbox 2025/02/11 v2.5l e-TeX tools for LaTeX (JAW)
\etb@tempcnta=\count196
)
(/usr/local/texlive/2025/texmf-dist/tex/latex/kvoptions/kvoptions.sty
Package: kvoptions 2022-06-15 v3.15 Key value format for package options (HO)

(/usr/local/texlive/2025/texmf-dist/tex/generic/ltxcmds/ltxcmds.sty
Package: ltxcmds 2023-12-04 v1.26 LaTeX kernel commands for general use (HO)
)
(/usr/local/texlive/2025/texmf-dist/tex/latex/kvsetkeys/kvsetkeys.sty
Package: kvsetkeys 2022-10-05 v1.19 Key value parser (HO)
))
\linenopenalty=\count197
\output=\toks18
\linenoprevgraf=\count198
\linenumbersep=\dimen143
\linenumberwidth=\dimen144
\c@linenumber=\count199
\c@pagewiselinenumber=\count266
\c@LN@truepage=\count267
\c@internallinenumber=\count268
\c@internallinenumbers=\count269
\quotelinenumbersep=\dimen145
\bframerule=\dimen146
\bframesep=\dimen147
\bframebox=\box52
LaTeX Info: Redefining \\ on input line 3187.
)
(/usr/local/texlive/2025/texmf-dist/tex/latex/tools/indentfirst.sty
Package: indentfirst 2023/07/02 v1.03 Indent first paragraph (DPC)
)
(/usr/local/texlive/2025/texmf-dist/tex/latex/ragged2e/ragged2e.sty
Package: ragged2e 2023/06/22 v3.6 ragged2e Package
\CenteringLeftskip=\skip49
\RaggedLeftLeftskip=\skip50
\RaggedRightLeftskip=\skip51
\CenteringRightskip=\skip52
\RaggedLeftRightskip=\skip53
\RaggedRightRightskip=\skip54
\CenteringParfillskip=\skip55
\RaggedLeftParfillskip=\skip56
\RaggedRightParfillskip=\skip57
\JustifyingParfillskip=\skip58
\CenteringParindent=\skip59
\RaggedLeftParindent=\skip60
\RaggedRightParindent=\skip61
\JustifyingParindent=\skip62
)
(/usr/local/texlive/2025/texmf-dist/tex/latex/graphics/rotating.sty
Package: rotating 2016/08/11 v2.16d rotated objects in LaTeX

(/usr/local/texlive/2025/texmf-dist/tex/latex/base/ifthen.sty
Package: ifthen 2024/03/16 v1.1e Standard LaTeX ifthen package (DPC)
)
\c@r@tfl@t=\count270
\rotFPtop=\skip63
\rotFPbot=\skip64
\rot@float@box=\box53
\rot@mess@toks=\toks19
)
\draftskip=\count271
\c@section=\count272
\c@subsection=\count273
\c@subsubsection=\count274
\c@paragraph=\count275
\c@subparagraph=\count276
\c@figure=\count277
\c@table=\count278
\abovecaptionskip=\skip65
\belowcaptionskip=\skip66
\c@appendnum=\count279
\bibindent=\dimen148

(/usr/local/texlive/2025/texmf-dist/tex/latex/apacite/apacite.sty
Package: apacite 2013/07/21 v6.03 APA citation
\c@BibCnt=\count280
\bibleftmargin=\skip67
\bibindent=\skip68
\bibparsep=\skip69
\bibitemsep=\skip70
\biblabelsep=\skip71
))
(./trackchanges.sty
Package: trackchanges 2009/04/22 v0.7.0 TrackChanges file 

(/usr/local/texlive/2025/texmf-dist/tex/latex/tools/calc.sty
Package: calc 2023/07/08 v4.3 Infix arithmetic (KKT,FJ)
\calc@Acount=\count281
\calc@Bcount=\count282
\calc@Adimen=\dimen149
\calc@Bdimen=\dimen150
\calc@Askip=\skip72
\calc@Bskip=\skip73
LaTeX Info: Redefining \setlength on input line 80.
LaTeX Info: Redefining \addtolength on input line 81.
\calc@Ccount=\count283
\calc@Cskip=\skip74
)
(/usr/local/texlive/2025/texmf-dist/tex/generic/soul/soul.sty
Package: soul 2023-06-14 v3.1 Permit use of UTF-8 characters in soul (HO)

(/usr/local/texlive/2025/texmf-dist/tex/generic/soul/soul-ori.sty
Package: soul-ori 2023-06-14 v3.1 letterspacing/underlining (mf)
\SOUL@word=\toks20
\SOUL@lasttoken=\toks21
\SOUL@syllable=\toks22
\SOUL@cmds=\toks23
\SOUL@buffer=\toks24
\SOUL@token=\toks25
\SOUL@syllgoal=\dimen151
\SOUL@syllwidth=\dimen152
\SOUL@charkern=\dimen153
\SOUL@hyphkern=\dimen154
\SOUL@dimen=\dimen155
\SOUL@dimeni=\dimen156
\SOUL@minus=\count284
\SOUL@comma=\count285
\SOUL@apo=\count286
\SOUL@grave=\count287
\SOUL@spaceskip=\skip75
\SOUL@ttwidth=\dimen157
\SOUL@uldp=\dimen158
\SOUL@ulht=\dimen159
)
(/usr/local/texlive/2025/texmf-dist/tex/generic/infwarerr/infwarerr.sty
Package: infwarerr 2019/12/03 v1.5 Providing info/warning/error messages (HO)
)
(/usr/local/texlive/2025/texmf-dist/tex/generic/etexcmds/etexcmds.sty
Package: etexcmds 2019/12/15 v1.7 Avoid name clashes with e-TeX commands (HO)

(/usr/local/texlive/2025/texmf-dist/tex/generic/iftex/iftex.sty
Package: iftex 2024/12/12 v1.0g TeX engine tests
)))
(/usr/local/texlive/2025/texmf-dist/tex/latex/morefloats/morefloats.sty
Package: morefloats 2025/01/28 v1.1a Raise limit of unprocessed floats (HMM)
Package morefloats Info: Maximum number of possible floats asked for: 36
(morefloats)             (i.e. 18 more floats).
(morefloats)             LaTeX might run out of memory before this
(morefloats)             (in which case it will notify you).
)
\c@userid=\count288
\c@changenumber=\count289
\c@storefootnote=\count290
\c@numeditors=\count291
\c@maxeditors=\count292
)
(/usr/local/texlive/2025/texmf-dist/tex/latex/amsmath/amsmath.sty
Package: amsmath 2024/11/05 v2.17t AMS math features
\@mathmargin=\skip76

For additional information on amsmath, use the `?' option.
(/usr/local/texlive/2025/texmf-dist/tex/latex/amsmath/amstext.sty
Package: amstext 2021/08/26 v2.01 AMS text

(/usr/local/texlive/2025/texmf-dist/tex/latex/amsmath/amsgen.sty
File: amsgen.sty 1999/11/30 v2.0 generic functions
\@emptytoks=\toks26
\ex@=\dimen160
))
(/usr/local/texlive/2025/texmf-dist/tex/latex/amsmath/amsbsy.sty
Package: amsbsy 1999/11/29 v1.2d Bold Symbols
\pmbraise@=\dimen161
)
(/usr/local/texlive/2025/texmf-dist/tex/latex/amsmath/amsopn.sty
Package: amsopn 2022/04/08 v2.04 operator names
)
\inf@bad=\count293
LaTeX Info: Redefining \frac on input line 233.
\uproot@=\count294
\leftroot@=\count295
LaTeX Info: Redefining \overline on input line 398.
LaTeX Info: Redefining \colon on input line 409.
\classnum@=\count296
\DOTSCASE@=\count297
LaTeX Info: Redefining \ldots on input line 495.
LaTeX Info: Redefining \dots on input line 498.
LaTeX Info: Redefining \cdots on input line 619.
\Mathstrutbox@=\box54
\strutbox@=\box55
LaTeX Info: Redefining \big on input line 721.
LaTeX Info: Redefining \Big on input line 722.
LaTeX Info: Redefining \bigg on input line 723.
LaTeX Info: Redefining \Bigg on input line 724.
\big@size=\dimen162
LaTeX Font Info:    Redeclaring font encoding OML on input line 742.
LaTeX Font Info:    Redeclaring font encoding OMS on input line 743.
\macc@depth=\count298
LaTeX Info: Redefining \bmod on input line 904.
LaTeX Info: Redefining \pmod on input line 909.
LaTeX Info: Redefining \smash on input line 939.
LaTeX Info: Redefining \relbar on input line 969.
LaTeX Info: Redefining \Relbar on input line 970.
\c@MaxMatrixCols=\count299
\dotsspace@=\muskip18
\c@parentequation=\count300
\dspbrk@lvl=\count301
\tag@help=\toks27
\row@=\count302
\column@=\count303
\maxfields@=\count304
\andhelp@=\toks28
\eqnshift@=\dimen163
\alignsep@=\dimen164
\tagshift@=\dimen165
\tagwidth@=\dimen166
\totwidth@=\dimen167
\lineht@=\dimen168
\@envbody=\toks29
\multlinegap=\skip77
\multlinetaggap=\skip78
\mathdisplay@stack=\toks30
LaTeX Info: Redefining \[ on input line 2953.
LaTeX Info: Redefining \] on input line 2954.
)
\@LN@amsmath@ams@eqpen=\count305

(/usr/local/texlive/2025/texmf-dist/tex/latex/amsfonts/amssymb.sty
Package: amssymb 2013/01/14 v3.01 AMS font symbols

(/usr/local/texlive/2025/texmf-dist/tex/latex/amsfonts/amsfonts.sty
Package: amsfonts 2013/01/14 v3.01 Basic AMSFonts support
\symAMSa=\mathgroup4
\symAMSb=\mathgroup5
LaTeX Font Info:    Redeclaring math symbol \hbar on input line 98.
LaTeX Font Info:    Overwriting math alphabet `\mathfrak' in version `bold'
(Font)                  U/euf/m/n --> U/euf/b/n on input line 106.
))
(/usr/local/texlive/2025/texmf-dist/tex/generic/ulem/ulem.sty
\UL@box=\box56
\UL@hyphenbox=\box57
\UL@skip=\skip79
\UL@hook=\toks31
\UL@height=\dimen169
\UL@pe=\count306
\UL@pixel=\dimen170
\ULC@box=\box58
Package: ulem 2019/11/18
\ULdepth=\dimen171
)
LaTeX Info: Redefining \sf on input line 36.

(/usr/local/texlive/2025/texmf-dist/tex/latex/oberdiek/settobox.sty
Package: settobox 2016/05/16 v1.5 Assign box dimensions to length registers (HO
)
)
(/usr/local/texlive/2025/texmf-dist/tex/latex/letltxmacro/letltxmacro.sty
Package: letltxmacro 2019/12/03 v1.6 Let assignment for LaTeX macros (HO)
)
\DIFdelgraphicsbox=\box59
\DIFdelgraphicswidth=\skip80
\DIFdelgraphicsheight=\skip81
LaTeX Info: Redefining \DIFaddbegin on input line 83.
LaTeX Info: Redefining \DIFaddend on input line 84.
LaTeX Info: Redefining \DIFdelbegin on input line 85.
LaTeX Info: Redefining \DIFdelend on input line 86.
LaTeX Info: Redefining \DIFaddbeginFL on input line 91.
LaTeX Info: Redefining \DIFaddendFL on input line 92.
LaTeX Info: Redefining \DIFdelbeginFL on input line 93.
LaTeX Info: Redefining \DIFdelendFL on input line 94.

(/usr/local/texlive/2025/texmf-dist/tex/latex/listings/listings.sty
\lst@mode=\count307
\lst@gtempboxa=\box60
\lst@token=\toks32
\lst@length=\count308
\lst@currlwidth=\dimen172
\lst@column=\count309
\lst@pos=\count310
\lst@lostspace=\dimen173
\lst@width=\dimen174
\lst@newlines=\count311
\lst@lineno=\count312
\lst@maxwidth=\dimen175

(/usr/local/texlive/2025/texmf-dist/tex/latex/listings/lstpatch.sty
File: lstpatch.sty 2024/09/23 1.10c (Carsten Heinz)
)
(/usr/local/texlive/2025/texmf-dist/tex/latex/listings/lstmisc.sty
File: lstmisc.sty 2024/09/23 1.10c (Carsten Heinz)
\c@lstnumber=\count313
\lst@skipnumbers=\count314
\lst@framebox=\box61
)
(/usr/local/texlive/2025/texmf-dist/tex/latex/listings/listings.cfg
File: listings.cfg 2024/09/23 1.10c listings configuration
))
Package: listings 2024/09/23 1.10c (Carsten Heinz)

(/usr/local/texlive/2025/texmf-dist/tex/latex/l3backend/l3backend-pdftex.def
File: l3backend-pdftex.def 2024-05-08 L3 backend support: PDF output (pdfTeX)
\l__color_backend_stack_int=\count315
\l__pdf_internal_box=\box62
)
(./changes_marked.aux)
\openout1 = `changes_marked.aux'.

LaTeX Font Info:    Checking defaults for OML/cmm/m/it on input line 113.
LaTeX Font Info:    ... okay on input line 113.
LaTeX Font Info:    Checking defaults for OMS/cmsy/m/n on input line 113.
LaTeX Font Info:    ... okay on input line 113.
LaTeX Font Info:    Checking defaults for OT1/cmr/m/n on input line 113.
LaTeX Font Info:    ... okay on input line 113.
LaTeX Font Info:    Checking defaults for T1/cmr/m/n on input line 113.
LaTeX Font Info:    ... okay on input line 113.
LaTeX Font Info:    Checking defaults for TS1/cmr/m/n on input line 113.
LaTeX Font Info:    ... okay on input line 113.
LaTeX Font Info:    Checking defaults for OMX/cmex/m/n on input line 113.
LaTeX Font Info:    ... okay on input line 113.
LaTeX Font Info:    Checking defaults for U/cmr/m/n on input line 113.
LaTeX Font Info:    ... okay on input line 113.

(/usr/local/texlive/2025/texmf-dist/tex/context/base/mkii/supp-pdf.mkii
[Loading MPS to PDF converter (version 2006.09.02).]
\scratchcounter=\count316
\scratchdimen=\dimen176
\scratchbox=\box63
\nofMPsegments=\count317
\nofMParguments=\count318
\everyMPshowfont=\toks33
\MPscratchCnt=\count319
\MPscratchDim=\dimen177
\MPnumerator=\count320
\makeMPintoPDFobject=\count321
\everyMPtoPDFconversion=\toks34
) (/usr/local/texlive/2025/texmf-dist/tex/latex/epstopdf-pkg/epstopdf-base.sty
Package: epstopdf-base 2020-01-24 v2.11 Base part for package epstopdf
Package epstopdf-base Info: Redefining graphics rule for `.eps' on input line 4
85.

(/usr/local/texlive/2025/texmf-dist/tex/latex/latexconfig/epstopdf-sys.cfg
File: epstopdf-sys.cfg 2010/07/13 v1.3 Configuration of (r)epstopdf for TeX Liv
e
))
\c@maskedRefs=\count322

(/usr/local/texlive/2025/texmf-dist/tex/latex/apacite/english.apc
File: english.apc 2013/07/21 v6.03 apacite language file
LaTeX Info: Redefining \BPBI on input line 129.
LaTeX Info: Redefining \BHBI on input line 130.
)

Package trackchanges Warning: TrackChanges is not compatable with the 
(trackchanges)                'ulem' package.
(trackchanges)                Use the 'soul' package instead.

\c@lstlisting=\count323
LaTeX Font Info:    Trying to load font information for U+msa on input line 123
.
(/usr/local/texlive/2025/texmf-dist/tex/latex/amsfonts/umsa.fd
File: umsa.fd 2013/01/14 v3.01 AMS symbols A
)
LaTeX Font Info:    Trying to load font information for U+msb on input line 123
.

(/usr/local/texlive/2025/texmf-dist/tex/latex/amsfonts/umsb.fd
File: umsb.fd 2013/01/14 v3.01 AMS symbols B
)
Overfull \hbox (11.43234pt too wide) in paragraph at lines 134--135
[]\OT1/cmr/m/n/10 Aggregating floc data over-es-ti-mates 3D frac-tal di-men-sio
n due to struc-tural di-ver- 
 []


Overfull \hbox (20.72987pt too wide) in paragraph at lines 135--136
[]\OT1/cmr/m/n/10 Stratifying by 2D [][]|   []   |   []   |   []   |   []   |  
 []   |   []   |   []   |   []   |   [] 
 []


Overfull \hbox (23.53543pt too wide) in paragraph at lines 135--136
|   []   |   []   [][][][]\OT1/cmr/m/n/10 box-counting di-men-sion re-veals tre
nds with shear ve-loc-ity and [][]or-ganic mat- 
 []


Overfull \hbox (12.97975pt too wide) in paragraph at lines 136--137
[]|   []   |   []   |   []   |   []   |   []   |   []   |   []   |   []   [][][
][]\OT1/cmr/m/n/10 Re-vised frac- 
 []


Overfull \hbox (19.93233pt too wide) in paragraph at lines 136--137
\OT1/cmr/m/n/10 tal di-men-sions in-di-cate lower set-tling rates [][]than con-
ven-tional ag-gre-gated es-ti-mates[][]|   [] 
 []



[1{/usr/local/texlive/2025/texmf-var/fonts/map/pdftex/updmap/pdftex.map}]
Overfull \hbox (0.98798pt too wide) in paragraph at lines 140--144
\OT1/cmr/m/n/10 Mud builds coastal land-scapes and [][]|   []   |   []   |   []
   |   []   [][][][]car-ries pol-lu-tants 
 []


Overfull \hbox (4.7657pt too wide) in paragraph at lines 140--144
\OT1/cmr/m/n/10 and [][]car-bon, yet pre-dict-ing its trans-port is dif-fi-cult
 be-cause mud ag-gre-gates into flocs [][]|   [] 
 []


Overfull \hbox (18.43233pt too wide) in paragraph at lines 140--144
|   []   |   []   |   []   |   []   |   []   |   [][][][][]\OT1/cmr/m/n/10 that
 con-trol its set-tling rate in river[][], es-tu-ar-ine, and 
 []


Overfull \hbox (11.84906pt too wide) in paragraph at lines 140--144
\OT1/cmr/m/n/10 ma-rine [][]|   [][][][][]settings[][]. Flocs are typ-i-cally c
har-ac-ter-ized us-ing frac-tal the-ory with 
 []


Overfull \hbox (7.5157pt too wide) in paragraph at lines 140--144
\OT1/cmr/m/n/10 ferred from ag-gre-gat-ing [][]floc size--settling ve-loc-ity d
ata[][]|   []   |   []   [][][][], de-spite a di-ver-sity 
 []


Overfull \hbox (10.0712pt too wide) in paragraph at lines 140--144
\OT1/cmr/m/n/10 of [][]com-plex frac-tal struc-tures. We con-ducted ex-per-i-me
nts on fresh-wa-ter flocs un-der var- 
 []


Overfull \hbox (11.23782pt too wide) in paragraph at lines 140--144
\OT1/cmr/m/n/10 ied shear stress and or-ganic [][]|   []   |   []   [][][][]con
-cen-tra-tion [][]to char-ac-ter-ize this di- 
 []


Overfull \hbox (12.86871pt too wide) in paragraph at lines 140--144
\OT1/cmr/m/n/10 ver-sity. [][]|   []   |   []   |   []   |   []   |   []   |   
[]   |   []   |   []   |   []   |   []   |   []   |   [] 
 []


Overfull \hbox (7.73796pt too wide) in paragraph at lines 140--144
|   []   |   []   |   []   |   []   |   []   |   []   |   []   [][]\OT1/cmr/m/n
/10 Rather than the con-ven-tional ap-proach 
 []


Overfull \hbox (4.9799pt too wide) in paragraph at lines 140--144
\OT1/cmr/m/n/10 of ag-gre-gat-ing [][]|   []   [][]set-tling data to in-fer [][
]|   []   |   []   |   []   |   []   [][]$\OML/cmm/m/it/10 n[]$\OT1/cmr/m/n/10 
, we grouped mea-sure-ments 
 []


Overfull \hbox (42.15475pt too wide) in paragraph at lines 140--144
\OT1/cmr/m/n/10 by the two-dimensional [][]|   []   [][][][](2D) box-counting [
][]di-men-sion de-rived from [][]|   []   |   [][][][][]particle 
 []


Overfull \hbox (24.76585pt too wide) in paragraph at lines 140--144
\OT1/cmr/m/n/10 track-ing[][], thereby par-tially re-solv-ing struc-tural vari-
abil-ity. This strat-i-fied [][]|   []   [][][][]method 
 []


Overfull \hbox (7.09091pt too wide) in paragraph at lines 140--144
[][]\OT1/cmr/m/n/10 re-veals that $\OML/cmm/m/it/10 n[]$ \OT1/cmr/m/n/10 in-cre
ases with shear ve-loc-ity [][]|   []   |   []   |   []   |   []   [][]and de-c
reases with or- 
 []


Overfull \hbox (9.32126pt too wide) in paragraph at lines 140--144
\OT1/cmr/m/n/10 ganic mat-ter con-tent[][]|   []   |   []   |   []   |   [][][]
, trends that are ob-scured when data are ag-gre- 
 []


Overfull \hbox (24.59106pt too wide) in paragraph at lines 140--144
\OT1/cmr/m/n/10 gated. [][]|   []   |   []   |   []   |   []   |   []   |   [] 
  |   []   |   []   |   []   |   []   |   [] 
 []


Overfull \hbox (3.65462pt too wide) in paragraph at lines 140--144
|   []   |   []   |   []   |   []   |   []   |   []   |   []   |   []   |   [] 
  |   [] 
 []


Overfull \hbox (89.07246pt too wide) in paragraph at lines 140--144
|   []   |   []   |   []   |   []   |   []   |   []   |   []   |   []   |   [] 
  |   []   |   []   |   []   |   []   |   [] 
 []


Overfull \hbox (37.59912pt too wide) in paragraph at lines 140--144
[][]|   []   |   []   |   []   |   []   |   []   |   []   |   []   |   []   |  
 []   |   []   |   []   |   [] 
 []


Overfull \hbox (4.3132pt too wide) in paragraph at lines 140--144
|   []   |   []   |   []   |   []   |   []   |   []   [][][][]\OT1/cmr/m/n/10 T
he strat-i-fied anal-y-sis re-solves [][]$\OML/cmm/m/it/10 n[]$ [][]|   []   | 
  []   |   []   |   [] 
 []


Overfull \hbox (23.12675pt too wide) in paragraph at lines 140--144
|   []   |   []   |   []   |   []   |   []   |   []   |   []   |   []   |   [] 
  |   []   |   []   |   []   |   []   |   [] 
 []


Overfull \hbox (1.79362pt too wide) in paragraph at lines 140--144
|   []   |   []   |   []   |   []   |   []   |   []   |   []   |   []   |   [][
][][][]\OT1/cmr/m/n/10 variations of 0.2--0.35 
 []


Overfull \hbox (9.7379pt too wide) in paragraph at lines 140--144
\OT1/cmr/m/n/10 units across ex-per-i-men-tal con-di-tions, whereas the con-ven
-tional ag-gre-gated ap-proach re- 
 []


Overfull \hbox (4.75955pt too wide) in paragraph at lines 140--144
\OT1/cmr/m/n/10 duces this range by roughly a fac-tor of five. The in-ferred pr
i-mary par-ti-cle di-am-e-ter $\OML/cmm/m/it/10 d[]$ 
 []


Overfull \hbox (8.14037pt too wide) in paragraph at lines 140--144
\OT1/cmr/m/n/10 co-varies with these con-di-tions, and the con-cur-rent vari-a-
tion of $\OML/cmm/m/it/10 n[]$\OT1/cmr/m/n/10 , $\OML/cmm/m/it/10 d[]$\OT1/cmr/
m/n/10 , and floc size in- 
 []


Overfull \hbox (3.12679pt too wide) in paragraph at lines 140--144
\OT1/cmr/m/n/10 tro-duces com-pet-ing ef-fects on set-tling ve-loc-ity[][]. Our
 ap-proach [][]|   []   |   []   |   []   [][]yields 
 []


Overfull \hbox (11.28546pt too wide) in paragraph at lines 140--144
\OT1/cmr/m/n/10 lower $\OML/cmm/m/it/10 n[]$ [][]|   []   |   []   |   []   [][
][][]\OT1/cmr/m/n/10 val-ues (1.6--2.1) than the canon-i-cal range, which prop-
a-gates non- 
 []


Overfull \hbox (1.96016pt too wide) in paragraph at lines 140--144
\OT1/cmr/m/n/10 lin-early into set-tling rates, im-ply-ing [][]that mud flocs a
re more porous [][]|   []   [][][][]and [][]set-tle more 
 []


Overfull \hbox (39.65463pt too wide) in paragraph at lines 140--144
\OT1/cmr/m/n/10 slowly [][]|   []   |   []   |   []   |   []   |   []   |   [] 
  |   []   |   []   |   []   |   []   |   []   |   []   |   [] 
 []


Overfull \hbox (22.64655pt too wide) in paragraph at lines 140--144
[][][][]\OT1/cmr/m/n/10 than ex-pected. We also find that the 2D-to-3D $\OML/cm
m/m/it/10 n[]$ \OT1/cmr/m/n/10 re-la-tion-ship can be de-scribed by a non- 
 []


Overfull \hbox (15.37682pt too wide) in paragraph at lines 140--144
\OT1/cmr/m/n/10 lin-ear model, con-sis-tent with em-pir-i-cal con-ver-sions for
 syn-thetic ag-gre-gates. Over-all, our 
 []


Overfull \hbox (13.68234pt too wide) in paragraph at lines 140--144
\OT1/cmr/m/n/10 re-sults in-di-cate that [][]mud re-ten-tion in flood-plains an
d deltas is less ef-fi-cient than cur-rent 
 []


Overfull \hbox (19.87679pt too wide) in paragraph at lines 140--144
\OT1/cmr/m/n/10 floc mod-els [][]|   []   |   []   |   []   [][][][]as-sume, at
 least in [][]the fresh-wa-ter con-di-tions [][]|   [] 
 []


Overfull \hbox (0.43236pt too wide) in paragraph at lines 140--144
|   []   [][][][]\OT1/cmr/m/n/10 we an-a-lyzed, with [][]im-pli-ca-tions for se
d-i-ment bud-gets, con-tam-i-nant dis-per- 
 []


LaTeX Font Warning: Font shape `OT1/cmr/m/n' in size <10.5> not available
(Font)              size <10.95> substituted on input line 148.


LaTeX Font Warning: Font shape `OT1/cmr/bx/n' in size <10.5> not available
(Font)              size <10.95> substituted on input line 148.


Overfull \hbox (22.87672pt too wide) in paragraph at lines 149--150
[]\OT1/cmr/m/n/10 Mud par-ti-cles in rivers tend to clump to-gether into clus-t
ers called flocs. How quickly 
 []


Overfull \hbox (5.98784pt too wide) in paragraph at lines 149--150
\OT1/cmr/m/n/10 these flocs sink de-ter-mines where mud is de-posited, shap-ing
 the growth of river deltas, 
 []


Overfull \hbox (23.82133pt too wide) in paragraph at lines 149--150
\OT1/cmr/m/n/10 flood-plains, and coast-lines. Pre-dict-ing this set-tling is c
hal-leng-ing be-cause flocs vary widely 
 []


Overfull \hbox (4.2379pt too wide) in paragraph at lines 149--150
\OT1/cmr/m/n/10 in struc-ture: some are dense and com-pact, while oth-ers are p
orous and loosely bound. 
 []


Overfull \hbox (9.9601pt too wide) in paragraph at lines 149--150
\OT1/cmr/m/n/10 Most stud-ies as-sume that all flocs have a sin-gle, uni-form s
truc-ture, which over-sim-pli-fies 
 []


Overfull \hbox (19.98785pt too wide) in paragraph at lines 149--150
\OT1/cmr/m/n/10 their be-hav-ior. In our ex-per-i-ments, we gen-er-ated flocs i
n fresh-wa-ter un-der con-trolled con- 
 []


Overfull \hbox (21.988pt too wide) in paragraph at lines 149--150
\OT1/cmr/m/n/10 di-tions with dif-fer-ent flow strengths and amounts of or-gani
c mat-ter. Us-ing high-resolution 
 []


Overfull \hbox (19.21014pt too wide) in paragraph at lines 149--150
\OT1/cmr/m/n/10 imag-ing, we mea-sured both their struc-ture and set-tling spee
d. We found that faster flows 
 []


Overfull \hbox (5.15459pt too wide) in paragraph at lines 149--150
\OT1/cmr/m/n/10 tend to pro-duce [][]smaller but [][]more com-pact flocs[][]|  
 []   |   []   |   []   |   [][][], while or-ganic 
 []


Overfull \hbox (31.04352pt too wide) in paragraph at lines 149--150
\OT1/cmr/m/n/10 mat-ter en-cour-ages the for-ma-tion of more open struc-tures t
hat set-tle more slowly. By group- 
 []


Overfull \hbox (9.73787pt too wide) in paragraph at lines 149--150
\OT1/cmr/m/n/10 ing flocs ac-cord-ing to their mea-sured struc-tural com-plex-i
ty, we re-vealed trends that are 
 []


Overfull \hbox (14.40451pt too wide) in paragraph at lines 149--150
\OT1/cmr/m/n/10 hid-den when data are [][]|   []   [][][][]av-er-aged [][]to-ge
ther. This new ap-proach re-duces bias in es- 
 []


Overfull \hbox (5.62683pt too wide) in paragraph at lines 149--150
\OT1/cmr/m/n/10 ti-mat-ing set-tling rates and im-proves pre-dic-tions of how m
ud moves through rivers and 
 []


Overfull \hbox (3.59908pt too wide) in paragraph at lines 149--150
\OT1/cmr/m/n/10 into es-tu-ar-ies and oceans, where salin-ity may fur-ther mod-
ify [][]|   []   |   []   [][][][]ag-gre- 
 []



[2]
Overfull \hbox (0.65318pt too wide) in paragraph at lines 153--154
[]\OT1/cmr/m/n/10 Fine-grained sed-i-ment, or mud, de-fined by par-ti-cles smal
ler than 62.5 \TS1/cmr/m/n/10 µ\OT1/cmr/m/n/10 m, dom- 
 []


Overfull \hbox (0.87685pt too wide) in paragraph at lines 153--154
\OT1/cmr/m/n/10 i-nates flu-vial sed-i-ment loads and rep-re-sents the [][]|   
[]   [][][][]dom-i-nant [][]ma-te-rial de-posited 
 []


Overfull \hbox (12.34912pt too wide) in paragraph at lines 153--154
\OT1/cmr/m/n/10 in low-land and deltaic en-vi-ron-ments []Healy et al.[], 2002;
 Kra-nen-burg, 1994; Lamb et al.[], 
 []


Overfull \hbox (14.57135pt too wide) in paragraph at lines 153--154
\OT1/cmr/m/n/10 2020; Nghiem et al.[], 2026). The dy-nam-ics of mud trans-port 
and de-po-si-tion there-fore ex- 
 []


Overfull \hbox (4.76572pt too wide) in paragraph at lines 153--154
\OT1/cmr/m/n/10 ert [][]a [][]first-order con-trol on the long-term evo-lu-tion
 of deltas, flood-plains, and es-tu-ar-ies 
 []


Overfull \hbox (16.48793pt too wide) in paragraph at lines 153--154
[]\OT1/cmr/m/n/10 Nghiem et al.[], 2022; Win-ter-w-erp, 2002), as well as on wa
-ter qual-ity, con-tam-i-nant fluxes, 
 []


Overfull \hbox (5.07126pt too wide) in paragraph at lines 153--154
\OT1/cmr/m/n/10 and the suc-cess of restora-tion in-ter-ven-tions []Droppo et a
l.[], 1997; Es-pos-ito et al.[], 2017; 
 []


Overfull \hbox (8.34904pt too wide) in paragraph at lines 153--154
\OT1/cmr/m/n/10 Kemp et al.[], 2016; Liss et al.[], 1996). Mud also plays a cen
-tral role in the global car-bon 
 []


Overfull \hbox (15.26576pt too wide) in paragraph at lines 153--154
\OT1/cmr/m/n/10 cy-cle by pro-vid-ing re-ac-tive min-eral sur-faces for or-gani
c car-bon ad-sorp-tion and long-term 
 []


Overfull \hbox (30.54344pt too wide) in paragraph at lines 155--156
[]\OT1/cmr/m/n/10 The ge-o-mor-phic and geo-chem-i-cal im-por-tance of mud ne-c
es-si-tates a mech-a-nis-tic frame- 
 []


Overfull \hbox (0.6824pt too wide) in paragraph at lines 155--156
\OT1/cmr/m/n/10 work for par-ti-cle trans-port and set-tling to en-able pre-dic
-tive mod-el-ing. Set-tling ve-loc- 
 []


Overfull \hbox (4.5157pt too wide) in paragraph at lines 155--156
\OT1/cmr/m/n/10 ity is a key pa-ram-e-ter in sediment-transport equa-tions and 
is com-monly es-ti-mated us- 
 []


Overfull \hbox (0.44916pt too wide) in paragraph at lines 155--156
\OT1/cmr/m/n/10 ing Stokes[][]|   []   [][][][]' [][]law, which gives the ter-m
i-nal set-tling ve-loc-ity ($\OML/cmm/m/it/10 w[]$\OT1/cmr/m/n/10 ) of smooth, 
im-per-me- 
 []


Overfull \hbox (34.48975pt too wide) in paragraph at lines 160--162
[][][][]\OT1/cmr/m/n/10 where $\OML/cmm/m/it/10 g \OT1/cmr/m/n/10 = 9\OML/cmm/m
/it/10 :\OT1/cmr/m/n/10 81 []$ is grav-i-ta-tional ac-cel-er-a-tion, $\OML/cmm/
m/it/10 ^^Z[] \OT1/cmr/m/n/10 ([])$ and [][]|   []   [][][][]$\OML/cmm/m/it/10 
^^Z[] \OT1/cmr/m/n/10 ([])$ 
 []


Overfull \hbox (10.69276pt too wide) in paragraph at lines 160--162
[][]\OT1/cmr/m/n/10 are the den-si-ties of the [][]|   []   |   []   |   []   |
   []   |   [][][][][]particle and fluid[][], $\OML/cmm/m/it/10 d \OT1/cmr/m/n/
10 (m)$ 
 []


Overfull \hbox (0.26558pt too wide) in paragraph at lines 163--167
[]\OT1/cmr/m/n/10 However, when ap-plied to fine-grained sed-i-ment, Stokes[][]
|   []   [][][][]' [][]law yields pre-dic-tions 
 []


Overfull \hbox (18.65465pt too wide) in paragraph at lines 163--167
\OT1/cmr/m/n/10 at odds with field ob-ser-va-tions. Con-sider a sin-gle [][]|  
 []   [][]|   []   |   []   |   []   |   []   |   []   |   [] 
 []


Overfull \hbox (32.20969pt too wide) in paragraph at lines 163--167
|   []   |   []   |   []   [][][][]$\OT1/cmr/m/n/10 1 []$ mud par-ti-cle [][]in
 a $5$[][]|   [][][][][] [][]m-deep river flow-ing at [][]|   [][][][][]$1 []$[
][]. 
 []


Overfull \hbox (9.76561pt too wide) in paragraph at lines 163--167
\OT1/cmr/m/n/10 Us-ing Stokes[][]|   []   [][][][]' [][]law pro-duces a set-tli
ng ve-loc-ity of [][]|   []   |   [][][][][]just $9 \OMS/cmsy/m/n/10 ^^B 
 []


Overfull \hbox (7.18245pt too wide) in paragraph at lines 163--167
\OT1/cmr/m/n/10 10[] []$[][], im-ply-ing a de-po-si-tion time [][]|   []   |   
[]   |   []   [][][][]greater than $600$ [][]days and a trans- 
 []


Overfull \hbox (2.09943pt too wide) in paragraph at lines 163--167
\OT1/cmr/m/n/10 port dis-tance ex-ceed-ing [][]|   [][][][][]$55[]000$ [][]km d
own-stream. This hy-po-thet-i-cal sce-nario con- 
 []


Overfull \hbox (29.65472pt too wide) in paragraph at lines 163--167
\OT1/cmr/m/n/10 flicts sharply with field ob-ser-va-tions of mud de-po-si-tion 
[][]in flu-vial and coastal set-tings [][][]Lamb 
 []


Overfull \hbox (11.07135pt too wide) in paragraph at lines 163--167
\OT1/cmr/m/n/10 et al.[], 2020; Ma-son & Mohrig, 2019; Nicholas & Walling, 1996
)[][]|   []   |   []   |   []   |   [] 
 []


Overfull \hbox (43.57135pt too wide) in paragraph at lines 163--167
|   []   |   []   |   []   |   []   |   []   |   []   |   []   |   []   |   [] 
  |   []   |   []   |   []   |   [] 
 []


Overfull \hbox (19.79361pt too wide) in paragraph at lines 163--167
|   []   |   []   |   []   |   []   |   []   |   []   |   []   |   []   |   [] 
  [][]|   []   |   []   |   []   |   [] 
 []


Overfull \hbox (8.6824pt too wide) in paragraph at lines 163--167
|   []   |   []   |   []   |   []   |   []   |   []   |   []   |   []   |   [] 
  |   []   |   [] 
 []


Overfull \hbox (2.96014pt too wide) in paragraph at lines 163--167
|   []   |   []   |   []   |   []   |   []   |   []   |   []   |   []   |   [] 
  |   []   |   []   |   []   |   []   |   []   |   [] 
 []


Overfull \hbox (16.29343pt too wide) in paragraph at lines 168--169
[]\OT1/cmr/m/n/10 This dis-crep-ancy in-di-cates that mud set-tles far more rap
idly than pre-dicted for iso- 
 []


Overfull \hbox (6.09904pt too wide) in paragraph at lines 168--169
\OT1/cmr/m/n/10 lated par-ti-cles, [][]|   []   |   []   |   []   |   []   [][]
[][]point-ing to [][]ad-di-tional phys-i-cal pro-cesses. The 
 []


Overfull \hbox (3.73792pt too wide) in paragraph at lines 168--169
\OT1/cmr/m/n/10 de-vi-a-tion arises be-cause sus-pended mud par-ti-cles floc-cu
-late, form-ing larger ag-gre-gates 
 []


Overfull \hbox (9.7102pt too wide) in paragraph at lines 168--169
[][]|   []   |   []   [][]\OT1/cmr/m/n/10 com-posed of in-di-vid-ual pri-mary p
ar-ti-cles [][]|   []   |   []   |   []   |   [] 
 []


Overfull \hbox (5.7102pt too wide) in paragraph at lines 168--169
|   []   |   []   [][]\OT1/cmr/m/n/10 that set-tle much faster than their [][]|
   []   [][][][]in-di-vid-ual [][]con-stituents []Droppo 
 []


Overfull \hbox (3.59908pt too wide) in paragraph at lines 168--169
\OT1/cmr/m/n/10 et al.[], 1997; John-son et al.[], 1996; Kra-nen-burg, 1994). T
hese floc-cu-lated ag-gre-gates, or 
 []


Overfull \hbox (5.65453pt too wide) in paragraph at lines 168--169
\OT1/cmr/m/n/10 flocs, are highly porous rather than dense, im-per-me-able sphe
res, so their ef-fec-tive den- 
 []


Overfull \hbox (8.8212pt too wide) in paragraph at lines 168--169
\OT1/cmr/m/n/10 sity de-creases with in-creas-ing size []Kranenburg, 1994; Meak
in, 1992). Be-cause flocs ex- 
 []


Overfull \hbox (0.48811pt too wide) in paragraph at lines 168--169
\OT1/cmr/m/n/10 hibit ap-prox-i-mately self-similar frac-tal or-gan-i-za-tion [
]Family & Lan-dau, 2012; Jul-lien, 
 []


Overfull \hbox (13.23785pt too wide) in paragraph at lines 168--169
\OT1/cmr/m/n/10 1987), their hi-er-ar-chi-cal struc-ture can be de-scribed by a
 [][]|   []   [][]frac-tal mass--size scal- 
 []


Overfull \hbox (14.30731pt too wide) in paragraph at lines 172--174
\OT1/cmr/m/n/10 where $\OML/cmm/m/it/10 N$ \OT1/cmr/m/n/10 is the num-ber of pr
i-mary par-ti-cles (di-men-sion-less), $\OML/cmm/m/it/10 d[]$ \OT1/cmr/m/n/10 i
s the floc di-am-e-ter (m), 
 []


Overfull \hbox (12.19598pt too wide) in paragraph at lines 172--174
\OML/cmm/m/it/10 d[]$ \OT1/cmr/m/n/10 is the pri-mary par-ti-cle di-am-e-ter (m
), and $\OML/cmm/m/it/10 n[]$ \OT1/cmr/m/n/10 is the [][]|   []   [][]frac-tal 
di-men-sion (di-men-sion- 
 []


Overfull \hbox (20.68245pt too wide) in paragraph at lines 175--176
[]\OT1/cmr/m/n/10 Building on Eq. [], the frac-tion of the floc vol-ume [][]|  
 []   [][]oc-cu-pied by solid grains 
 []


Overfull \hbox (14.01567pt too wide) in paragraph at lines 175--176
\OT1/cmr/m/n/10 is the ra-tio of solid vol-ume to the en-clos-ing floc vol-ume.
 Be-cause the solid vol-ume scales 
 []


Overfull \hbox (9.69617pt too wide) in paragraph at lines 175--176
\OT1/cmr/m/n/10 with $\OML/cmm/m/it/10 N$ \OT1/cmr/m/n/10 times the monomer vol
-ume while the en-clo-sure scales with $\OML/cmm/m/it/10 d[]$\OT1/cmr/m/n/10 , 
the solid vol-ume 
 []


Overfull \hbox (20.16222pt too wide) in paragraph at lines 175--176
\OT1/cmr/m/n/10 frac-tion [][]|   []   [][][][]$\OML/cmm/m/it/10 ^^^$ [][]\OT1/
cmr/m/n/10 de-creases with size ap-prox-i-mately as [][]|   [][][][][]$(\OML/cm
m/m/it/10 d[]=d[]\OT1/cmr/m/n/10 )[]$[][]. For a porous 
 []


Overfull \hbox (3.62671pt too wide) in paragraph at lines 175--176
\OT1/cmr/m/n/10 ag-gre-gate whose pores are filled by am-bi-ent wa-ter, the flo
c[][]|   [][][][][]'[][]s sub-merged spe-cific grav- 
 []


Overfull \hbox (6.57124pt too wide) in paragraph at lines 175--176
\OT1/cmr/m/n/10 ity equals this solid frac-tion times the [][]|   []   |   [][]
[][][]solid'[][]s sub-merged spe-cific grav- 
 []



[3{/usr/local/texlive/2025/texmf-dist/fonts/enc/dvips/cm-super/cm-super-ts1.enc
}]
Overfull \hbox (15.95837pt too wide) in paragraph at lines 179--181
[][][][][][][][]\OT1/cmr/m/n/10 where $\OML/cmm/m/it/10 R[]$ \OT1/cmr/m/n/10 an
d [][]|   []   [][][][]$\OML/cmm/m/it/10 R[]$ [][]\OT1/cmr/m/n/10 are the sub-m
erged spe-cific [][]|   []   [][][][]grav-ity [][]of the floc and pri-mary 
 []


Overfull \hbox (12.52037pt too wide) in paragraph at lines 179--181
\OT1/cmr/m/n/10 par-ti-cles, re-spec-tively (both di-men-sion-less), [][]|   []
   |   []   |   []   [][][][]$\OML/cmm/m/it/10 ^^Z$ \OT1/cmr/m/n/10 is [][]par-
ti-cle den-sity (kgm$[]$), 
 []


Overfull \hbox (2.17339pt too wide) in paragraph at lines 179--181
\OT1/cmr/m/n/10 and $\OML/cmm/m/it/10 ^^Z[]$ \OT1/cmr/m/n/10 is wa-ter den-sity
 (kgm$[]$). Since a dense solid sphere has [][]|   []   [][]vol-ume that scales
 
 []


Overfull \hbox (11.96013pt too wide) in paragraph at lines 182--183
[]\OT1/cmr/m/n/10 Substituting Eq. [] into Eq. [] gives an ex-plicit ex-pres-si
on for the set-tling ve-loc- 
 []


Overfull \hbox (19.98802pt too wide) in paragraph at lines 186--188
[][][][][][][][]\OT1/cmr/m/n/10 where $\OML/cmm/m/it/10 w[]$ \OT1/cmr/m/n/10 is
 the set-tling ve-loc-ity (ms$[]$)[][], $\OML/cmm/m/it/10 g$ \OT1/cmr/m/n/10 is
 grav-i-ta-tional ac-cel-er-a-tion (ms$[]$), $\OML/cmm/m/it/10 ^^W$ \OT1/cmr/m/
n/10 is kine- 
 []


Overfull \hbox (1.04355pt too wide) in paragraph at lines 186--188
\OT1/cmr/m/n/10 matic vis-cos-ity (m$[]$s$[]$), [][]and $\OML/cmm/m/it/10 b[]$ 
\OT1/cmr/m/n/10 is a di-men-sion-less shape fac-tor (with [][]|   []   [][][][]
$\OML/cmm/m/it/10 b[] \OT1/cmr/m/n/10 = 18$ 
 []


Overfull \hbox (5.45209pt too wide) in paragraph at lines 189--191
[]\OT1/cmr/m/n/10 In prac-tice, ap-ply-ing Eq. [] re-quires an ap-pro-pri-ate f
rac-tal di-men-sion $\OML/cmm/m/it/10 n[]$\OT1/cmr/m/n/10 , which 
 []


Overfull \hbox (11.82126pt too wide) in paragraph at lines 189--191
\OT1/cmr/m/n/10 cap-tures how floc struc-ture mod-i-fies set-tling ve-loc-ity. 
Ex-per-i-men-tal and field stud-ies of- 
 []


Overfull \hbox (3.12679pt too wide) in paragraph at lines 189--191
\OT1/cmr/m/n/10 pri-mar-ily for saline es-tu-ar-ine/-coastal flocs where elec-t
ro-chem-i-cal in-ter-ac-tions pro-mote 
 []


Overfull \hbox (3.39636pt too wide) in paragraph at lines 189--191
\OT1/cmr/m/n/10 more com-pact ag-gre-gates; fresh-wa-ter flocs more of-ten show
 lower $\OML/cmm/m/it/10 n[]$ \OT1/cmr/m/n/10 ($\U/msa/m/n/10 . \OT1/cmr/m/n/10
 2$), with over- 
 []


Overfull \hbox (8.51573pt too wide) in paragraph at lines 189--191
\OT1/cmr/m/n/10 lap de-pend-ing on tur-bu-lence and com-po-si-tion [][][][]Wint
erwerp, 1998; J. Win-ter-w-erp et al.[], 
 []


Overfull \hbox (30.67654pt too wide) in paragraph at lines 189--191
\OT1/cmr/m/n/10 2006)[]. With all other pa-ram-e-ters held fixed, Eq. [] gives 
[][]|   []   [][][][]$\OML/cmm/m/it/10 w[] \OMS/cmsy/m/n/10 / \OML/cmm/m/it/10 
d[]$ [][][]\OT1/cmr/m/n/10 Johnson 
 []


Overfull \hbox (4.12973pt too wide) in paragraph at lines 189--191
\OT1/cmr/m/n/10 et al.[], 1996; Li & Ganczarczyk, 1989). Mea-sure-ments of $\OM
L/cmm/m/it/10 w[]$ \OT1/cmr/m/n/10 and $\OML/cmm/m/it/10 d[]$ \OT1/cmr/m/n/10 a
cross a floc pop-u- 
 []


Overfull \hbox (9.46896pt too wide) in paragraph at lines 189--191
\OT1/cmr/m/n/10 la-tion there-fore al-low $\OML/cmm/m/it/10 n[]$ \OT1/cmr/m/n/1
0 to be in-ferred from the [][]|   []   [][][][]log{log [][]slope of the $\OML/
cmm/m/it/10 w[]$[][]|   [][][][][]\OT1/cmr/m/n/10 {[][]$\OML/cmm/m/it/10 d[]$ \
OT1/cmr/m/n/10 re- 
 []


Overfull \hbox (8.1825pt too wide) in paragraph at lines 189--191
\OT1/cmr/m/n/10 la-tion []Kranenburg, 1994; Strom & Key-vani, 2011; Win-ter-w-e
rp, 1998, 2002; J. C. Win- 
 []


Overfull \hbox (14.23781pt too wide) in paragraph at lines 189--191
\OT1/cmr/m/n/10 ter-w-erp & Van Kesteren, 2004; J. Win-ter-w-erp et al.[], 2006
). In gen-eral, this in-fer-ence as- 
 []


Overfull \hbox (1.37682pt too wide) in paragraph at lines 189--191
\OT1/cmr/m/n/10 sumes that floc per-me-abil-ity is in-de-pen-dent of floc size.
 If per-me-abil-ity in-stead varies 
 []


Overfull \hbox (5.12685pt too wide) in paragraph at lines 189--191
\OT1/cmr/m/n/10 sys-tem-at-i-cally with $\OML/cmm/m/it/10 d[]$\OT1/cmr/m/n/10 ,
 the ob-served scal-ing re-la-tion may re-flect both frac-tal struc-ture 
 []


Overfull \hbox (12.46016pt too wide) in paragraph at lines 192--193
[]\OT1/cmr/m/n/10 Using a con-stant population-wide value for the frac-tal di-m
en-sion is con-ve-nient but 
 []


Overfull \hbox (2.00764pt too wide) in paragraph at lines 192--193
\OT1/cmr/m/n/10 re-stric-tive. []Khelifa and Hill (2006) showed that treat-ing 
$\OML/cmm/m/it/10 n[]$ \OT1/cmr/m/n/10 as con-stant fails to re-pro- 
 []


Overfull \hbox (14.75758pt too wide) in paragraph at lines 192--193
\OT1/cmr/m/n/10 duce the ob-served spread in set-tling ve-loc-i-ties and ar-gue
d that $\OML/cmm/m/it/10 n[]$ \OT1/cmr/m/n/10 can de-crease with floc 
 []


Overfull \hbox (4.81323pt too wide) in paragraph at lines 192--193
\OT1/cmr/m/n/10 size, mo-ti-vat-ing mod-els that pre-scribe a func-tion $\OML/c
mm/m/it/10 n[]\OT1/cmr/m/n/10 (\OML/cmm/m/it/10 d[]\OT1/cmr/m/n/10 )$, of-ten a
s a power law, to rep- 
 []


Overfull \hbox (14.54353pt too wide) in paragraph at lines 192--193
\OT1/cmr/m/n/10 re-sent within-population vari-abil-ity. In prac-tice, how-ever
, most ex-per-i-men-tal and image- 
 []


Overfull \hbox (18.39362pt too wide) in paragraph at lines 192--193
\OT1/cmr/m/n/10 based field stud-ies mea-sure only floc size $\OML/cmm/m/it/10 
d[]$ \OT1/cmr/m/n/10 and set-tling ve-loc-ity $\OML/cmm/m/it/10 w[]$ []\OT1/cmr
/m/n/10 Smith & Friedrichs, 
 []


Overfull \hbox (5.9602pt too wide) in paragraph at lines 192--193
\OT1/cmr/m/n/10 2015; Nghiem et al.[], 2024), so the frac-tal di-men-sion is no
t in-de-pen-dently ob-served and 
 []


Overfull \hbox (1.02745pt too wide) in paragraph at lines 192--193
\OT1/cmr/m/n/10 func-tions for $\OML/cmm/m/it/10 n[]$ \OT1/cmr/m/n/10 can-not b
e di-rectly tested. More-over, mod-els for $\OML/cmm/m/it/10 n[]\OT1/cmr/m/n/10
 (\OML/cmm/m/it/10 d[]\OT1/cmr/m/n/10 )$ im-plic-itly as- 
 []


Overfull \hbox (16.26572pt too wide) in paragraph at lines 192--193
\OT1/cmr/m/n/10 sume a unique frac-tal di-men-sion for a given floc size []Khel
ifa & Hill, 2006), whereas nat- 
 []


Overfull \hbox (3.26578pt too wide) in paragraph at lines 192--193
\OT1/cmr/m/n/10 u-ral floc pop-u-la-tions can con-tain mul-ti-ple flocs with co
m-pa-ra-ble $\OML/cmm/m/it/10 d[]$ \OT1/cmr/m/n/10 but dis-tinct in-ter- 
 []


Overfull \hbox (28.98pt too wide) in paragraph at lines 192--193
\OT1/cmr/m/n/10 nal struc-ture, and there-fore dis-tinct $\OML/cmm/m/it/10 n[]$
 []\OT1/cmr/m/n/10 Maggi, 2007). As a re-sult, stan-dard [][]|   []   [][][][]l
og{log 
 []


Overfull \hbox (12.22702pt too wide) in paragraph at lines 192--193
[][]\OT1/cmr/m/n/10 re-gres-sions of $\OML/cmm/m/it/10 w[]$ \OT1/cmr/m/n/10 on 
$\OML/cmm/m/it/10 d[]$ [][]|   []   [][]\OT1/cmr/m/n/10 treat struc-turally het
-ero-ge-neous pop-u-la-tions as ho-mo- 
 []


Overfull \hbox (15.73804pt too wide) in paragraph at lines 192--193
\OT1/cmr/m/n/10 ge-neous, and [][]|   []   |   []   |   []   [][][][]pool-ing [
][]such sub-pop-u-la-tions can mis-at-tribute between- 
 []



[4]
Overfull \hbox (10.76567pt too wide) in paragraph at lines 194--196
[]\OT1/cmr/m/n/10 To il-lus-trate this ef-fect, con-sider a pop-u-la-tion com-p
ris-ing three sub-groups of flocs, 
 []


Overfull \hbox (10.02333pt too wide) in paragraph at lines 194--196
\OT1/cmr/m/n/10 pri-mary par-ti-cles of the same di-am-e-ter ($\OML/cmm/m/it/10
 d[] \OT1/cmr/m/n/10 = 10[]$ [][]   [][]m). Ac-cord-ing to Eq. [], the slope 
 []


Overfull \hbox (2.82129pt too wide) in paragraph at lines 194--196
\OT1/cmr/m/n/10 of the [][]|   []   [][][][]log{log [][]re-la-tion-ship be-twee
n set-tling ve-loc-ity and floc di-am-e-ter for each 
 []


Overfull \hbox (1.50757pt too wide) in paragraph at lines 194--196
[][][][]\OT1/cmr/m/n/10 log{log [][]slopes cor-re-spond-ing to $\OML/cmm/m/it/1
0 n[] \OT1/cmr/m/n/10 = 1\OML/cmm/m/it/10 :\OT1/cmr/m/n/10 5$, $2\OML/cmm/m/it/
10 :\OT1/cmr/m/n/10 0$, and $2\OML/cmm/m/it/10 :\OT1/cmr/m/n/10 5$, re-spec-tiv
ely (Fig. 1[]). How-ever, 
 []


Overfull \hbox (1.4879pt too wide) in paragraph at lines 194--196
\OT1/cmr/m/n/10 if these floc sub-groups are com-bined into a sin-gle group and
 floc di-am-e-ter ($\OML/cmm/m/it/10 d[]$\OT1/cmr/m/n/10 ) is cor- 
 []


Overfull \hbox (7.00766pt too wide) in paragraph at lines 194--196
\OT1/cmr/m/n/10 re-lated with the 3D frac-tal di-men-sion ($\OML/cmm/m/it/10 n[
]$\OT1/cmr/m/n/10 ), then fit-ting a sin-gle power-law re-la-tion-ship 
 []


Overfull \hbox (15.01573pt too wide) in paragraph at lines 194--196
\OT1/cmr/m/n/10 to all points can yield a sub-stan-tially skewed and mis-lead-i
ng ex-po-nent. In Fig. 1[], the re- 
 []


Overfull \hbox (9.23796pt too wide) in paragraph at lines 194--196
\OT1/cmr/m/n/10 the set-tling be-hav-ior of smooth, im-per-me-able spheres, not
 flocs. This ex-am-ple par-al-lels 
 []


Overfull \hbox (17.09915pt too wide) in paragraph at lines 194--196
\OT1/cmr/m/n/10 Simp-son[][]|   [][][][][]'[][]s Para-dox []Simpson, 1951), a s
ta-tis-ti-cal phe-nomenon in which re-la-tion-ships ob- 
 []


Overfull \hbox (55.40474pt too wide) in paragraph at lines 194--196
\OT1/cmr/m/n/10 served within in-di-vid-ual sub-groups are re-versed, masked, o
r dis-torted [][]|   []   |   []   |   [][][][][]when 
 []


Overfull \hbox (10.34918pt too wide) in paragraph at lines 194--196
\OT1/cmr/m/n/10 data are pooled[][]. In the con-text of floc set-tling, [][]|  
 []   |   []   |   []   [][][][]pool-ing [][]struc-turally 
 []


Overfull \hbox (9.30237pt too wide) in paragraph at lines 194--196
\OT1/cmr/m/n/10 dis-tinct sub-pop-u-la-tions can pro-duce a global $\OML/cmm/m/
it/10 w[]$[][]|   [][][][][]\OT1/cmr/m/n/10 {[][]$\OML/cmm/m/it/10 d[]$ \OT1/cm
r/m/n/10 slope that im-plies an ap-par-ent $\OML/cmm/m/it/10 n[]$ 
 []


Overfull \hbox (14.53543pt too wide) in paragraph at lines 194--196
\OT1/cmr/m/n/10 in-con-sis-tent with the $\OML/cmm/m/it/10 n[]$ \OT1/cmr/m/n/10
 of any sub-group, so the in-ferred ``rep-re-sen-ta-tive'' frac-tal di-men- 
 []

<../figures/fig1.pdf, id=34, 1414.84224pt x 1414.84285pt>
File: ../figures/fig1.pdf Graphic file (type pdf)
<use ../figures/fig1.pdf>
Package pdftex.def Info: ../figures/fig1.pdf  used on input line 200.
(pdftex.def)             Requested size: 317.9892pt x 317.98048pt.

Underfull \hbox (badness 10000) in paragraph at lines 203--203
[]\OT1/cmr/bx/n/9 Figure  1. \OT1/cmr/m/n/9 Syn-thetic data il-lus-trat-ing Sim
p-son's Para-dox in floc set-tling. Three floc sub-groups,
 []


Underfull \hbox (badness 3019) in paragraph at lines 203--203
\OT1/cmr/m/n/9 each with a spe-cific 3D frac-tal di-men-sion ($\OML/cmm/m/it/9 
n[] \OT1/cmr/m/n/9 = 1\OML/cmm/m/it/9 :\OT1/cmr/m/n/9 5\OML/cmm/m/it/9 ;  \OT1/
cmr/m/n/9 2\OML/cmm/m/it/9 :\OT1/cmr/m/n/9 0\OML/cmm/m/it/9 ;  [] \OT1/cmr/m/n/
9 2\OML/cmm/m/it/9 :\OT1/cmr/m/n/9 5$), are shown. By Eq. [], the
 []


Underfull \hbox (badness 10000) in paragraph at lines 203--203
\OT1/cmr/m/n/9 slope of the log--log re-la-tion-ship be-tween set-tling ve-loc-
ity ($\OML/cmm/m/it/9 w[]$\OT1/cmr/m/n/9 ) and floc di-am-e-ter ($\OML/cmm/m/it
/9 d[]$\OT1/cmr/m/n/9 ) is $\OML/cmm/m/it/9 n[] \OMS/cmsy/m/n/9 ^^@ \OT1/cmr/m/
n/9 1$.
 []


Underfull \hbox (badness 10000) in paragraph at lines 203--203
\OT1/cmr/m/n/9 Fit-ting each sub-group in-di-vid-u-ally re-cov-ers slopes of 0.
5, 1.0, and 1.5, as ex-pected. In con-trast,
 []


Underfull \hbox (badness 10000) in paragraph at lines 203--203
[]|   []   |   []   |   []   [][]\OT1/cmr/m/n/9 pool-ing []all points pro-duces
 a sin-gle power-law fit (red line) with a mis-lead-ing
 []


Overfull \hbox (0.15459pt too wide) in paragraph at lines 207--208
[]\OT1/cmr/m/n/10 To es-ti-mate frac-tal di-men-sion in-de-pen-dently of set-tl
ing ve-loc-ity and floc di-am-e- 
 []


Overfull \hbox (3.98785pt too wide) in paragraph at lines 207--208
\OT1/cmr/m/n/10 ter, stud-ies have em-ployed image-based tech-niques that an-a-
lyze in situ 2D pro-jec-tions 
 []


Overfull \hbox (18.7935pt too wide) in paragraph at lines 207--208
\OT1/cmr/m/n/10 of flocs []Jarvis et al.[], 2005). These ap-proaches typ-i-call
y cal-cu-late a two-dimensional (2D) 
 []


Overfull \hbox (37.54361pt too wide) in paragraph at lines 207--208
\OT1/cmr/m/n/10 frac-tal di-men-sion from high-resolution im-ages, then in-fer 
the cor-re-spond-ing three-dimensional 
 []


Overfull \hbox (2.93239pt too wide) in paragraph at lines 207--208
\OT1/cmr/m/n/10 (3D) struc-ture via em-pir-i-cal or simulation-based re-la-tion
-ships. A com-mon method re- 
 []


Overfull \hbox (12.07123pt too wide) in paragraph at lines 207--208
\OT1/cmr/m/n/10 lates the perimeter--area scal-ing of pro-jected flocs to a 2D 
frac-tal di-men-sion, us-ing com- 
 []


Overfull \hbox (1.68239pt too wide) in paragraph at lines 207--208
\OT1/cmr/m/n/10 pu-ta-tion-ally gen-er-ated ag-gre-gates to de-rive a map-ping 
be-tween 2D and 3D frac-tal di- 
 []


Overfull \hbox (12.9324pt too wide) in paragraph at lines 207--208
\OT1/cmr/m/n/10 men-sion []Lee & Kramer, 2004; Maggi & Win-ter-w-erp, 2004; Tan
g & Maggi, 2015). How- 
 []


Overfull \hbox (15.76567pt too wide) in paragraph at lines 207--208
\OT1/cmr/m/n/10 ever, the re-la-tion-ship be-tween 2D and 3D frac-tal di-men-si
on is de-rived from syn-thetic ag- 
 []


Overfull \hbox (6.32132pt too wide) in paragraph at lines 207--208
\OT1/cmr/m/n/10 gre-gates, which may not repli-cate the ag-gre-ga-tion dy-nam-i
cs or struc-tural vari-abil-ity of 
 []


Overfull \hbox (1.43233pt too wide) in paragraph at lines 207--208
\OT1/cmr/m/n/10 nat-u-ral flocs. Projection-based es-ti-mates there-fore risk s
ys-tem-atic bias and, more im- 
 []


Overfull \hbox (10.87685pt too wide) in paragraph at lines 207--208
\OT1/cmr/m/n/10 por-tantly, do not re-cover the 3D frac-tal di-men-sion that di
-rectly con-trols set-tling be-hav- 
 []


Overfull \hbox (12.09904pt too wide) in paragraph at lines 209--210
[]\OT1/cmr/m/n/10 Although floc-cu-la-tion has been widely char-ac-ter-ized, ho
w within-population struc- 
 []


Overfull \hbox (17.48798pt too wide) in paragraph at lines 209--210
\OT1/cmr/m/n/10 tural het-ero-gene-ity af-fects set-tling re-mains un-cer-tain,
 par-tic-u-larly un-der nat-u-ral particle- 
 []


Overfull \hbox (16.35484pt too wide) in paragraph at lines 209--210
\OT1/cmr/m/n/10 size dis-tri-bu-tions and ag-gre-ga-tion path-ways. The cen-tra
l dif-fi-culty is that [][]|   []   [][][][]$\OML/cmm/m/it/10 w[]$\OT1/cmr/m/n/
10 {$\OML/cmm/m/it/10 d[]$ 
 []


Overfull \hbox (6.71022pt too wide) in paragraph at lines 209--210
[][]\OT1/cmr/m/n/10 re-gres-sions alone do not con-di-tion on struc-ture, so []
[]|   []   |   []   |   []   [][][][]pool-ing [][]dis-tinct 
 []


Overfull \hbox (14.72997pt too wide) in paragraph at lines 209--210
\OT1/cmr/m/n/10 sub-pop-u-la-tions can pro-duce an ap-par-ent re-la-tion and in
-ferred $\OML/cmm/m/it/10 n[]$ \OT1/cmr/m/n/10 that is bi-ased by [][]data- 
 []


Overfull \hbox (0.98788pt too wide) in paragraph at lines 209--210
\OT1/cmr/m/n/10 pooling ([][]Simpson-type[][]) [][]ef-fects. To ad-dress this b
ias, we use im-ages from ex-per-i-ments 
 []


Overfull \hbox (13.57138pt too wide) in paragraph at lines 209--210
\OT1/cmr/m/n/10 to strat-ify the floc pop-u-la-tion by the [][]|   []   |   [][
][]2D [][]|   []   |   []   |   []   |   []   [][]box- 
 []


Overfull \hbox (10.03252pt too wide) in paragraph at lines 209--210
\OT1/cmr/m/n/10 counting [][]|   []   [][][][]di-men-sion [][]and within each s
ub-group, regress set-tling ve-loc-ity $\OML/cmm/m/it/10 w[]$ \OT1/cmr/m/n/10 a
gainst floc 
 []


Overfull \hbox (6.46025pt too wide) in paragraph at lines 209--210
\OT1/cmr/m/n/10 di-am-e-ter $\OML/cmm/m/it/10 d[]$ \OT1/cmr/m/n/10 to es-ti-mat
e the hy-dro-dy-nam-i-cally rel-e-vant [][]|   []   |   [][][]3D [][]|   []   [
][]frac-tal 
 []


Overfull \hbox (2.89655pt too wide) in paragraph at lines 209--210
\OT1/cmr/m/n/10 di-men-sion $\OML/cmm/m/it/10 n[]$\OT1/cmr/m/n/10 . This con-di
-tion-ing step pro-vides a prin-ci-pled way to sep-a-rate struc-tural 
 []


Overfull \hbox (33.84105pt too wide) in paragraph at lines 209--210
\OT1/cmr/m/n/10 het-ero-gene-ity from size scal-ing with-out pre-scrib-ing a po
pulation-level clo-sure such as $\OML/cmm/m/it/10 n[]\OT1/cmr/m/n/10 (\OML/cmm/
m/it/10 d[]\OT1/cmr/m/n/10 )$: 
 []


Overfull \hbox (5.03558pt too wide) in paragraph at lines 209--210
\OT1/cmr/m/n/10 that is, $\OML/cmm/m/it/10 n[]$ \OT1/cmr/m/n/10 is in-ferred hy
-dro-dy-nam-i-cally within ap-prox-i-mately ho-mo-ge-neous struc-tural 
 []


Overfull \hbox (19.98795pt too wide) in paragraph at lines 209--210
\OT1/cmr/m/n/10 classes. The as-sump-tion is that flocs with sim-i-lar 2D [][]|
   []   [][][][]box-counting [][]di-men-sion have 
 []


Overfull \hbox (9.79346pt too wide) in paragraph at lines 211--212
[]\OT1/cmr/m/n/10 We eval-u-ate this frame-work in con-trolled lab-o-ra-tory ex
-per-i-ments de-signed to sim- 
 []


Overfull \hbox (7.28195pt too wide) in paragraph at lines 211--212
\OT1/cmr/m/n/10 u-late flocs in rivers with sys-tem-atic vari-a-tion in shear v
e-loc-ity [][]|   []   [][]and or-ganic mat-ter 
 []


Overfull \hbox (1.71025pt too wide) in paragraph at lines 211--212
\OT1/cmr/m/n/10 con-cen-tra-tion. High-resolution in situ imag-ing en-abled qua
n-tifi-ca-tion of floc mor-phol- 
 []


Overfull \hbox (9.43233pt too wide) in paragraph at lines 211--212
\OT1/cmr/m/n/10 ogy and set-tling tra-jec-to-ries. Specif-i-cally, we pur-sued 
three ob-jec-tives: (1) demon-strate 
 []


Overfull \hbox (9.4046pt too wide) in paragraph at lines 211--212
\OT1/cmr/m/n/10 the ex-is-tence of struc-turally dis-tinct sub-groups within th
e floc pop-u-la-tion, each char-ac- 
 []


Overfull \hbox (1.599pt too wide) in paragraph at lines 211--212
\OT1/cmr/m/n/10 ter-ized by a unique frac-tal di-men-sion; (2) [][]|   []   |  
 []   |   []   |   []   [][][][]re-late [][]2D 
 []


Overfull \hbox (16.32133pt too wide) in paragraph at lines 211--212
[][]|   []   |   []   |   []   |   [][][][][]\OT1/cmr/m/n/10 image{derived frac
-tal di-men-sions to settling-inferred 3D di-men- 
 []


Overfull \hbox (3.32123pt too wide) in paragraph at lines 211--212
\OT1/cmr/m/n/10 sions[][], and as-sess this re-la-tion-ship against the-o-ret-i
-cal pre-dic-tions; and (3) es-ti-mate the 
 []


Overfull \hbox (15.09296pt too wide) in paragraph at lines 211--212
\OT1/cmr/m/n/10 ef-fec-tive pri-mary par-ti-cle size ($\OML/cmm/m/it/10 d[]$\OT
1/cmr/m/n/10 ) and quan-tify how the hy-dro-dy-namic shape fac-tor ($\OML/cmm/m
/it/10 b[]$\OT1/cmr/m/n/10 ) 
 []


Overfull \hbox (8.39644pt too wide) in paragraph at lines 211--212
\OT1/cmr/m/n/10 varies as a func-tion of $\OML/cmm/m/it/10 n[]$\OT1/cmr/m/n/10 
. All ex-per-i-ments were con-ducted in fresh-wa-ter (salin-ity $\OMS/cmsy/m/n/
10 ^^Y \OT1/cmr/m/n/10 0$), 
 []


Overfull \hbox (14.8212pt too wide) in paragraph at lines 211--212
\OT1/cmr/m/n/10 so the re-sults iso-late the roles of shear and or-ganic bind-i
ng and are not in-tended as a di- 
 []


Overfull \hbox (0.6823pt too wide) in paragraph at lines 211--212
\OT1/cmr/m/n/10 rect con-straint for saline es-tu-ar-ies where salt-driven co-h
e-sion can fur-ther mod-ify floc- 
 []


Underfull \vbox (badness 10000) has occurred while \output is active []



[5]

[6 <../figures/fig1.pdf>]
Overfull \hbox (6.34904pt too wide) in paragraph at lines 217--219
[]\OT1/cmr/m/n/10 We per-formed floc-cu-la-tion ex-per-i-ments in a cus-tom mix
-ing tank de-signed to pro- 
 []


Overfull \hbox (9.26573pt too wide) in paragraph at lines 217--219
\OT1/cmr/m/n/10 vide con-trolled con-di-tions (Fig. 2[]a). The tank com-prises 
a cylin-dri-cal PVC pipe, 20 cm 
 []


Overfull \hbox (1.62677pt too wide) in paragraph at lines 217--219
\OT1/cmr/m/n/10 in di-am-e-ter and 60 cm tall, filled with wa-ter to a depth of
 40 cm. [][]The tank was filled 
 []


Overfull \hbox (8.76575pt too wide) in paragraph at lines 217--219
\OT1/cmr/m/n/10 with fresh tap wa-ter, used with-out fil-tra-tion or chem-i-cal
 mod-i-fi-ca-tion, and ex-per-i-ments 
 []


Overfull \hbox (6.4324pt too wide) in paragraph at lines 217--219
\OT1/cmr/m/n/10 were con-ducted at room tem-per-a-ture. [][]A motor-driven ro-t
at-ing lid, mounted above the 
 []


Overfull \hbox (13.32112pt too wide) in paragraph at lines 217--219
\OT1/cmr/m/n/10 open top and sub-merged just be-low the free sur-face, sets the
 de-sired shear. [][]For each ex- 
 []


Overfull \hbox (11.9323pt too wide) in paragraph at lines 217--219
\OT1/cmr/m/n/10 per-i-ment, the tank was filled with wa-ter and the mo-tor was 
started to es-tab-lish the tar- 
 []


Overfull \hbox (19.96016pt too wide) in paragraph at lines 217--219
\OT1/cmr/m/n/10 and the tank was mixed for 30 min to al-low flocs to form un-de
r sus-tained shear. The mo- 
 []


Overfull \hbox (16.32133pt too wide) in paragraph at lines 217--219
\OT1/cmr/m/n/10 tor was sub-se-quently stopped to ini-ti-ate set-tling, and vid
eo record-ing be-gan im-me-di-ately 
 []


Overfull \hbox (16.11522pt too wide) in paragraph at lines 220--221
[]\OT1/cmr/m/n/10 Shear ve-loc-ity, $\OML/cmm/m/it/10 u[]$\OT1/cmr/m/n/10 , was
 em-pir-i-cally cal-i-brated for each run by con-vert-ing mo-tor rev- 
 []


Overfull \hbox (23.67088pt too wide) in paragraph at lines 220--221
\OT1/cmr/m/n/10 o-lu-tions per minute to $\OML/cmm/m/it/10 u[]$ \OT1/cmr/m/n/10
 us-ing a re-la-tion-ship de-rived from pre-vi-ous sediment-entrainment 
 []


Overfull \hbox (6.40909pt too wide) in paragraph at lines 220--221
[][]|   []   |   []   |   []   |   []   |   []   |   []   |   []   |   []   |  
 []   |   [][][][][]\OT1/cmr/m/n/10 bed shear stress[][], and we treat 
 []


Overfull \hbox (12.58739pt too wide) in paragraph at lines 220--221
\OML/cmm/m/it/10 u[]$ \OT1/cmr/m/n/10 as [][]|   []   |   []   |   []   [][][][
]a char-ac-ter-is-tic [][]mea-sure of tur-bu-lent shear in-ten-sity be- 
 []


Overfull \hbox (29.23795pt too wide) in paragraph at lines 220--221
\OT1/cmr/m/n/10 cause the [][]|   []   |   []   |   []   |   []   [][][][]ro-ta
t-ing lid-driven flow field and bound-ary stresses 
 []


Overfull \hbox (0.65454pt too wide) in paragraph at lines 222--224
[]\OT1/cmr/m/n/10 During the mix-ing phase, the flow was fully tur-bu-lent. Thi
s is quan-ti-fied by the 
 []


Overfull \hbox (2.53087pt too wide) in paragraph at lines 222--224
\OT1/cmr/m/n/10 fric-tion Reynolds num-ber $\OML/cmm/m/it/10 Re[] \OT1/cmr/m/n/
10 = \OML/cmm/m/it/10 u[]h=^^W$\OT1/cmr/m/n/10 , where $\OML/cmm/m/it/10 h$ \OT
1/cmr/m/n/10 is the wa-ter depth and $\OML/cmm/m/it/10 ^^W$ \OT1/cmr/m/n/10 is 
the kine- 
 []


Overfull \hbox (1.50616pt too wide) in paragraph at lines 222--224
\OT1/cmr/m/n/10 matic vis-cos-ity of fresh-wa-ter. For $\OML/cmm/m/it/10 h \OT1
/cmr/m/n/10 = 0\OML/cmm/m/it/10 :\OT1/cmr/m/n/10 40$ m and $\OML/cmm/m/it/10 ^^
W \OMS/cmsy/m/n/10 ^^Y \OT1/cmr/m/n/10 1\OML/cmm/m/it/10 :\OT1/cmr/m/n/10 0 \OM
S/cmsy/m/n/10 ^^B \OT1/cmr/m/n/10 10[] []$ at room tem- 
 []


Overfull \hbox (31.98006pt too wide) in paragraph at lines 222--224
\OT1/cmr/m/n/10 per-a-ture, the im-posed shear ve-loc-i-ties $\OML/cmm/m/it/10 
u[] \OT1/cmr/m/n/10 = 0\OML/cmm/m/it/10 :\OT1/cmr/m/n/10 02$[][]|   [][][][][]{
[][]$0\OML/cmm/m/it/10 :\OT1/cmr/m/n/10 04$ m s$[]$ cor-re-spond to $\OML/cmm/m
/it/10 Re[] \OMS/cmsy/m/n/10 ^^Y \OT1/cmr/m/n/10 (8$[][]|   [][][][][]{[][]$16)
 \OMS/cmsy/m/n/10 ^^B 
 []


Overfull \hbox (38.30742pt too wide) in paragraph at lines 222--224
\OT1/cmr/m/n/10 10[]$, well within the fully tur-bu-lent regime for wall-bounde
d shear flows [][][][]Pope, 2000; Schlicht- 
 []


Overfull \hbox (40.00409pt too wide) in paragraph at lines 222--224
\OT1/cmr/m/n/10 ing & Ger-sten, 2000)[]. Across the floc-cu-la-tion ex-per-i-me
nts, we im-posed $\OML/cmm/m/it/10 u[] \OT1/cmr/m/n/10 = 0\OML/cmm/m/it/10 :\OT
1/cmr/m/n/10 02$[][]|   [][][][][]{[][]$0\OML/cmm/m/it/10 :\OT1/cmr/m/n/10 04$ 
m s$[]$ 
 []


Overfull \hbox (25.62683pt too wide) in paragraph at lines 222--224
\OT1/cmr/m/n/10 cal of suspension-dominated river chan-nels, suf-fi-cient for s
and en-train-ment but be-low those 
 []


Overfull \hbox (26.51558pt too wide) in paragraph at lines 225--226
[]\OT1/cmr/m/n/10 All image-based mea-sure-ments re-ported here were col-lected
 dur-ing the set-tling phase. 
 []


Overfull \hbox (15.37685pt too wide) in paragraph at lines 225--226
[][]\OT1/cmr/m/n/10 Sus-pended flocs were im-aged through a 3 [][]|   []   [][]
[][]mm-thick [][]flow-through slit built into 
 []


Overfull \hbox (2.37677pt too wide) in paragraph at lines 225--226
\OT1/cmr/m/n/10 the tank wall at the ob-ser-va-tion level. A DSLR fit-ted with 
a $5\OMS/cmsy/m/n/10 ^^B$ \OT1/cmr/m/n/10 mi-cro-scope ob-jec-tive 
 []


Overfull \hbox (15.32117pt too wide) in paragraph at lines 225--226
\OT1/cmr/m/n/10 was aligned with the slit to record flocs as they crossed the n
ar-row op-ti-cal path, en-hanc- 
 []


Overfull \hbox (4.04346pt too wide) in paragraph at lines 225--226
\OT1/cmr/m/n/10 ing im-age clar-ity and in-creas-ing the num-ber of fo-cused pa
r-ti-cles cap-tured by the cam- 
 []

<../figures/fig2.pdf, id=73, 2510.6586pt x 1036.19066pt>
File: ../figures/fig2.pdf Graphic file (type pdf)
<use ../figures/fig2.pdf>
Package pdftex.def Info: ../figures/fig2.pdf  used on input line 229.
(pdftex.def)             Requested size: 397.48499pt x 164.03886pt.

Underfull \hbox (badness 10000) in paragraph at lines 233--233
[]\OT1/cmr/bx/n/9 Figure  2. \OT1/cmr/m/n/9 (a) Schematic of the cus-tom floc-c
u-la-tion ap-pa-ra-tus. A cylin-dri-cal PVC tank (20 cm
 []


Underfull \hbox (badness 10000) in paragraph at lines 233--233
\OT1/cmr/m/n/9 di-am-e-ter, 60 cm height) is filled to 40 cm depth and stirred 
with a motor-driven []ro-tat-ing []lid just
 []


Underfull \hbox (badness 10000) in paragraph at lines 233--233
\OT1/cmr/m/n/9 be-low the sur-face. []|   []   |   []   |   []   |   []   |   [
]   |   []   |   []   []An ob-ser-va-tion slit (3 mm wide)
 []


Underfull \hbox (badness 10000) in paragraph at lines 233--233
\OT1/cmr/m/n/9 en-ables []|   []   |   [][] []in situ []imag-ing of sus-pended 
flocs with a DSLR cam-era and []|   []   [][]$5\OMS/cmsy/m/n/9 ^^B$ []\OT1/cmr/
m/n/9 mi-cro-scope
 []


Underfull \hbox (badness 10000) in paragraph at lines 233--233
\OT1/cmr/m/n/9 ob-jec-tive aligned for high-resolution fo-cus. []|   []   |   [
]   |   []   |   []   |   []   |   []
 []


Underfull \hbox (badness 10000) in paragraph at lines 233--233
[]\OT1/cmr/m/n/9 (b) Grain-size dis-tri-bu-tions of the dis-persed in-put sed-i
-ment mea-sured by []the []Mas-ter-sizer from
 []


Underfull \hbox (badness 10000) in paragraph at lines 233--233
[]\OT1/cmr/m/n/9 Nghiem (2025). Curves show pure sil-ica sand (SiO$[]$), mont-m
o-ril-lonite clay, and their 50:50
 []


Overfull \hbox (13.90448pt too wide) in paragraph at lines 239--240
[]\OT1/cmr/m/n/10 We con-ducted eight ex-per-i-men-tal runs in to-tal. The firs
t two were cal-i-bra-tion runs 
 []


Overfull \hbox (1.3768pt too wide) in paragraph at lines 239--240
\OT1/cmr/m/n/10 us-ing lab-o-ra-tory spheres and sil-ica grains, which do not f
loc-cu-late, to ver-ify the ac-cu- 
 []


Overfull \hbox (50.23807pt too wide) in paragraph at lines 239--240
\OT1/cmr/m/n/10 racy of our settling-velocity mea-sure-ments and pro-vide a bas
e-line for com-par-ing non-flocculating 
 []


Overfull \hbox (2.87679pt too wide) in paragraph at lines 239--240
\OT1/cmr/m/n/10 par-ti-cles to flocs un-der iden-ti-cal ex-per-i-men-tal con-di
-tions. The re-main-ing six runs sys- 
 []


Overfull \hbox (11.47643pt too wide) in paragraph at lines 239--240
\OT1/cmr/m/n/10 tem-at-i-cally var-ied shear ve-loc-ity [][]|   []   [][]and or
-ganic mat-ter (OM) con-tent, given that pre- 
 []


Overfull \hbox (23.12685pt too wide) in paragraph at lines 239--240
\OT1/cmr/m/n/10 vi-ous stud-ies have shown [][]that [][]tur-bu-lent shear lim-i
ts floc size by pro-mot-ing breakup, while 
 []


Overfull \hbox (14.84912pt too wide) in paragraph at lines 239--240
\OT1/cmr/m/n/10 or-ganic mat-ter en-hances [][]|   []   [][]ag-gre-ga-tion by b
ind-ing par-ti-cles []Nghiem et al.[], 2022). 
 []


Overfull \hbox (4.57121pt too wide) in paragraph at lines 239--240
\OT1/cmr/m/n/10 By in-de-pen-dently con-trol-ling these vari-ables, we aimed to
 iso-late their re-spec-tive roles 
 []


Underfull \vbox (badness 10000) has occurred while \output is active []



[7]
Overfull \hbox (8.18225pt too wide) in paragraph at lines 241--242
[]|   []   |   []   |   []   |   []   |   []   |   []   |   []   |   []   |   [
]   |   []   |   []   |   []   |   []   |   []   |   [] 
 []


Overfull \hbox (10.40457pt too wide) in paragraph at lines 241--242
|   []   |   []   |   []   |   []   |   []   |   []   |   []   |   []   |   [] 
  |   []   |   []   |   []   |   [] 
 []


Overfull \hbox (9.98793pt too wide) in paragraph at lines 241--242
|   []   |   []   |   []   |   []   |   []   |   []   |   []   |   []   |   [] 
  |   []   |   []   |   []   |   []   |   []   |   []   |   []   |   [] 
 []


Overfull \hbox (0.18242pt too wide) in paragraph at lines 241--242
|   []   |   []   |   []   |   []   |   []   |   []   |   []   |   []   |   [] 
  |   []   |   [] 
 []


Overfull \hbox (5.4879pt too wide) in paragraph at lines 241--242
|   []   |   []   |   []   |   []   |   []   |   []   |   []   |   []   |   [] 
  |   []   |   []   |   []   |   []   |   []   |   [] 
 []


Overfull \hbox (0.32123pt too wide) in paragraph at lines 241--242
|   []   |   []   |   []   |   []   |   []   |   []   |   []   |   []   |   [] 
  |   []   |   []   |   []   |   [] 
 []


Overfull \hbox (13.0852pt too wide) in paragraph at lines 241--242
|   []   |   []   [][]\OT1/cmr/m/n/10 Each floc ex-per-i-ment used 10 g of soli
ds: 5 g sil-ica (SiO$[]$) and 5 g mont- 
 []


Overfull \hbox (42.93245pt too wide) in paragraph at lines 241--242
\OT1/cmr/m/n/10 mo-ril-lonite clay. Or-ganic con-tent was var-ied in three runs
 by adding guar gum, a [][]|   [] 
 []


Overfull \hbox (18.3769pt too wide) in paragraph at lines 241--242
|   []   |   []   |   []   |   []   |   []   |   []   |   []   |   []   [][][][
]\OT1/cmr/m/n/10 polysac-cha-ride proxy for plant-derived 
 []


Overfull \hbox (1.37683pt too wide) in paragraph at lines 241--242
\OT1/cmr/m/n/10 ex-tra-cel-lu-lar [][]poly-mers, at 1, 2, or 3 wt% rel-a-tive t
o the to-tal mass of solids, fol-low-ing 
 []


Overfull \hbox (4.59897pt too wide) in paragraph at lines 241--242
\OT1/cmr/m/n/10 the organic-loading frame-work of []Zeichner et al.[] (2021). T
his range was se-lected to (i) 
 []


Overfull \hbox (20.07124pt too wide) in paragraph at lines 241--242
\OT1/cmr/m/n/10 re-main within the lower end of or-ganic frac-tions re-ported f
or nat-u-ral river sus-pended sed- 
 []


Overfull \hbox (15.6269pt too wide) in paragraph at lines 241--242
\OT1/cmr/m/n/10 i-ment ([][]|   []   |   []   |   []   |   []   |   [][][][][]o
rder 1{6[][]% and up to [][]|   [][][][][]$\OMS/cmsy/m/n/10 ^^X$[][]\OT1/cmr/m/
n/10 20% in com-piled field datasets), and 
 []


Overfull \hbox (4.29352pt too wide) in paragraph at lines 241--242
\OT1/cmr/m/n/10 (ii) avoid polymer-dominated regimes while still pro-duc-ing a 
re-solv-able change in floc- 
 []


Overfull \hbox (8.4601pt too wide) in paragraph at lines 241--242
\OT1/cmr/m/n/10 cu-la-tion dy-nam-ics. In []Zeichner et al.[] (2021), polymer-t
o-clay ra-tios were cho-sen ex-plic- 
 []


Overfull \hbox (19.46019pt too wide) in paragraph at lines 241--242
\OT1/cmr/m/n/10 itly to span mod-ern river organic-matter con-cen-tra-tions, an
d their ex-per-i-ments show that 
 []


Overfull \hbox (13.94627pt too wide) in paragraph at lines 241--242
\OT1/cmr/m/n/10 even [][]|   [][][][][]1{2[][] wt% guar gum pro-duces a strong 
floc-cu-la-tion re-sponse. Guar gum is a con- 
 []


Overfull \hbox (17.238pt too wide) in paragraph at lines 241--242
\OT1/cmr/m/n/10 trolled proxy for nat-u-ral ex-tra-cel-lu-lar poly-meric sub-st
ances and does not cap-ture the full 
 []


Overfull \hbox (31.8214pt too wide) in paragraph at lines 241--242
\OT1/cmr/m/n/10 chem-i-cal com-plex-ity of field or-ganic mat-ter. Full ex-per-
i-men-tal con-di-tions, in-clud-ing organic- 
 []


Overfull \hbox (5.25174pt too wide) in paragraph at lines 263--264
[]\OT1/cmr/m/n/10 Grain-size dis-tri-bu-tions for the sil-ica and mont-mo-ril-l
onite were mea-sured us-ing a 
 []


Overfull \hbox (11.37688pt too wide) in paragraph at lines 263--264
\OT1/cmr/m/n/10 Malvern Mas-ter-sizer 3000 (Fig. 2[]b), fol-low-ing the pro-ce-
dure of []Nghiem (2025). In brief, 
 []


Overfull \hbox (4.76561pt too wide) in paragraph at lines 263--264
\OT1/cmr/m/n/10 sam-ples were dis-persed in deion-ized wa-ter, son-i-cated to b
reak up ag-gre-gates, and an-a- 
 []


Overfull \hbox (7.76566pt too wide) in paragraph at lines 263--264
\OT1/cmr/m/n/10 lyzed by laser diffrac-tion to ob-tain particle-size dis-tri-bu
-tions. To-gether, these two min- 
 []


Overfull \hbox (13.84901pt too wide) in paragraph at lines 263--264
\OT1/cmr/m/n/10 er-als span nearly three or-ders of mag-ni-tude in di-am-e-ter,
 [][]|   []   |   []   |   []   |   [] 
 []


Overfull \hbox (17.07127pt too wide) in paragraph at lines 263--264
\OT1/cmr/m/n/10 by vol-ume)[][]. For the mixed-sediment runs, a com-pos-ite dis
-tri-bu-tion was cal-cu-lated as the 
 []


Underfull \vbox (badness 3769) has occurred while \output is active []



[8 <../figures/fig2.pdf>]
Overfull \hbox (8.60753pt too wide) in paragraph at lines 265--265
[]\OT1/cmr/bx/n/10 Image Pro-cess-ing[][]|   []   |   []   |   []   |   []   | 
  []   |   []   |   [][][]  
 []


Overfull \hbox (13.12677pt too wide) in paragraph at lines 267--268
[]\OT1/cmr/m/n/10 The floc track-ing anal-y-sis be-gan with pro-cess-ing ev-ery
 frame of the recorded video 
 []


Overfull \hbox (8.82129pt too wide) in paragraph at lines 267--268
\OT1/cmr/m/n/10 as read [][]from the video meta-data[][], so that the sam-pling
 fre-quency equals the ac-qui-si-tion 
 []


Overfull \hbox (1.65454pt too wide) in paragraph at lines 267--268
\OT1/cmr/m/n/10 rate[][]. Each frame was con-verted to an eight-bit grayscale i
m-age us-ing OpenCV, and a 
 []


Overfull \hbox (1.09909pt too wide) in paragraph at lines 267--268
\OT1/cmr/m/n/10 time-averaged back-ground im-age (com-puted by av-er-ag-ing a b
lock of 1000 con-sec-u-tive 
 []


Overfull \hbox (18.26566pt too wide) in paragraph at lines 267--268
\OT1/cmr/m/n/10 frames) was sub-tracted from each im-age to iso-late tran-sient
 fea-tures such as mov-ing flocs 
 []

<../figures/fig3.pdf, id=499, 1609.79175pt x 1148.96489pt>
File: ../figures/fig3.pdf Graphic file (type pdf)
<use ../figures/fig3.pdf>
Package pdftex.def Info: ../figures/fig3.pdf  used on input line 271.
(pdftex.def)             Requested size: 397.48499pt x 283.6991pt.

Underfull \hbox (badness 10000) in paragraph at lines 274--274
[]\OT1/cmr/bx/n/9 Figure  3. \OT1/cmr/m/n/9 Im-age pro-cess-ing work-flow used 
for floc anal-y-sis. (a) Ex-am-ple of a background-
 []


Underfull \hbox (badness 10000) in paragraph at lines 274--274
\OT1/cmr/m/n/9 subtracted im-age, high-light-ing tran-sient ob-jects such as fl
ocs. (b) De-tected and con-toured par-ti-
 []


Underfull \hbox (badness 10000) in paragraph at lines 274--274
\OT1/cmr/m/n/9 cles pass-ing fo-cus and sharp-ness thresh-olds (out-lined in re
d) with raw ve-loc-ity vec-tors over-laid.
 []


Underfull \hbox (badness 10000) in paragraph at lines 274--274
\OT1/cmr/m/n/9 (c) Lo-cal back-ground flow field cal-cu-lated by PIV from trace
r par-ti-cles. (d) Ex-am-ple of a tracked
 []


Overfull \hbox (3.51558pt too wide) in paragraph at lines 278--279
[]\OT1/cmr/m/n/10 Particle bound-aries in each im-age were de-tected from in-te
n-sity gra-di-ents us-ing a 
 []


Overfull \hbox (4.87688pt too wide) in paragraph at lines 278--279
\OT1/cmr/m/n/10 global thresh-old of 200 ap-plied to the nor-mal-ized resid-ual
 im-age. To re-tain only sharp 
 []


Overfull \hbox (3.32115pt too wide) in paragraph at lines 278--279
\OT1/cmr/m/n/10 and well-focused flocs, can-di-date ob-jects were re-quired to 
ex-ceed a Lapla-cian vari-ance 
 []


Overfull \hbox (9.84912pt too wide) in paragraph at lines 278--279
\OT1/cmr/m/n/10 thresh-old of 5 (mea-sur-ing fo-cus/sharp-ness) and to have an 
in-ten-sity stan-dard de-vi-a-tion 
 []


Overfull \hbox (2.54341pt too wide) in paragraph at lines 278--279
\OT1/cmr/m/n/10 greater than 5 within their con-tour []Pertuz et al.[], 2013). 
These spe-cific thresh-old val- 
 []


Overfull \hbox (14.34909pt too wide) in paragraph at lines 278--279
\OT1/cmr/m/n/10 ues were op-ti-mized for our ex-per-i-men-tal con-di-tions and 
im-age res-o-lu-tion [][]|   []   [][]and may vary 
 []


Overfull \hbox (9.68228pt too wide) in paragraph at lines 278--279
\OT1/cmr/m/n/10 be-tween dif-fer-ent se-tups. Only par-ti-cles meet-ing both cr
i-te-ria were ac-cepted for fur-ther 
 []


Overfull \hbox (0.29349pt too wide) in paragraph at lines 278--279
\OT1/cmr/m/n/10 anal-y-sis and are high-lighted in red in Fig. 3[]b. This ob-je
c-tive[][], [][]per-frame fil-ter-ing mit- 
 []


Overfull \hbox (6.9324pt too wide) in paragraph at lines 278--279
\OT1/cmr/m/n/10 i-gates focus-related sam-pling bias by ex-clud-ing blurred de-
tec-tions rather than al-low-ing 
 []


Overfull \hbox (0.6266pt too wide) in paragraph at lines 278--279
\OT1/cmr/m/n/10 size-dependent blur to en-ter the floc statis-tics. For each ac
-cepted ob-ject, we recorded 
 []


Overfull \hbox (4.52962pt too wide) in paragraph at lines 278--279
\OT1/cmr/m/n/10 the plan-form area in im-age pix-els $\OML/cmm/m/it/10 A[]$ \OT
1/cmr/m/n/10 (later con-verted to an equiv-a-lent di-am-e-ter af-ter 
 []


Overfull \hbox (1.22565pt too wide) in paragraph at lines 278--279
\OT1/cmr/m/n/10 spa-tial cal-i-bra-tion) and the cen-troid co-or-di-nates $(\OM
L/cmm/m/it/10 x[]; y[]\OT1/cmr/m/n/10 )$ [][]([][]for sub-se-quent ve-loc-ity e
s-ti- 
 []


Overfull \hbox (3.5433pt too wide) in paragraph at lines 280--281
[]\OT1/cmr/m/n/10 To ex-press di-am-e-ters and ve-loc-i-ties in phys-i-cal unit
s, we cal-i-brated pixel size us- 
 []


Overfull \hbox (14.15456pt too wide) in paragraph at lines 280--281
\OT1/cmr/m/n/10 ing a pre-ci-sion stage mi-crom-e-ter im-aged un-der the same o
p-ti-cal con-di-tions as the ex-per- 
 []


Overfull \hbox (10.79344pt too wide) in paragraph at lines 280--281
\OT1/cmr/m/n/10 i-ments. Com-par-ing the pixel spac-ing be-tween mi-crom-e-ter 
mark-ings with their true sep- 
 []


Overfull \hbox (11.41615pt too wide) in paragraph at lines 280--281
\OT1/cmr/m/n/10 a-ra-tions yielded a scale fac-tor of $0\OML/cmm/m/it/10 :\OT1/
cmr/m/n/10 45 \OML/cmm/m/it/10 ^^V[]$\OT1/cmr/m/n/10 . We ap-plied this fac-tor
 to all sub-se-quent 
 []


Overfull \hbox (13.98792pt too wide) in paragraph at lines 280--281
\OT1/cmr/m/n/10 anal-y-ses to con-vert par-ti-cle di-men-sions and inter-frame 
dis-place-ments from pix-els to mi- 
 []


Overfull \hbox (26.76563pt too wide) in paragraph at lines 280--281
\OT1/cmr/m/n/10 crom-e-ters; ve-loc-i-ties were then ob-tained from these dis-p
lace-ments us-ing the recorded frame 
 []


Overfull \hbox (3.87677pt too wide) in paragraph at lines 282--283
[]\OT1/cmr/m/n/10 Settling ve-loc-i-ties were ob-tained by frame-to-frame track
-ing us-ing a con-ser-va-tive 
 []


Overfull \hbox (18.96008pt too wide) in paragraph at lines 282--283
\OT1/cmr/m/n/10 nearest-neighbor as-so-ci-a-tion. For each de-tec-tion in frame
 $\OML/cmm/m/it/10 t$\OT1/cmr/m/n/10 , we searched within a 50-pixel 
 []


Overfull \hbox (19.59503pt too wide) in paragraph at lines 282--283
\OT1/cmr/m/n/10 ra-dius in frame $\OML/cmm/m/it/10 t[]\OT1/cmr/m/n/10 1$ for ca
n-di-date matches. We scored each can-di-date $\OML/cmm/m/it/10 j$ \OT1/cmr/m/n
/10 us-ing two equally 
 []


Overfull \hbox (9.5608pt too wide) in paragraph at lines 282--283
\OT1/cmr/m/n/10 weighted, nor-mal-ized dif-fer-ences: the equiv-a-lent concave-
hull di-am-e-ter $\OML/cmm/m/it/10 d[]$ \OT1/cmr/m/n/10 (px) and the 
 []


Overfull \hbox (1.49191pt too wide) in paragraph at lines 282--283
\OT1/cmr/m/n/10 Laplacian-variance sharp-ness $\OML/cmm/m/it/10 L$ \OT1/cmr/m/n
/10 (arb. units). The score was de-fined as $\OML/cmm/m/it/10 S[] \OT1/cmr/m/n/
10 = [][]\OMS/cmsy/m/n/10 j\OML/cmm/m/it/10 d[] \OMS/cmsy/m/n/10 ^^@ 
 []


Overfull \hbox (9.3489pt too wide) in paragraph at lines 282--283
\OT1/cmr/m/n/10 that both rel-a-tive dif-fer-ences were $\OMS/cmsy/m/n/10 ^^T \
OT1/cmr/m/n/10 0\OML/cmm/m/it/10 :\OT1/cmr/m/n/10 10$; oth-er-wise, the track w
as ter-mi-nated to avoid 
 []


Overfull \hbox (8.4763pt too wide) in paragraph at lines 282--283
\OT1/cmr/m/n/10 val was ini-tially com-puted as $^^A\OML/cmm/m/it/10 y s=\OT1/c
mr/m/n/10 ^^A\OML/cmm/m/it/10 t$\OT1/cmr/m/n/10 , where $^^A\OML/cmm/m/it/10 y$
 \OT1/cmr/m/n/10 is the ver-ti-cal cen-troid shift (px, pos- 
 []


Overfull \hbox (6.57585pt too wide) in paragraph at lines 282--283
\OT1/cmr/m/n/10 i-tive down-ward), $\OML/cmm/m/it/10 s$ \OT1/cmr/m/n/10 is the 
spa-tial cal-i-bra-tion ($0\OML/cmm/m/it/10 :\OT1/cmr/m/n/10 45 \OML/cmm/m/it/1
0 ^^V[]$\OT1/cmr/m/n/10 ), and $^^A\OML/cmm/m/it/10 t$ \OT1/cmr/m/n/10 is the f
rame in-ter- 
 []


Overfull \hbox (25.92993pt too wide) in paragraph at lines 282--283
\OT1/cmr/m/n/10 val (s). Raw ve-loc-i-ties com-puted in $\OML/cmm/m/it/10 ^^V[]
$ \OT1/cmr/m/n/10 were sub-se-quently con-verted to $[]$ to match 
 []


Underfull \vbox (badness 7133) has occurred while \output is active []



[9]

[10 <../figures/fig3.pdf>]
Overfull \hbox (8.84894pt too wide) in paragraph at lines 284--285
[]\OT1/cmr/m/n/10 Frame-to-frame par-ti-cle dis-place-ments yield raw [][]|   [
]   [][][][]2D [][]ve-loc-ity vec- 
 []


Overfull \hbox (8.09912pt too wide) in paragraph at lines 284--285
\OT1/cmr/m/n/10 tors that com-bine grav-i-ta-tional set-tling with back-ground 
flow in the imag-ing plane. To 
 []


Overfull \hbox (26.71016pt too wide) in paragraph at lines 284--285
\OT1/cmr/m/n/10 iso-late the set-tling sig-nal, we first com-puted a lo-cal 2D 
flow field us-ing Open-PIV []Liberzon 
 []


Overfull \hbox (15.96016pt too wide) in paragraph at lines 284--285
\OT1/cmr/m/n/10 et al.[], 2021) for each frame pair. Fol-low-ing []Smith and Fr
iedrichs (2015), the im-ages were 
 []


Overfull \hbox (3.23561pt too wide) in paragraph at lines 284--285
\OT1/cmr/m/n/10 dig-i-tally fil-tered to re-tain only trac-ers smaller than $10
 \OML/cmm/m/it/10 ^^V\OT1/cmr/m/n/10 m$ that be-have as pas-sive flow 
 []


Overfull \hbox (19.0712pt too wide) in paragraph at lines 284--285
\OT1/cmr/m/n/10 fol-low-ers (Fig. 3[]c). For each tracked floc, we then sub-tra
cted the cor-re-spond-ing lo-cal flow 
 []


Overfull \hbox (6.2379pt too wide) in paragraph at lines 284--285
\OT1/cmr/m/n/10 vector---bilinearly in-ter-po-lated at the floc centroid---from
 the floc's raw tra-jec-tory vec- 
 []


Overfull \hbox (10.07127pt too wide) in paragraph at lines 284--285
\OT1/cmr/m/n/10 tor. This vec-tor dif-fer-enc-ing pro-duces a background-correc
ted mo-tion (Fig. 3[]d, gray ar- 
 []


Overfull \hbox (1.57114pt too wide) in paragraph at lines 284--285
\OT1/cmr/m/n/10 row for raw, white ar-row for cor-rected), from which we re-por
t the ver-ti-cal com-po-nent 
 []


Overfull \hbox (55.97697pt too wide) in paragraph at lines 284--285
\OT1/cmr/m/n/10 as the set-tling ve-loc-ity $\OML/cmm/m/it/10 w[]$\OT1/cmr/m/n/
10 . All set-tling ve-loc-i-ties in this study re-fer to this cor-rected, backg
round- 
 []


Overfull \hbox (15.32112pt too wide) in paragraph at lines 286--287
[]\OT1/cmr/m/n/10 After ve-loc-ity cor-rec-tion, floc di-am-e-ters were de-rive
d from each par-ti-cle's pro-jected 
 []


Overfull \hbox (11.73784pt too wide) in paragraph at lines 286--287
\OT1/cmr/m/n/10 area. Two com-mon image-based met-rics are used to es-ti-mate d
i-am-e-ter: the Feret di-am- 
 []


Overfull \hbox (3.73792pt too wide) in paragraph at lines 286--287
\OT1/cmr/m/n/10 e-ter (max-i-mum caliper length across the pro-jec-tion) and th
e equiv-a-lent cir-cu-lar di-am- 
 []


Overfull \hbox (6.15445pt too wide) in paragraph at lines 286--287
\OT1/cmr/m/n/10 e-ter (ECD), de-fined as the di-am-e-ter of a cir-cle with the 
same pro-jected area []Jarvis et 
 []


Overfull \hbox (7.15459pt too wide) in paragraph at lines 286--287
\OT1/cmr/m/n/10 al.[], 2005; Smith & Friedrichs, 2015). The Feret di-am-e-ter i
s sen-si-tive to ori-en-ta-tion and 
 []


Overfull \hbox (11.90457pt too wide) in paragraph at lines 286--287
\OT1/cmr/m/n/10 out-liers, of-ten over-es-ti-mat-ing size for ir-reg-u-lar or e
lon-gated flocs. By con-trast, the area- 
 []


Overfull \hbox (0.29344pt too wide) in paragraph at lines 286--287
\OT1/cmr/m/n/10 equivalent diameter---especially when com-puted from a con-cave
 hull---can bet-ter rep- 
 []


Overfull \hbox (13.48792pt too wide) in paragraph at lines 286--287
\OT1/cmr/m/n/10 re-sent ir-reg-u-lar shapes by de-emphasizing ex-treme pro-tru-
sions, though it may un-der-rep- 
 []


Overfull \hbox (7.0051pt too wide) in paragraph at lines 286--287
\OT1/cmr/m/n/10 re-sent thin fil-a-ments. Ac-cord-ingly, we adopt the concave-h
ull ECD (with $\OML/cmm/m/it/10  \OT1/cmr/m/n/10 = 0\OML/cmm/m/it/10 :\OT1/cmr
/m/n/10 05$, the 
 []


Overfull \hbox (2.93237pt too wide) in paragraph at lines 286--287
\OT1/cmr/m/n/10 concave-hull ra-dius pa-ram-e-ter that con-trols the al-lowed b
ound-ary in-den-ta-tion), cor-re- 
 []


Overfull \hbox (18.29355pt too wide) in paragraph at lines 286--287
\OT1/cmr/m/n/10 spond-ing to the projected-area--equivalent di-am-e-ter of []Sm
ith and Friedrichs (2015), while 
 []


Overfull \hbox (9.09908pt too wide) in paragraph at lines 286--287
\OT1/cmr/m/n/10 ac-knowl-edg-ing that al-ter-na-tive def-i-ni-tions are rea-son
-able []Jarvis et al.[], 2005). Par-ti-cles 
 []


Overfull \hbox (1.93227pt too wide) in paragraph at lines 286--287
\OT1/cmr/m/n/10 were seg-mented with bi-nary masks, bound-aries were traced us-
ing a concave-hull al-go- 
 []


Overfull \hbox (1.62668pt too wide) in paragraph at lines 286--287
\OT1/cmr/m/n/10 rithm, the en-closed area was mea-sured, and the di-am-e-ter of
 a cir-cle of equal area was 
 []


Overfull \hbox (3.98792pt too wide) in paragraph at lines 286--287
\OT1/cmr/m/n/10 com-puted and used as $\OML/cmm/m/it/10 d[]$ \OT1/cmr/m/n/10 in
 all sub-se-quent log--log anal-y-ses. Be-cause $\OML/cmm/m/it/10 d[]$ \OT1/cmr
/m/n/10 is de-fined ge- 
 []


Overfull \hbox (12.96016pt too wide) in paragraph at lines 286--287
\OT1/cmr/m/n/10 o-met-ri-cally from the 2D pro-jec-tion, this step does not as-
sume con-stant floc den-sity; any 
 []


Overfull \hbox (13.65453pt too wide) in paragraph at lines 286--287
\OT1/cmr/m/n/10 den-sity changes as-so-ci-ated with size or or-ganic con-tent e
n-ter only through the mea-sured 
 []


Overfull \hbox (1.54338pt too wide) in paragraph at lines 290--291
[]\OT1/cmr/m/n/10 We cal-i-brated our setup with Ex-per-i-ments 1 and 2, which 
mea-sured the set-tling 
 []


Overfull \hbox (14.8755pt too wide) in paragraph at lines 290--291
\OT1/cmr/m/n/10 of lab-o-ra-tory spheres (50 \TS1/cmr/m/n/10 µ\OT1/cmr/m/n/10 m
) and nat-u-ral sil-ica grains (Fig. 4[]a). Set-tling ve-loc-i-ties were 
 []


Overfull \hbox (2.84898pt too wide) in paragraph at lines 290--291
\OT1/cmr/m/n/10 fit-ted with Stokes' law (Eq. []), treat-ing the shape fac-tor 
$\OML/cmm/m/it/10 b[]$ \OT1/cmr/m/n/10 as a free pa-ram-e-ter. For 
 []


Overfull \hbox (0.62677pt too wide) in paragraph at lines 290--291
\OT1/cmr/m/n/10 for smooth spheres (Fig. 4[]b), which lies within the con-fi-de
nce in-ter-val of the fit. This 
 []


Overfull \hbox (6.37679pt too wide) in paragraph at lines 290--291
\OT1/cmr/m/n/10 agree-ment in-di-cates that the ex-per-i-men-tal setup ac-cu-ra
tely re-pro-duces Stokes' set-tling 
 []


Overfull \hbox (11.73784pt too wide) in paragraph at lines 290--291
\OT1/cmr/m/n/10 be-hav-ior for smooth spheres. In con-trast, sil-ica grains set
-tled more slowly, yield-ing $\OML/cmm/m/it/10 b[] \OT1/cmr/m/n/10 = 
 []


Overfull \hbox (4.62685pt too wide) in paragraph at lines 290--291
\OT1/cmr/m/n/10 29\OML/cmm/m/it/10 :\OT1/cmr/m/n/10 2$, a drag in-crease at-tri
butable to their an-gu-lar, non-spherical shapes; []Ferguson and 
 []


Overfull \hbox (10.12672pt too wide) in paragraph at lines 290--291
\OT1/cmr/m/n/10 Church (2004) re-ported a com-pa-ra-ble $\OML/cmm/m/it/10 b[] \
OMS/cmsy/m/n/10 ^^Y \OT1/cmr/m/n/10 24$ for nat-u-ral sed-i-ments of sim-i-lar 
mor-phol- 
 []


Overfull \hbox (2.96005pt too wide) in paragraph at lines 292--293
[]\OT1/cmr/m/n/10 Compared with sil-ica, flocs set-tled more slowly and showed 
sub-stan-tially greater 
 []


Overfull \hbox (7.90457pt too wide) in paragraph at lines 292--293
\OT1/cmr/m/n/10 lower ef-fec-tive den-sity of flocs aris-ing from their highly 
porous, ir-reg-u-lar in-ter-nal struc- 
 []


Overfull \hbox (22.37685pt too wide) in paragraph at lines 292--293
\OT1/cmr/m/n/10 ture []Kranenburg, 1994; Win-ter-w-erp, 1998). Con-se-quently, 
the floc data are not de-scribed 
 []


Overfull \hbox (4.23792pt too wide) in paragraph at lines 292--293
\OT1/cmr/m/n/10 by the stan-dard Stokes for-mu-la-tion (Eq. []) and in-stead re
-quire the floc-specific re-la- 
 []


Overfull \hbox (2.95213pt too wide) in paragraph at lines 292--293
\OT1/cmr/m/n/10 tion (Eq. []), which in-tro-duces the 3D frac-tal di-men-sion $
\OML/cmm/m/it/10 n[]$ \OT1/cmr/m/n/10 and the pri-mary par-ti-cle 
 []


Underfull \vbox (badness 10000) has occurred while \output is active []



[11]
<../figures/fig4.pdf, id=526, 3128.3197pt x 1125.99872pt>
File: ../figures/fig4.pdf Graphic file (type pdf)
<use ../figures/fig4.pdf>
Package pdftex.def Info: ../figures/fig4.pdf  used on input line 296.
(pdftex.def)             Requested size: 397.48499pt x 143.06897pt.

Underfull \hbox (badness 10000) in paragraph at lines 299--299
[]\OT1/cmr/bx/n/9 Figure  4. \OT1/cmr/m/n/9 (a) Im-ages of a lab-o-ra-tory sphe
re (Exp. 1), sil-ica grain (Exp. 2), and a rep-re-sen-ta-
 []


Underfull \hbox (badness 10000) in paragraph at lines 299--299
\OT1/cmr/m/n/9 tive floc (Exp. 5). The 30 $\OML/cmm/m/it/9 ^^V$\OT1/cmr/m/n/9 m
 scale bar ap-plies to all. (b) Log--log plot of set-tling ve-loc-ity ($\OML/cm
m/m/it/9 w[]$\OT1/cmr/m/n/9 )
 []


Underfull \hbox (badness 10000) in paragraph at lines 299--299
\OT1/cmr/m/n/9 vs. di-am-e-ter ($\OML/cmm/m/it/9 d[]$\OT1/cmr/m/n/9 ) for spher
es (green cir-cles, Exp. 1), sil-ica (red cir-cles, Exp. 2), and ag-gre-gated
 []


Underfull \hbox (badness 10000) in paragraph at lines 299--299
\OT1/cmr/m/n/9 flocs (blue cir-cles, Exps. 3--8). Sphere and sil-ica fits use S
tokes' law (Eq. []), yield-ing shape
 []


Underfull \hbox (badness 6252) in paragraph at lines 299--299
\OT1/cmr/m/n/9 fac-tors ($\OML/cmm/m/it/9 b[]$\OT1/cmr/m/n/9 ) of 17.7 and 29.2
. The floc data fit the frac-tal set-tling model ($\OML/cmm/m/it/9 w[] \OMS/cms
y/m/n/9 / \OML/cmm/m/it/9 d[]$\OT1/cmr/m/n/9 ) with a
 []


Underfull \hbox (badness 1910) in paragraph at lines 299--299
\OT1/cmr/m/n/9 slope of 0.90, giv-ing an ap-par-ent frac-tal di-men-sion $\OML/
cmm/m/it/9 n[] \OT1/cmr/m/n/9 = 1\OML/cmm/m/it/9 :\OT1/cmr/m/n/9 90$. (c) Sen-s
i-tiv-ity of the frac-tal set-
 []


Underfull \hbox (badness 10000) in paragraph at lines 299--299
\OT1/cmr/m/n/9 tling model (Eq. []) to as-sumed pri-mary par-ti-cle di-am-e-ter
 ($\OML/cmm/m/it/9 d[]$\OT1/cmr/m/n/9 ). The floc data are com-pared to
 []


Underfull \hbox (badness 10000) in paragraph at lines 299--299
\OT1/cmr/m/n/9 10[]$ m (solid red line). This high-lights how the choice of $\O
ML/cmm/m/it/9 d[]$ \OT1/cmr/m/n/9 con-trols the re-quired model fit, a
 []


Overfull \hbox (5.86874pt too wide) in paragraph at lines 303--304
[]\OT1/cmr/m/n/10 However, di-rectly cal-cu-lat-ing $\OML/cmm/m/it/10 n[]$ \OT1
/cmr/m/n/10 by fit-ting Eq. [] to the floc data is prob-lem-atic 
 []


Overfull \hbox (9.73181pt too wide) in paragraph at lines 303--304
\OT1/cmr/m/n/10 be-cause the primary-particle di-am-e-ter, $\OML/cmm/m/it/10 d[
]$\OT1/cmr/m/n/10 , is un-known. Al-though our ex-per-i-ments have 
 []


Overfull \hbox (15.40456pt too wide) in paragraph at lines 303--304
\OT1/cmr/m/n/10 known dis-tri-bu-tions of in-put par-ti-cle sizes (Fig. 2[]b), 
we do not know which par-ti-cle sizes 
 []


Overfull \hbox (15.51573pt too wide) in paragraph at lines 303--304
\OT1/cmr/m/n/10 are ac-tu-ally in-cor-po-rated into any given floc. Even if we 
could mea-sure the pri-mary par- 
 []


Overfull \hbox (19.54341pt too wide) in paragraph at lines 303--304
\OT1/cmr/m/n/10 ti-cle sizes di-rectly, the frac-tal the-ory ne-ces-si-tates sp
ec-i-fy-ing only a sin-gle value for a char- 
 []


Overfull \hbox (5.32118pt too wide) in paragraph at lines 303--304
\OT1/cmr/m/n/10 ac-ter-is-tic pri-mary par-ti-cle size, and it is un-clear how 
to de-fine this value from a dis-tri- 
 []


Overfull \hbox (2.81325pt too wide) in paragraph at lines 303--304
\OT1/cmr/m/n/10 bu-tion. More-over, be-cause $\OML/cmm/m/it/10 n[]$ \OT1/cmr/m/
n/10 ap-pears both as an ex-po-nent on $\OML/cmm/m/it/10 d[]$ \OT1/cmr/m/n/10 a
nd within the pre- 
 []


Overfull \hbox (15.63274pt too wide) in paragraph at lines 303--304
\OT1/cmr/m/n/10 factor of Eq. [] (via $\OML/cmm/m/it/10 d[]$\OT1/cmr/m/n/10 ), 
a con-ven-tional re-gres-sion that fits the model to the data 
 []


Overfull \hbox (7.58482pt too wide) in paragraph at lines 303--304
\OT1/cmr/m/n/10 for a pre-scribed $\OML/cmm/m/it/10 d[]$ \OT1/cmr/m/n/10 (a one
-parameter fit) forces the in-ferred $\OML/cmm/m/it/10 n[]$ \OT1/cmr/m/n/10 to 
math-e-mat-i-cally com- 
 []


Overfull \hbox (25.84286pt too wide) in paragraph at lines 303--304
\OT1/cmr/m/n/10 pen-sate for the as-sumed pre-factor. Con-se-quently, the as-su
med value for $\OML/cmm/m/it/10 d[]$ \OT1/cmr/m/n/10 ex-erts a strong 
 []


Overfull \hbox (18.39839pt too wide) in paragraph at lines 305--307
[]\OT1/cmr/m/n/10 To avoid ex-plic-itly solv-ing for the un-known primary-parti
cle size $\OML/cmm/m/it/10 d[]$\OT1/cmr/m/n/10 , we use the log- 
 []


Overfull \hbox (15.89232pt too wide) in paragraph at lines 305--307
\OT1/cmr/m/n/10 to-gether $\OML/cmm/m/it/10 d[]$\OT1/cmr/m/n/10 , the shape fac
-tor $\OML/cmm/m/it/10 b[]$\OT1/cmr/m/n/10 , and other con-stants. Un-der the a
s-sump-tion that $\OML/cmm/m/it/10 d[]$ \OT1/cmr/m/n/10 and 
 []


Overfull \hbox (10.47704pt too wide) in paragraph at lines 305--307
\OML/cmm/m/it/10 b[]$ \OT1/cmr/m/n/10 are ap-prox-i-mately con-stant across the
 fit-ted pop-u-la-tion, the slope in $[](\OML/cmm/m/it/10 w[]\OT1/cmr/m/n/10 )$
--$[](\OML/cmm/m/it/10 d[]\OT1/cmr/m/n/10 )$ 
 []


Overfull \hbox (2.72362pt too wide) in paragraph at lines 305--307
\OT1/cmr/m/n/10 het-ero-gene-ity causes $\OML/cmm/m/it/10 n[]$ \OT1/cmr/m/n/10 
to co-vary with size, or if ef-fec-tive $\OML/cmm/m/it/10 d[]$ \OT1/cmr/m/n/10 
varies across the pop-u-la- 
 []


Overfull \hbox (25.8491pt too wide) in paragraph at lines 305--307
\OT1/cmr/m/n/10 tion, a bulk re-gres-sion can ex-hibit Simpson-type data-aggreg
ation bias. We there-fore strat- 
 []


Overfull \hbox (17.43214pt too wide) in paragraph at lines 305--307
\OT1/cmr/m/n/10 ify flocs by their [][]|   []   |   [][][][][]in situ[][], imag
e-based frac-tal di-men-sion and fit sep-a-rate re-gres-sions 
 []


Overfull \hbox (8.25764pt too wide) in paragraph at lines 305--307
\OT1/cmr/m/n/10 within each stra-tum; the re-sult-ing slopes pro-vide subgroup-
specific es-ti-mates of $\OML/cmm/m/it/10 n[]$ \OT1/cmr/m/n/10 and 
 []



[12 <../figures/fig4.pdf>]
Overfull \hbox (61.76964pt too wide) in paragraph at lines 308--308
[][][]|   []   |   []   |   []   |   []   |   []   |   []   [][][][]\OT1/cmr/bx
/n/10 Image-based [][]2D [][]|   [][][][][]box- 
 []


Overfull \hbox (5.71011pt too wide) in paragraph at lines 310--311
[]\OT1/cmr/m/n/10 Fractal the-ory re-lates the frac-tal di-men-sion to the pri-
mary par-ti-cle di-am-e-ter, the 
 []


Overfull \hbox (6.48795pt too wide) in paragraph at lines 310--311
\OT1/cmr/m/n/10 num-ber of pri-mary par-ti-cles, and the floc di-am-e-ter (Eq. 
[]). In nat-u-ral sys-tems, how- 
 []


Overfull \hbox (5.43996pt too wide) in paragraph at lines 310--311
\OT1/cmr/m/n/10 ever, nei-ther $\OML/cmm/m/it/10 d[]$ \OT1/cmr/m/n/10 nor $\OML
/cmm/m/it/10 N$ \OT1/cmr/m/n/10 is con-stant or di-rectly mea-sur-able dur-ing 
ex-per-i-ments. As a re- 
 []


Overfull \hbox (1.37683pt too wide) in paragraph at lines 310--311
\OT1/cmr/m/n/10 sult, nu-mer-ous meth-ods have been de-vel-oped to es-ti-mate f
loc frac-tal di-men-sions from 
 []


Overfull \hbox (2.07123pt too wide) in paragraph at lines 310--311
\OT1/cmr/m/n/10 image-based prop-er-ties. These ap-proaches are in-her-ently []
[]|   [][][][][]2D[][], yield-ing 
 []


Overfull \hbox (13.10852pt too wide) in paragraph at lines 310--311
\OT1/cmr/m/n/10 an ap-par-ent frac-tal di-men-sion [][]|   []   [][]that may di
f-fer from the hy-dro-dy-nam-i-cally rel-e-vant 
 []


Overfull \hbox (0.34903pt too wide) in paragraph at lines 310--311
[][]|   []   [][][][]\OT1/cmr/m/n/10 3D [][]value. Through-out this pa-per, we 
de-note the 3D frac-tal di-men- 
 []


Overfull \hbox (0.68362pt too wide) in paragraph at lines 310--311
\OT1/cmr/m/n/10 sion [][]|   []   [][][][]in-ferred from set-tling ve-loc-ity s
cal-ing [][]as $\OML/cmm/m/it/10 n[]$\OT1/cmr/m/n/10 , and use [][]|   []   |  
 []   |   [] 
 []


Overfull \hbox (4.77504pt too wide) in paragraph at lines 310--311
|   []   |   []   [][][][]$\OML/cmm/m/it/10 n[]$ \OT1/cmr/m/n/10 for [][]the 2D
 [][]|   []   |   [][][][][]box-counting di-men-sion mea-sured 
 []


Overfull \hbox (10.07129pt too wide) in paragraph at lines 310--311
\OT1/cmr/m/n/10 from im-ages. Where the spe-cific 2D method mat-ters (Method-ol
-ogy), we dis-tin-guish the 
 []


Overfull \hbox (0.73125pt too wide) in paragraph at lines 310--311
\OT1/cmr/m/n/10 box-counting di-men-sion $\OML/cmm/m/it/10 n[]$ \OT1/cmr/m/n/10
 from the perimeter--area di-men-sion $\OML/cmm/m/it/10 n[]$\OT1/cmr/m/n/10 ; i
n the 
 []


Overfull \hbox (1.84894pt too wide) in paragraph at lines 312--313
[]\OT1/cmr/m/n/10 The perimeter--area method has pre-vi-ously been used to es-t
i-mate [][]|   []   [][][][]a [][]2D frac- 
 []


Overfull \hbox (12.98798pt too wide) in paragraph at lines 312--313
\OT1/cmr/m/n/10 tal di-men-sion of flocs []Lee & Kramer, 2004; Maggi & Win-ter-
w-erp, 2004; Tang & Maggi, 
 []


Overfull \hbox (13.43568pt too wide) in paragraph at lines 316--318
[][][][]\OT1/cmr/m/n/10 where $\OML/cmm/m/it/10 P$ \OT1/cmr/m/n/10 is the mea-s
ured perime-ter and $\OML/cmm/m/it/10 A$ \OT1/cmr/m/n/10 is the pro-jected area
 of the par-ti-cle in the 2D 
 []


Overfull \hbox (6.77632pt too wide) in paragraph at lines 316--318
\OT1/cmr/m/n/10 im-age. In prac-tice, [][]|   []   [][][][]$\OML/cmm/m/it/10 n[
]$ [][]\OT1/cmr/m/n/10 is es-ti-mated from the log--log slope of $\OML/cmm/m/it
/10 P$ \OT1/cmr/m/n/10 ver-sus 
 []


Overfull \hbox (16.34915pt too wide) in paragraph at lines 316--318
\OT1/cmr/m/n/10 ly-ing as-sump-tion is that, for a frac-tal bound-ary, the ex-p
o-nent in this scal-ing law ap-prox- 
 []


Overfull \hbox (12.77872pt too wide) in paragraph at lines 316--318
\OT1/cmr/m/n/10 i-mates the true bound-ary frac-tal di-men-sion [][]|   [][][][
][]$\OML/cmm/m/it/10 n[]$[][]\OT1/cmr/m/n/10 . How-ever, both math-e-mat- 
 []


Overfull \hbox (2.79347pt too wide) in paragraph at lines 316--318
\OT1/cmr/m/n/10 i-cal anal-y-sis and ge-o-met-ric con-struc-tions (e.g., the Ko
ch curve) demon-strate that this 
 []


Overfull \hbox (19.51575pt too wide) in paragraph at lines 316--318
\OT1/cmr/m/n/10 as-sump-tion breaks down for truly frac-tal sets []Cheng, 1995;
 Frame et al.[], 2025). For such 
 []


Overfull \hbox (5.01572pt too wide) in paragraph at lines 316--318
\OT1/cmr/m/n/10 bound-aries, the mea-sured perime-ter is strongly de-pen-dent o
n the im-age res-o-lu-tion[][]|   [] 
 []


Overfull \hbox (7.01924pt too wide) in paragraph at lines 316--318
|   []   |   [][][]\OT1/cmr/m/n/10 , mak-ing a sim-ple $\OML/cmm/m/it/10 P$\OT1
/cmr/m/n/10 --$\OML/cmm/m/it/10 A$ \OT1/cmr/m/n/10 scal-ing ill-defined with-ou
t ex-plic-itly ac-count- 
 []


Overfull \hbox (7.62672pt too wide) in paragraph at lines 316--318
\OT1/cmr/m/n/10 ing for the mea-sure-ment scale. As a re-sult, perimeter--area 
scal-ing does not re-li-ably re- 
 []


Overfull \hbox (7.6824pt too wide) in paragraph at lines 319--320
[]\OT1/cmr/m/n/10 Box-counting, in con-trast, is an ap-pro-pri-ate method for f
ractal-dimension es-ti-ma- 
 []


Overfull \hbox (1.738pt too wide) in paragraph at lines 319--320
\OT1/cmr/m/n/10 tion that does not rely on strict self-similarity and is com-pu
-ta-tion-ally straight-for-ward 
 []


Overfull \hbox (16.32137pt too wide) in paragraph at lines 319--320
[]\OT1/cmr/m/n/10 Foroutan-pour et al.[], 1999). A key ad-van-tage of box-count
ing is that it does not re-quire 
 []


Overfull \hbox (6.63448pt too wide) in paragraph at lines 319--320
\OT1/cmr/m/n/10 knowl-edge of the pri-mary par-ti-cle size ($\OML/cmm/m/it/10 d
[]$\OT1/cmr/m/n/10 ) or the num-ber of con-stituent par-ti-cles ($\OML/cmm/m/it
/10 N$\OT1/cmr/m/n/10 ), 
 []


Overfull \hbox (1.3768pt too wide) in paragraph at lines 319--320
\OT1/cmr/m/n/10 mak-ing it par-tic-u-larly well-suited for nat-u-ral flocs wher
e these val-ues are un-known or 
 []


Overfull \hbox (10.55638pt too wide) in paragraph at lines 319--320
\OT1/cmr/m/n/10 vari-able []Bellouti et al.[], 1997; Spencer et al.[], 2022). T
he box-counting di-men-sion [][]|   [] 
 []


Overfull \hbox (15.45328pt too wide) in paragraph at lines 319--320
[][][][]$\OML/cmm/m/it/10 n[]$ [][]\OT1/cmr/m/n/10 is de-ter-mined by mea-sur-i
ng how the num-ber of oc-cu-pied boxes $\OML/cmm/m/it/10 N[]\OT1/cmr/m/n/10 (\O
ML/cmm/m/it/10 ^^O\OT1/cmr/m/n/10 )$ at a given 
 []


Overfull \hbox (1.96696pt too wide) in paragraph at lines 325--327
[]\OT1/cmr/m/n/10 For each floc mask, we com-puted $\OML/cmm/m/it/10 N[]\OT1/cm
r/m/n/10 (\OML/cmm/m/it/10 ^^O\OT1/cmr/m/n/10 )$ us-ing square boxes with side 
lengths $\OML/cmm/m/it/10 ^^O$ 
 []


Overfull \hbox (5.32439pt too wide) in paragraph at lines 325--327
\OT1/cmr/m/n/10 span-ning pow-ers of two in pixel units ($\OML/cmm/m/it/10 ^^O 
\OT1/cmr/m/n/10 = 1\OML/cmm/m/it/10 ; \OT1/cmr/m/n/10 2\OML/cmm/m/it/10 ; \OT1/
cmr/m/n/10 4\OML/cmm/m/it/10 ; []$\OT1/cmr/m/n/10 ), and we es-ti-mated the di-
men-sion 
 []


Overfull \hbox (2.79346pt too wide) in paragraph at lines 325--327
\OT1/cmr/m/n/10 from the slope of a least-squares fit over the por-tion of the 
log--log curve that re-mains 
 []


Overfull \hbox (7.96019pt too wide) in paragraph at lines 325--327
\OT1/cmr/m/n/10 ap-prox-i-mately lin-ear and spans at least one or-der of mag-n
i-tude in scale. When an-a-lyz- 
 []


Overfull \hbox (18.26546pt too wide) in paragraph at lines 325--327
\OT1/cmr/m/n/10 ing im-ages of ob-jects with fi-nite ex-tent from [][]|   []   
|   [][] [][][]in situ [][]imag-ing, finite-size ef-fects and 
 []


Overfull \hbox (9.59909pt too wide) in paragraph at lines 325--327
\OT1/cmr/m/n/10 im-age pix-e-la-tion make the es-ti-mated frac-tal di-men-sion 
sen-si-tive to the avail-able scal-ing 
 []


Overfull \hbox (23.46263pt too wide) in paragraph at lines 325--327
\OT1/cmr/m/n/10 from 1 to $\OML/cmm/m/it/10 W$ \OT1/cmr/m/n/10 pix-els. Re-li-a
ble es-ti-ma-tion of [][]|   []   [][][][]$\OML/cmm/m/it/10 n[]$ [][]\OT1/cmr/m
/n/10 re-quires a suf-fi-ciently broad range 
 []


Overfull \hbox (7.63374pt too wide) in paragraph at lines 325--327
\OT1/cmr/m/n/10 of box sizes to es-tab-lish a sta-ble lin-ear trend on a log--l
og plot of $\OML/cmm/m/it/10 N[]\OT1/cmr/m/n/10 (\OML/cmm/m/it/10 ^^O\OT1/cmr/m
/n/10 )$ ver-sus $1\OML/cmm/m/it/10 =^^O$\OT1/cmr/m/n/10 . If 
 []


Overfull \hbox (19.65712pt too wide) in paragraph at lines 325--327
\OT1/cmr/m/n/10 the im-age is too small, the lim-ited scal-ing range can yield 
un-sta-ble val-ues of [][]|   [][][][][]$\OML/cmm/m/it/10 n[]$[][]\OT1/cmr/m/n/
10 . 
 []


Overfull \hbox (11.09914pt too wide) in paragraph at lines 325--327
\OT1/cmr/m/n/10 For ex-am-ple, a $20 \OMS/cmsy/m/n/10 ^^B \OT1/cmr/m/n/10 20$ p
ixel im-age pro-vides only about 1.3 or-ders of mag-ni-tude in scale, 
 []


Overfull \hbox (10.73792pt too wide) in paragraph at lines 325--327
\OT1/cmr/m/n/10 which is in-suf-fi-cient for ro-bust fit-ting and pro-duces sca
le-dependent es-ti-mates (Fig. 5[]a). 
 []


Overfull \hbox (25.58409pt too wide) in paragraph at lines 325--327
\OT1/cmr/m/n/10 pro-vides 6--7 us-able data points for re-gres-sion; be-yond th
is im-age size, the es-ti-mated [][]|   [] 
 []


Overfull \hbox (6.5332pt too wide) in paragraph at lines 325--327
[][][][]$\OML/cmm/m/it/10 n[]$ [][]\OT1/cmr/m/n/10 sat-u-rates, in-di-cat-ing a
 prac-ti-cal thresh-old for resolution-independent es-ti-ma-tion 
 []


Overfull \hbox (3.01573pt too wide) in paragraph at lines 325--327
\OT1/cmr/m/n/10 (Fig. 5[]a). Ac-cord-ingly, all an-a-lyzed flocs were ex-tracte
d us-ing $100 \OMS/cmsy/m/n/10 ^^B \OT1/cmr/m/n/10 100$ pixel win-dows 
 []


Overfull \hbox (14.21008pt too wide) in paragraph at lines 325--327
\OT1/cmr/m/n/10 cen-tered on each par-ti-cle. Fig. 5[]b shows ex-am-ples for tw
o ex-per-i-men-tal flocs at high im- 
 []


Overfull \hbox (5.87692pt too wide) in paragraph at lines 325--327
\OT1/cmr/m/n/10 age res-o-lu-tion, il-lus-trat-ing the ap-pli-ca-tion of the bo
x-counting method to real data. In 
 []


Overfull \hbox (13.38623pt too wide) in paragraph at lines 325--327
\OT1/cmr/m/n/10 this study, all re-ported val-ues of the 2D [][]|   []   |   []
   |   [][][][][]box-counting di-men-sion 
 []


Overfull \hbox (17.06087pt too wide) in paragraph at lines 325--327
\OT1/cmr/m/n/10 ($\OML/cmm/m/it/10 n[]$[][]\OT1/cmr/m/n/10 ) in the re-sults an
d dis-cus-sion sec-tions re-fer ex-clu-sively to mea-sure-ments ob-tained 
 []



[13]
<../figures/fig5.pdf, id=587, 3142.38249pt x 1291.39005pt>
File: ../figures/fig5.pdf Graphic file (type pdf)
<use ../figures/fig5.pdf>
Package pdftex.def Info: ../figures/fig5.pdf  used on input line 330.
(pdftex.def)             Requested size: 397.48499pt x 163.33475pt.

Underfull \hbox (badness 10000) in paragraph at lines 334--334
[]\OT1/cmr/bx/n/9 Figure  5. \OT1/cmr/m/n/9 (a) Il-lus-tra-tion of res-o-lu-tio
n de-pen-dence in box-counting di-men-sion es-ti-ma-tion.
 []


Underfull \hbox (badness 10000) in paragraph at lines 334--334
\OT1/cmr/m/n/9 Top: A per-fect cir-cle em-bed-ded in $20 \OMS/cmsy/m/n/9 ^^B \O
T1/cmr/m/n/9 20$ and $200 \OMS/cmsy/m/n/9 ^^B \OT1/cmr/m/n/9 200$ pixel grids s
hows that coarse grids
 []


Underfull \hbox (badness 10000) in paragraph at lines 334--334
\OT1/cmr/m/n/9 sys-tem-at-i-cally un-der-es-ti-mate the frac-tal di-men-sion. B
ot-tom: Plot of mea-sured 2D []|   []   [][]box-
 []


Underfull \hbox (badness 10000) in paragraph at lines 334--334
\OT1/cmr/m/n/9 counting []di-men-sion []|   []   [][]$\OML/cmm/m/it/9 n[]$ []\O
T1/cmr/m/n/9 ver-sus im-age width $\OML/cmm/m/it/9 W$\OT1/cmr/m/n/9 , high-ligh
t-ing a resolution-dependent
 []


Underfull \hbox (badness 10000) in paragraph at lines 334--334
\OT1/cmr/m/n/9 regime at low $\OML/cmm/m/it/9 W$ \OT1/cmr/m/n/9 and a sta-ble r
e-gion at high $\OML/cmm/m/it/9 W$\OT1/cmr/m/n/9 . The tran-si-tion scale ($\OM
L/cmm/m/it/9 W \OMS/cmsy/m/n/9 ^^Y \OT1/cmr/m/n/9 100$ pix-els) was
 []


Underfull \hbox (badness 10000) in paragraph at lines 334--334
\OT1/cmr/m/n/9 iden-ti-fied by re-peat-ing the box-counting cal-cu-la-tion acro
ss in-creas-ing im-age sizes and se-lect-ing
 []


Underfull \hbox (badness 10000) in paragraph at lines 334--334
\OT1/cmr/m/n/9 the small-est $\OML/cmm/m/it/9 W$ \OT1/cmr/m/n/9 be-yond which f
ur-ther in-creases pro-duced neg-li-gi-ble changes in the es-ti-mated
 []


Underfull \hbox (badness 10000) in paragraph at lines 334--334
\OT1/cmr/m/n/9 di-men-sion. (b) Ex-am-ple box-counting di-men-sion es-ti-mates 
for two ex-per-i-men-tal flocs im-aged at
 []


Overfull \hbox (1.98146pt too wide) in paragraph at lines 340--342
[]\OT1/cmr/m/n/10 In most [][]|   []   |   [][] [][][]in situ [][]ex-per-i-ment
s, the pri-mary par-ti-cle di-am-e-ter $\OML/cmm/m/it/10 d[]$ \OT1/cmr/m/n/10 i
s as-sumed 
 []


Overfull \hbox (14.65468pt too wide) in paragraph at lines 340--342
\OT1/cmr/m/n/10 from the in-put sediment-size dis-tri-bu-tion and hy-poth-e-siz
ed floc-formation con-di-tions be- 
 []


Overfull \hbox (6.17609pt too wide) in paragraph at lines 340--342
\OT1/cmr/m/n/10 cause $\OML/cmm/m/it/10 d[]$ \OT1/cmr/m/n/10 is rarely re-solv-
able di-rectly. This prac-tice can be un-cer-tain when the ef-fec-tive 
 []


Overfull \hbox (1.87682pt too wide) in paragraph at lines 340--342
\OT1/cmr/m/n/10 pri-mary scale dif-fers from the feed dis-tri-bu-tion or varies
 across ag-gre-ga-tion path-ways. 
 []


Overfull \hbox (9.6485pt too wide) in paragraph at lines 340--342
\OT1/cmr/m/n/10 Here we iden-tify $\OML/cmm/m/it/10 d[]$ \OT1/cmr/m/n/10 em-pir
-i-cally by lever-ag-ing mul-ti-ple floc sub-pop-u-la-tions with dis-tinct 
 []


Overfull \hbox (1.97372pt too wide) in paragraph at lines 340--342
\OT1/cmr/m/n/10 frac-tal di-men-sions $\OML/cmm/m/it/10 n[]$\OT1/cmr/m/n/10 . I
n the ex-per-i-men-tal ap-pli-ca-tion, we treat $\OML/cmm/m/it/10 d[]$ \OT1/cmr
/m/n/10 as an experiment- 
 []


Overfull \hbox (4.36269pt too wide) in paragraph at lines 340--342
\OT1/cmr/m/n/10 level pa-ram-e-ter com-mon to all $\OML/cmm/m/it/10 n[]$\OT1/cm
r/m/n/10 -stratified sub-pop-u-la-tions. As im-plied by Eq. [], $\OML/cmm/m/it/
10 d[]$ 
 []


Overfull \hbox (11.21895pt too wide) in paragraph at lines 340--342
\OT1/cmr/m/n/10 does not af-fect the slope of the $[](\OML/cmm/m/it/10 w[]\OT1/
cmr/m/n/10 )$--$[](\OML/cmm/m/it/10 d[]\OT1/cmr/m/n/10 )$ re-la-tion (the slope
 is $\OML/cmm/m/it/10 n[] \OMS/cmsy/m/n/10 ^^@ \OT1/cmr/m/n/10 1$), but it fixe
s 
 []


Overfull \hbox (7.56493pt too wide) in paragraph at lines 340--342
\OT1/cmr/m/n/10 a com-mon in-ter-sec-tion of the sub-group re-gres-sions. This 
is be-cause at $\OML/cmm/m/it/10 d[] \OT1/cmr/m/n/10 = \OML/cmm/m/it/10 d[]$\OT
1/cmr/m/n/10 , the ob- 
 []


Overfull \hbox (85.51239pt too wide) in paragraph at lines 340--342
\OT1/cmr/m/n/10 ject is a pri-mary par-ti-cle (not a floc), so sub-sti-tut-ing 
$\OML/cmm/m/it/10 d[] \OT1/cmr/m/n/10 = \OML/cmm/m/it/10 d[]$ \OT1/cmr/m/n/10 i
nto Eq. [] yields [][]|   [][][][][]$\OML/cmm/m/it/10 w[] \OT1/cmr/m/n/10 = 
 []


Overfull \hbox (4.82343pt too wide) in paragraph at lines 340--342
\OT1/cmr/m/n/10 (\OML/cmm/m/it/10 g R[]=b[]^^W\OT1/cmr/m/n/10 ) \OML/cmm/m/it/1
0 d[]$[][]\OT1/cmr/m/n/10 , which is in-de-pen-dent of $\OML/cmm/m/it/10 n[]$\O
T1/cmr/m/n/10 . Con-se-quently, re-gres-sions from any num-ber 
 []


Overfull \hbox (76.48058pt too wide) in paragraph at lines 340--342
\OT1/cmr/m/n/10 of $\OML/cmm/m/it/10 n[]$\OT1/cmr/m/n/10 -stratified sub-pop-u-
la-tions in-ter-sect at [][]|   [][][][][]$(\OML/cmm/m/it/10 d[]; w[]\OT1/cmr/m
/n/10 ) = (\OML/cmm/m/it/10 d[];  \OT1/cmr/m/n/10 (\OML/cmm/m/it/10 g R[]=b[]^^
W\OT1/cmr/m/n/10 ) \OML/cmm/m/it/10 d[]\OT1/cmr/m/n/10 )$[][]. 
 []


Overfull \hbox (37.11787pt too wide) in paragraph at lines 340--342
\OT1/cmr/m/n/10 We re-fer to this com-mon in-ter-sec-tion di-am-e-ter as $\OML/
cmm/m/it/10 d[]$\OT1/cmr/m/n/10 . In our syn-thetic ex-am-ple (Fig. 1[]), 
 []


Overfull \hbox (32.52046pt too wide) in paragraph at lines 340--342
\OML/cmm/m/it/10 d[] \OMS/cmsy/m/n/10 ^^Y \OT1/cmr/m/n/10 10[] m$, be-cause the
 syn-thetic data were gen-er-ated us-ing this pre-scribed primary- 
 []



[14 <../figures/fig5.pdf>]
Overfull \hbox (17.1823pt too wide) in paragraph at lines 344--345
[]|   []   |   []   |   []   |   []   |   []   |   []   |   []   |   []   |   [
]   |   []   [][][][]\OT1/cmr/m/n/10 A [][]floc con-tains many 
 []


Overfull \hbox (3.16986pt too wide) in paragraph at lines 344--345
\OT1/cmr/m/n/10 pri-mary par-ti-cles. For ex-am-ple, with [][]|   []   [][][][]
$\OML/cmm/m/it/10 d[] \OMS/cmsy/m/n/10 ^^X \OT1/cmr/m/n/10 10[]$ m, $\OML/cmm/m
/it/10 d[] \OMS/cmsy/m/n/10 ^^X \OT1/cmr/m/n/10 10[]$ m, [][]and 
 []


Overfull \hbox (17.71014pt too wide) in paragraph at lines 344--345
\OT1/cmr/m/n/10 mea-sure-ments re-flect the col-lec-tive be-hav-ior of ag-gre-g
ates built from a com-mon sed-i-ment 
 []


Overfull \hbox (13.70398pt too wide) in paragraph at lines 344--345
\OT1/cmr/m/n/10 pool, and the in-ferred $\OML/cmm/m/it/10 d[]$ \OT1/cmr/m/n/10 
should be in-ter-preted as an ef-fec-tive pri-mary scale for the flocs 
 []


Overfull \hbox (0.21013pt too wide) in paragraph at lines 344--345
\OT1/cmr/m/n/10 re-solved by the imag-ing and track-ing. In the syn-thetic ex-a
m-ple, the sub-group re-gres- 
 []


Overfull \hbox (1.34892pt too wide) in paragraph at lines 344--345
\OT1/cmr/m/n/10 sions in-ter-sect ex-actly at a sin-gle point be-cause the data
 are gen-er-ated un-der the ide- 
 []


Overfull \hbox (7.39844pt too wide) in paragraph at lines 344--345
\OT1/cmr/m/n/10 al-ized as-sump-tion that all pri-mary par-ti-cles share a sin-
gle di-am-e-ter $\OML/cmm/m/it/10 d[]$\OT1/cmr/m/n/10 . In nat-u-ral sed- 
 []


Overfull \hbox (13.23793pt too wide) in paragraph at lines 344--345
\OT1/cmr/m/n/10 i-ments, pri-mary par-ti-cles span a dis-tri-bu-tion of sizes, 
so dif-fer-ent flocs can be built from 
 []


Overfull \hbox (9.6823pt too wide) in paragraph at lines 344--345
[][]|   []   |   []   |   []   |   []   [][][][]\OT1/cmr/m/n/10 dif-fer-ently s
ized par-ti-cles [][]and the sub-group re-gres-sions 
 []


Overfull \hbox (1.62665pt too wide) in paragraph at lines 344--345
\OT1/cmr/m/n/10 need not con-verge to a unique in-ter-sec-tion. We there-fore t
reat the in-ter-sec-tion as dis- 
 []


Overfull \hbox (2.73787pt too wide) in paragraph at lines 344--345
\OT1/cmr/m/n/10 tributed rather than sin-gu-lar and use a Monte Carlo pro-ce-du
re to gen-er-ate an en-sem- 
 []


Overfull \hbox (11.17613pt too wide) in paragraph at lines 344--345
\OT1/cmr/m/n/10 ble of in-ter-sec-tion points, which we in-ter-pret as a dis-tr
i-bu-tion of ef-fec-tive $\OML/cmm/m/it/10 d[]$ \OT1/cmr/m/n/10 val-ues. We 
 []


Overfull \hbox (9.59288pt too wide) in paragraph at lines 344--345
\OT1/cmr/m/n/10 then com-pare this in-ferred $\OML/cmm/m/it/10 d[]$ \OT1/cmr/m/
n/10 dis-tri-bu-tion to the in-put sediment-size dis-tri-bu-tion to as- 
 []


Overfull \hbox (11.29349pt too wide) in paragraph at lines 344--345
\OT1/cmr/m/n/10 sess con-sis-tency and to quan-tify how the sed-i-ment[][]|   [
][][][][]'[][]s primary-size vari-abil-ity prop-a-gates 
 []


Overfull \hbox (24.65454pt too wide) in paragraph at lines 346--347
[]\OT1/cmr/m/n/10 The in-ter-sec-tion method as-sumes a com-mon shape fac-tor $
\OML/cmm/m/it/10 b[]$ \OT1/cmr/m/n/10 across frac-tal sub-groups. 
 []


Overfull \hbox (11.75766pt too wide) in paragraph at lines 346--347
\OT1/cmr/m/n/10 Be-cause drag de-pends on ag-gre-gate struc-ture, $\OML/cmm/m/i
t/10 b[]$ \OT1/cmr/m/n/10 may vary with $\OML/cmm/m/it/10 n[]$\OT1/cmr/m/n/10 ,
 bi-as-ing the in-ferred 
 []


Overfull \hbox (7.12682pt too wide) in paragraph at lines 346--347
\OT1/cmr/m/n/10 in-ter-sec-tion di-am-e-ter. Al-low-ing for subgroup-dependent 
drag, the re-la-tion-ship be-tween 
 []


Overfull \hbox (2.61166pt too wide) in paragraph at lines 346--347
\OT1/cmr/m/n/10 the ob-served in-ter-sec-tion di-am-e-ter $\OML/cmm/m/it/10 d[]
$ \OT1/cmr/m/n/10 and the true pri-mary par-ti-cle di-am-e-ter $\OML/cmm/m/it/1
0 d[]$ 
 []


Overfull \hbox (8.84367pt too wide) in paragraph at lines 355--357
\OT1/cmr/m/n/10 when $\OML/cmm/m/it/10 b[] \OT1/cmr/m/n/10 = \OML/cmm/m/it/10 b
[]$\OT1/cmr/m/n/10 . In this limit, all sub-group re-gres-sions in-ter-sect ex-
actly at the pri-mary 
 []


LaTeX Warning: Reference `tab:bulk_trends' on page 15 undefined on input line 3
66.


Overfull \hbox (2.29343pt too wide) in paragraph at lines 364--367
[]|   []   |   []   |   []   |   []   |   []   |   []   [][][][] []\OT1/cmr/m/n
/10 We [][]first re-port the bulk dis-tri-bu-tions 
 []


Overfull \hbox (34.22697pt too wide) in paragraph at lines 364--367
\OT1/cmr/m/n/10 of floc di-am-e-ter ($\OML/cmm/m/it/10 d[]$\OT1/cmr/m/n/10 ) an
d set-tling ve-loc-ity ($\OML/cmm/m/it/10 w[]$\OT1/cmr/m/n/10 ) across all ex-p
er-i-men-tal con-di-tions ([][]|   []   |   [] 
 []


Overfull \hbox (7.15453pt too wide) in paragraph at lines 364--367
|   []   |   []   |   []   |   []   |   []   |   []   |   []   |   []   |   [] 
  |   []   |   []   |   [] 
 []


Overfull \hbox (14.23788pt too wide) in paragraph at lines 372--447
[]|   []   |   []   |   []   |   []   |   []   |   []   |   []   |   []   |   [
]   |   []   |   []   |   [] 
 []


Overfull \hbox (26.09052pt too wide) in paragraph at lines 372--447
|   []   |   [][] []|   []   [][]|   []   |   []   [][]|   []   |   [][][]|   [
]   [][]\OT1/cmr/m/n/10 Fig. 6[]). Me-dian []$\OML/cmm/m/it/10 d[]$ []|   [][][
]|   []   [][]|   [][][]|   [] 
 []


Overfull \hbox (1.43254pt too wide) in paragraph at lines 372--447
|   [][][]|   [][][]|   []   [][]|   []   [][]|   []   [][]|   []   [][]|   [] 
  [][]|   [][][]|   []   [][]|   [][][]|   []   [][]|   []   [][]|   [] 
 []


Overfull \hbox (35.75215pt too wide) in paragraph at lines 372--447
[][]|   []   [][]|   []   [][]|   [][][]|   []   [][]|   [][][]|   []   [][]|  
 []   [][]|   []   [][]|   []   [][]|   []   [][]|   [][][]|   []   [][]|   [][
][]|   [] 
 []


Overfull \hbox (37.73798pt too wide) in paragraph at lines 372--447
[][]|   []   [][]\OT1/cmr/m/n/10 de-creases mono-ton-i-cally with in-creas-ing 
shear ve-loc-ity (Fig. 6[]a), con-sis-tent with stronger 
 []


Overfull \hbox (38.96033pt too wide) in paragraph at lines 372--447
\OT1/cmr/m/n/10 tur-bu-lence break-ing apart ag-gre-gates. In con-trast, $\OML/
cmm/m/it/10 d[]$ \OT1/cmr/m/n/10 re-sponds weakly and non-monotonically 
 []


Overfull \hbox (23.96036pt too wide) in paragraph at lines 372--447
\OT1/cmr/m/n/10 to or-ganic mat-ter con-tent, in-creas-ing slightly from []1[]|
   []   [][]|   []   [][]|   [][][]|   []   [][]|   [][][]|   [] 
 []


Overfull \hbox (5.98813pt too wide) in paragraph at lines 372--447
[][]|   []   [][]\OT1/cmr/m/n/10 % to []2[]|   []   [][]|   []   [][]|   [][][]
|   []   [][]|   [][][]|   []   [][]|   []   [][]% OM be-fore de-clin-ing at []
3[]|   [] 
 []



[15]
Overfull \hbox (16.5712pt too wide) in paragraph at lines 449--454
[]|   []   |   []   |   []   |   []   |   []   |   []   |   []   |   []   |   [
]   |   []   |   []   |   []   |   []   |   [] 
 []


Overfull \hbox (4.72629pt too wide) in paragraph at lines 449--454
|   []   |   []   |   []   |   []   [][]|   []   |   []   |   [][][][][]\OT1/cm
r/m/n/10 % OM (Fig. 6[]b). Me-dian set-tling ve-loc-ity 
 []


Overfull \hbox (6.97957pt too wide) in paragraph at lines 449--454
\OML/cmm/m/it/10 w[]$ \OT1/cmr/m/n/10 ex-hibits a non-monotonic de-pen-dence on
 shear ve-loc-ity, peak-ing at $\OML/cmm/m/it/10 u[] \OT1/cmr/m/n/10 = 0\OML/cm
m/m/it/10 :\OT1/cmr/m/n/10 03$[][] m[][]|   [] 
 []


Overfull \hbox (7.87946pt too wide) in paragraph at lines 449--454
|   []   |   []   [][]|   []   |   []   |   []   |   []   |   []   |   []   |  
 []   |   []   |   []   |   []   |   [] 
 []


Overfull \hbox (49.93234pt too wide) in paragraph at lines 449--454
|   []   |   []   [][]|   []   |   []   |   []   |   []   |   []   |   []   |  
 []   |   []   |   []   |   []   |   []   |   []   |   [] 
 []


Overfull \hbox (39.14217pt too wide) in paragraph at lines 449--454
|   []   |   []   |   []   |   []   |   []   |   []   |   []   |   []   |   [] 
  |   [][][][][]\OT1/cmr/m/n/10 s[][]$[]$ [][]|   []   |   []   |   []   |   []
   |   []   |   []   |   []   |   [] 
 []


Overfull \hbox (4.40456pt too wide) in paragraph at lines 449--454
|   []   |   []   |   []   |   []   |   []   |   []   |   []   |   []   |   [] 
  |   []   |   []   |   [] 
 []


Overfull \hbox (11.34093pt too wide) in paragraph at lines 449--454
|   []   |   []   |   []   |   []   |   []   |   []   |   []   |   []   |   [] 
  |   []   |   []   |   []   |   [] 
 []


Overfull \hbox (21.71024pt too wide) in paragraph at lines 449--454
|   []   |   []   |   []   |   []   |   [][][][][]\OT1/cmr/m/n/10 rather than d
e-creas-ing steadily (Fig. 6[]c). With 
 []

<../figures/fig6.pdf, id=626, 369.07889pt x 300.94434pt>
File: ../figures/fig6.pdf Graphic file (type pdf)
<use ../figures/fig6.pdf>
Package pdftex.def Info: ../figures/fig6.pdf  used on input line 457.
(pdftex.def)             Requested size: 317.9892pt x 259.29382pt.

Underfull \hbox (badness 10000) in paragraph at lines 458--458
[]\OT1/cmr/bx/n/9 Figure  6. []\OT1/cmr/m/n/9 Me-dian floc di-am-e-ter ($\OML/c
mm/m/it/9 d[]$\OT1/cmr/m/n/9 ) and set-tling ve-loc-ity ($\OML/cmm/m/it/9 w[]$\
OT1/cmr/m/n/9 ) with in-terquar-tile ranges for
 []


Underfull \hbox (badness 10000) in paragraph at lines 458--458
\OT1/cmr/m/n/9 vary-ing shear ve-loc-ity (a, c) and or-ganic mat-ter con-tent (
b, d). Dashed lines show nor-mal-ized
 []


Underfull \hbox (badness 10000) in paragraph at lines 458--458
\OT1/cmr/m/n/9 model pre-dic-tions: in pan-els (a, b), the [][]Nghiem et al.[] 
(2022) []equi-lib-rium floc di-am-e-ter trend
 []


Underfull \hbox (badness 4341) in paragraph at lines 458--458
\OT1/cmr/m/n/9 dashed; Eq. [] with $\OML/cmm/m/it/9 n[] \OT1/cmr/m/n/9 = 2$) an
d the mod-i-fied model with mea-sured $\OML/cmm/m/it/9 n[]$ \OT1/cmr/m/n/9 and 
$\OML/cmm/m/it/9 d[]$ \OT1/cmr/m/n/9 (blue dashed;
 []


Underfull \hbox (badness 10000) in paragraph at lines 458--458
\OT1/cmr/m/n/9 Eq. [] with condition-specific $\OML/cmm/m/it/9 n[]$ \OT1/cmr/m/
n/9 and $\OML/cmm/m/it/9 d[]$\OT1/cmr/m/n/9 ; see Sec-tion 3.1[]). Each model t
rend is nor-mal-ized by a
 []


Overfull \hbox (12.96004pt too wide) in paragraph at lines 463--464
[]\OT1/cmr/m/n/10 To in-ter-pret these trends mech-a-nis-ti-cally, we com-pare 
our ob-ser-va-tions against the 
 []


Overfull \hbox (3.98796pt too wide) in paragraph at lines 463--464
\OT1/cmr/m/n/10 semi-empirical fresh-wa-ter floc-cu-la-tion frame-work of [][]N
ghiem et al.[] (2022)[]. That model 
 []


Overfull \hbox (2.48799pt too wide) in paragraph at lines 463--464
\OT1/cmr/m/n/10 pre-dicts both the equi-lib-rium floc di-am-e-ter $\OML/cmm/m/i
t/10 d[]$ \OT1/cmr/m/n/10 and the cor-re-spond-ing set-tling ve-loc-ity 
 []


Overfull \hbox (5.91211pt too wide) in paragraph at lines 463--464
\OML/cmm/m/it/10 w[]$ \OT1/cmr/m/n/10 as func-tions of two en-vi-ron-men-tal in
-puts: the Kol-mogorov mi-croscale $\OML/cmm/m/it/10 ^^Q$ \OT1/cmr/m/n/10 (whic
h sets 
 []


Overfull \hbox (12.43239pt too wide) in paragraph at lines 463--464
\OT1/cmr/m/n/10 the small-est tur-bu-lent eddy that can break flocs) and the fr
ac-tional or-ganic sur-face cov- 
 []


Overfull \hbox (0.87685pt too wide) in paragraph at lines 463--464
\OT1/cmr/m/n/10 er-age $\OML/cmm/m/it/10 ^^R$ \OT1/cmr/m/n/10 (which con-trols 
bind-ing strength). Eval-u-at-ing this model against our data re- 
 []


Overfull \hbox (3.92085pt too wide) in paragraph at lines 463--464
\OT1/cmr/m/n/10 quires map-ping our ex-per-i-men-tal con-trol variables---impos
ed shear ve-loc-ity $\OML/cmm/m/it/10 u[]$ \OT1/cmr/m/n/10 and or- 
 []



[16 <../figures/fig6.pdf>]
Overfull \hbox (4.67067pt too wide) in paragraph at lines 465--466
[]\OT1/cmr/m/n/10 In [][]|   []   |   []   |   []   |   []   |   []   |   []   
|   []   [][][][]ap-ply-ing their 
 []


Overfull \hbox (12.2657pt too wide) in paragraph at lines 465--466
\OT1/cmr/m/n/10 model to river field data, [][]Nghiem et al.[] (2022) []used an
 open-channel re-la-tion where tur- 
 []


Overfull \hbox (4.48796pt too wide) in paragraph at lines 465--466
\OT1/cmr/m/n/10 bu-lent dis-si-pa-tion is gen-er-ated solely by bed fric-tion. 
Our ex-per-i-men-tal ap-pa-ra-tus is a 
 []


Overfull \hbox (22.96025pt too wide) in paragraph at lines 465--466
\OT1/cmr/m/n/10 top-driven cylin-dri-cal tank in which sta-tion-ary side-wall f
ric-tion acts as an ad-di-tional dom- 
 []


Overfull \hbox (11.85251pt too wide) in paragraph at lines 465--466
\OT1/cmr/m/n/10 i-nant en-ergy sink. To cal-cu-late the volume-averaged tur-bu-
lent dis-si-pa-tion rate $[]$, we 
 []


Overfull \hbox (5.84901pt too wide) in paragraph at lines 465--466
\OT1/cmr/m/n/10 eval-u-ate the steady-state power bal-ance [][]Camp & Stein, 19
43)[], equat-ing the power in- 
 []


Overfull \hbox (15.12688pt too wide) in paragraph at lines 465--466
\OT1/cmr/m/n/10 jected by the ro-tat-ing lid to the power dis-si-pated by fric-
tion on all tank bound-aries (bed 
 []


Overfull \hbox (5.57109pt too wide) in paragraph at lines 465--466
\OT1/cmr/m/n/10 and side-walls). As-sum-ing the wall shear stress scales with t
he cal-i-brated bed shear ve- 
 []


Overfull \hbox (10.00644pt too wide) in paragraph at lines 465--466
\OT1/cmr/m/n/10 loc-ity ($\OML/cmm/m/it/10 ^^\[] \OMS/cmsy/m/n/10 ^^Y \OML/cmm/
m/it/10 ^^Z[]u[]$\OT1/cmr/m/n/10 ) [][]Pope, 2000; Schlicht-ing & Ger-sten, 200
0) []and sub-sti-tut-ing the bulk 
 []


Overfull \hbox (28.87683pt too wide) in paragraph at lines 469--472
\OT1/cmr/m/n/10 is the skin fric-tion co-ef-fi-cient for fully tur-bu-lent swir
ling flow [][]Daily & Nece, 1960; Schlicht- 
 []


Overfull \hbox (0.60007pt too wide) in paragraph at lines 469--472
\OT1/cmr/m/n/10 ing & Ger-sten, 2000)[]. The Kol-mogorov mi-croscale is then $\
OML/cmm/m/it/10 ^^Q \OT1/cmr/m/n/10 = (\OML/cmm/m/it/10 ^^W[]=[]\OT1/cmr/m/n/10
 )[]$. Be-cause 
 []


Overfull \hbox (13.68585pt too wide) in paragraph at lines 469--472
\OT1/cmr/m/n/10 of the ex-ten-sive side-wall area, $[]$ is sub-stan-tially larg
er than open-channel pre-dic-tions 
 []


Overfull \hbox (5.12552pt too wide) in paragraph at lines 469--472
\OT1/cmr/m/n/10 for an equiv-a-lent $\OML/cmm/m/it/10 u[]$\OT1/cmr/m/n/10 , so 
the ab-so-lute value of $\OML/cmm/m/it/10 ^^Q$ \OT1/cmr/m/n/10 is smaller. How-
ever, $[] \OMS/cmsy/m/n/10 / \OML/cmm/m/it/10 u[]$ \OT1/cmr/m/n/10 re-gard- 
 []


Overfull \hbox (21.1337pt too wide) in paragraph at lines 469--472
\OT1/cmr/m/n/10 less of tank ge-om-e-try, so the func-tional scal-ing is iden-t
i-cal to an open chan-nel: $\OML/cmm/m/it/10 ^^Q \OMS/cmsy/m/n/10 / \OML/cmm/m/
it/10 u[]$\OT1/cmr/m/n/10 . 
 []


Overfull \hbox (1.07124pt too wide) in paragraph at lines 473--474
[][]\OT1/cmr/m/n/10 Nghiem et al.[] (2022) []pa-ram-e-ter-ized or-ganic bind-in
g us-ing field mea-sure-ments of 
 []


Overfull \hbox (2.43242pt too wide) in paragraph at lines 473--474
\OT1/cmr/m/n/10 par-tic-u-late or-ganic car-bon (OC), re-quir-ing an in-ter-me-
di-ate sto-i-chio-met-ric as-sump-tion 
 []


Overfull \hbox (13.62683pt too wide) in paragraph at lines 473--474
\OT1/cmr/m/n/10 (cel-lu-lose com-po-si-tion) to con-vert OC to to-tal or-ganic 
mat-ter (OM). Be-cause our ex-per- 
 []


Overfull \hbox (4.43243pt too wide) in paragraph at lines 473--474
\OT1/cmr/m/n/10 i-ments use guar gum---a pure polysac-cha-ride proxy for nat-u-
ral ex-tra-cel-lu-lar poly-meric 
 []


Overfull \hbox (1.48781pt too wide) in paragraph at lines 473--474
\OT1/cmr/m/n/10 substances---we by-pass this con-ver-sion and use the ex-per-i-
men-tal weight per-cent-age of 
 []


Overfull \hbox (3.07127pt too wide) in paragraph at lines 473--474
\OT1/cmr/m/n/10 OM di-rectly. Fol-low-ing Eq. 19 of [][]Nghiem et al.[] (2022)[
], the frac-tional sur-face cov-er-age 
 []


Overfull \hbox (32.07193pt too wide) in paragraph at lines 477--481
[]\OT1/cmr/m/n/10 where $\OML/cmm/m/it/10 ^^Z[] \OT1/cmr/m/n/10 = 2650$ kg[][][
][]|   []   |   []   |   []   |   []   |   []   |   []   |   []   |   []   |   
[] 
 []


Overfull \hbox (19.46394pt too wide) in paragraph at lines 477--481
|   []   |   []   |   []   |   []   |   []   |   []   |   [][][][][]\OT1/cmr/m/
n/10 m$[]$ is the sed-i-ment grain den-sity, $\OML/cmm/m/it/10 ^^Z[] \OT1/cmr/m
/n/10 = 1000$ kg[][][][]|   []   |   []   |   []   |   [] 
 []


Overfull \hbox (21.19624pt too wide) in paragraph at lines 477--481
|   []   |   []   |   []   |   []   |   []   |   []   |   []   |   []   |   [] 
  |   []   |   []   |   []   [][]|   []   |   []   |   []   [][][][]\OT1/cmr/m/
n/10 m$[]$ 
 []


Overfull \hbox (4.80219pt too wide) in paragraph at lines 477--481
\OT1/cmr/m/n/10 is the or-ganic mat-ter den-sity, $\OML/cmm/m/it/10 d[]$ \OT1/c
mr/m/n/10 is the pri-mary par-ti-cle di-am-e-ter, and $\OML/cmm/m/it/10 ^^N \OT
1/cmr/m/n/10 = 1 \OML/cmm/m/it/10 ^^V$\OT1/cmr/m/n/10 m is the 
 []


Overfull \hbox (5.98787pt too wide) in paragraph at lines 482--484
[]\OT1/cmr/m/n/10 A key prop-erty of the [][]Nghiem et al.[] (2022) []frame-wor
k is that the pre-dicted equi- 
 []


Overfull \hbox (3.8213pt too wide) in paragraph at lines 482--484
\OT1/cmr/m/n/10 lib-rium floc di-am-e-ter does not de-pend on the frac-tal di-m
en-sion. In their model (Eq. 9 
 []


Overfull \hbox (13.36884pt too wide) in paragraph at lines 482--484
\OT1/cmr/m/n/10 in their study), the frac-tal di-men-sion $\OML/cmm/m/it/10 n[]
$ \OT1/cmr/m/n/10 en-ters both the ag-gre-ga-tion and breakup terms 
 []


Overfull \hbox (9.1651pt too wide) in paragraph at lines 482--484
\OT1/cmr/m/n/10 of the floc growth equa-tion through iden-ti-cal pow-ers of $\O
ML/cmm/m/it/10 d[]$\OT1/cmr/m/n/10 : ag-gre-ga-tion scales as $\OML/cmm/m/it/10
 d[]$ 
 []


Overfull \hbox (8.50412pt too wide) in paragraph at lines 482--484
\OT1/cmr/m/n/10 and breakup as $\OML/cmm/m/it/10 d[]$\OT1/cmr/m/n/10 . When the
se two terms are set equal at equi-lib-rium, $\OML/cmm/m/it/10 n[]$ \OT1/cmr/m/
n/10 can-cels al- 
 []


Overfull \hbox (12.31902pt too wide) in paragraph at lines 482--484
\OT1/cmr/m/n/10 ge-braically and the re-sult-ing equi-lib-rium di-am-e-ter $\OM
L/cmm/m/it/10 d[]$ \OT1/cmr/m/n/10 de-pends only on $\OML/cmm/m/it/10 ^^Q$ \OT1
/cmr/m/n/10 and $\OML/cmm/m/it/10 ^^R$\OT1/cmr/m/n/10 . Phys- 
 []


Overfull \hbox (15.54344pt too wide) in paragraph at lines 482--484
\OT1/cmr/m/n/10 i-cally, this can-cel-la-tion re-flects the fact that the same 
frac-tal struc-ture gov-erns both how 
 []


Overfull \hbox (7.68234pt too wide) in paragraph at lines 482--484
\OT1/cmr/m/n/10 ef-fi-ciently par-ti-cles col-lide (ag-gre-ga-tion) and how sus
-cep-ti-ble the ag-gre-gate is to tur-bu- 
 []


Overfull \hbox (5.62682pt too wide) in paragraph at lines 485--487
[]\OT1/cmr/m/n/10 Using the cal-i-brated ex-po-nents from [][]Nghiem et al.[] (
2022) [](their Eqs. 23--24), the 
 []


Overfull \hbox (7.93234pt too wide) in paragraph at lines 485--487
\OT1/cmr/m/n/10 organic-matter de-pen-dence en-ters through $\OML/cmm/m/it/10 ^
^R$ \OT1/cmr/m/n/10 (Eq. []). Be-cause the model pa-ram-e-ters 
 []


Overfull \hbox (26.3768pt too wide) in paragraph at lines 485--487
\OT1/cmr/m/n/10 were cal-i-brated for river field con-di-tions rather than our 
tank ge-om-e-try, we com-pare trends 
 []


Overfull \hbox (27.0782pt too wide) in paragraph at lines 485--487
\OT1/cmr/m/n/10 rather than ab-so-lute mag-ni-tudes: we nor-mal-ize the pre-dic
ted $\OML/cmm/m/it/10 d[]$ \OT1/cmr/m/n/10 by a sin-gle least-squares 
 []


Overfull \hbox (9.48796pt too wide) in paragraph at lines 485--487
\OT1/cmr/m/n/10 con-stant and plot it against the mea-sured me-di-ans in Fig. 6
[]a,b; the model cap-tures the 
 []


Overfull \hbox (3.34904pt too wide) in paragraph at lines 485--487
\OT1/cmr/m/n/10 mono-tonic de-crease of $\OML/cmm/m/it/10 d[]$ \OT1/cmr/m/n/10 
with shear and the weak non-monotonic re-sponse to or-ganic 
 []



[17]
Overfull \hbox (7.14656pt too wide) in paragraph at lines 488--489
[]\OT1/cmr/m/n/10 Although the equi-lib-rium floc di-am-e-ter is in-de-pen-dent
 of $\OML/cmm/m/it/10 n[]$\OT1/cmr/m/n/10 , the set-tling ve-loc-ity 
 []


Overfull \hbox (13.00717pt too wide) in paragraph at lines 488--489
\OT1/cmr/m/n/10 is not. Equa-tion [] shows that $\OML/cmm/m/it/10 w[]$ \OT1/cmr
/m/n/10 de-pends on $\OML/cmm/m/it/10 n[]$ \OT1/cmr/m/n/10 through two ex-po-ne
nts: $\OML/cmm/m/it/10 d[]$ \OT1/cmr/m/n/10 in the 
 []


Overfull \hbox (1.07361pt too wide) in paragraph at lines 488--489
\OT1/cmr/m/n/10 pref-ac-tor and $\OML/cmm/m/it/10 d[]$ \OT1/cmr/m/n/10 in the s
ize scal-ing. The [][]Nghiem et al.[] (2022) []model adopts $\OML/cmm/m/it/10 n
[] \OT1/cmr/m/n/10 = 
 []


Overfull \hbox (8.59276pt too wide) in paragraph at lines 488--489
\OT1/cmr/m/n/10 am-e-ter in which $\OML/cmm/m/it/10 d[]$ \OT1/cmr/m/n/10 and $\
OML/cmm/m/it/10 b[]$ \OT1/cmr/m/n/10 are ab-sorbed into the pref-ac-tor. We re-
fer to this as the base 
 []


Overfull \hbox (12.73793pt too wide) in paragraph at lines 488--489
\OT1/cmr/m/n/10 model. We com-pare the pre-dicted and ob-served trends rather t
han ab-so-lute mag-ni-tudes 
 []


Overfull \hbox (20.18236pt too wide) in paragraph at lines 488--489
\OT1/cmr/m/n/10 for two rea-sons. First, the [][]Nghiem et al.[] (2022) []model
 pa-ram-e-ters were cal-i-brated against 
 []


Overfull \hbox (4.01572pt too wide) in paragraph at lines 488--489
\OT1/cmr/m/n/10 river field data; ap-ply-ing them to our tank ge-om-e-try, whic
h has a dif-fer-ent en-ergy dis- 
 []


Overfull \hbox (6.2935pt too wide) in paragraph at lines 488--489
\OT1/cmr/m/n/10 si-pa-tion dis-tri-bu-tion, would re-quire re-calibration. Sec-
ond, the set-tling ve-loc-ity pref-ac- 
 []


Overfull \hbox (7.32126pt too wide) in paragraph at lines 488--489
\OT1/cmr/m/n/10 tor con-tains the shape fac-tor $\OML/cmm/m/it/10 b[]$\OT1/cmr/
m/n/10 , which is not in-de-pen-dently con-strained and may it-self 
 []


Overfull \hbox (7.11871pt too wide) in paragraph at lines 488--489
\OT1/cmr/m/n/10 vary with $\OML/cmm/m/it/10 n[]$ \OT1/cmr/m/n/10 (see Sec-tion 
3.3[]). We there-fore nor-mal-ize each model pre-dic-tion by a sin- 
 []


Overfull \hbox (15.65094pt too wide) in paragraph at lines 488--489
\OT1/cmr/m/n/10 gle least-squares con-stant ($[] = \OML/cmm/m/it/10 k[] d[]$\OT
1/cmr/m/n/10 ) and com-pare the pre-dicted trend against 
 []


Overfull \hbox (4.29347pt too wide) in paragraph at lines 488--489
\OT1/cmr/m/n/10 the mea-sured me-di-ans in Fig. 6[]c,d. Be-cause the base model
 is lin-ear in $\OML/cmm/m/it/10 d[]$\OT1/cmr/m/n/10 , and $\OML/cmm/m/it/10 d[
]$ \OT1/cmr/m/n/10 de- 
 []


Overfull \hbox (11.2101pt too wide) in paragraph at lines 488--489
\OT1/cmr/m/n/10 creases mono-ton-i-cally with shear, the base model strictly pr
e-dicts a mono-tonic de-crease 
 []


Overfull \hbox (8.8102pt too wide) in paragraph at lines 488--489
[][]\OT1/cmr/m/n/10 in $\OML/cmm/m/it/10 w[]$ \OT1/cmr/m/n/10 with in-creas-ing
 [][]|   []   |   []   |   []   |   []   |   []   |   []   |   []   |   []   | 
  []   |   []   |   [] 
 []


Overfull \hbox (15.72992pt too wide) in paragraph at lines 488--489
|   []   |   []   |   []   |   []   |   []   |   []   |   []   |   []   |   [] 
  |   []   |   []   |   [] 
 []


Overfull \hbox (6.25412pt too wide) in paragraph at lines 488--489
|   []   |   []   |   []   |   []   |   []   |   []   |   []   |   []   [][][][
]$\OML/cmm/m/it/10 u[]$\OT1/cmr/m/n/10 . It there-fore can-not re-pro-duce the 

 []


Overfull \hbox (9.47676pt too wide) in paragraph at lines 488--489
\OT1/cmr/m/n/10 creases slightly with OM (for $\OML/cmm/m/it/10 ^^R < \OT1/cmr/
m/n/10 0\OML/cmm/m/it/10 :\OT1/cmr/m/n/10 5$), the base model pre-dicts $\OML/c
mm/m/it/10 w[]$ \OT1/cmr/m/n/10 in-creas-ing with OM, 
 []


Overfull \hbox (15.96014pt too wide) in paragraph at lines 490--491
[]\OT1/cmr/m/n/10 These [][]|   []   |   []   |   []   |   []   |   []   |   []
   |   []   |   []   |   []   |   []   |   [] 
 []


Overfull \hbox (7.01566pt too wide) in paragraph at lines 490--491
|   []   |   []   |   []   |   []   |   []   |   []   |   []   |   []   |   [] 
  |   []   |   []   |   []   |   []   [][][][]\OT1/cmr/m/n/10 dis-crep-an-cies 
mo- 
 []


Overfull \hbox (40.82137pt too wide) in paragraph at lines 490--491
\OT1/cmr/m/n/10 ti-vate a closer ex-am-i-na-tion of the in-ter-nal [][]struc-tu
ral [][]|   []   |   []   |   []   |   []   |   []   |   [] 
 []


Overfull \hbox (7.20207pt too wide) in paragraph at lines 490--491
|   []   [][][][]\OT1/cmr/m/n/10 properties---the frac-tal di-men-sion [][]$\OM
L/cmm/m/it/10 n[]$ [][]\OT1/cmr/m/n/10 and the ef-fec-tive pri-mary par-ti-cle 
di- 
 []


Overfull \hbox (18.31508pt too wide) in paragraph at lines 490--491
\OT1/cmr/m/n/10 am-e-ter $\OML/cmm/m/it/10 d[]$\OT1/cmr/m/n/10 ---that the base
 model holds fixed. In the fol-low-ing two sub-sec-tions, we de-velop 
 []


Overfull \hbox (19.44603pt too wide) in paragraph at lines 490--491
\OT1/cmr/m/n/10 meth-ods to ex-tract condition-specific es-ti-mates of $\OML/cm
m/m/it/10 n[]$ \OT1/cmr/m/n/10 (Sec-tion 3.2.1[]) and $\OML/cmm/m/it/10 d[]$ \O
T1/cmr/m/n/10 (Sec-tion 3.3[]), 
 []


Overfull \hbox (6.62686pt too wide) in paragraph at lines 490--491
\OT1/cmr/m/n/10 and in Sec-tion 3.1[] we show that in-cor-po-rat-ing this mea-s
ured struc-tural vari-abil-ity into 
 []


Overfull \hbox (28.55179pt too wide) in paragraph at lines 493--493
[][][]|   []   |   []   |   []   |   []   |   []   |   []   |   [][][][][]\OT1/
cmr/bx/n/10 Stratifying 
 []


Overfull \hbox (3.099pt too wide) in paragraph at lines 503--506
[]\OT1/cmr/m/n/10 To in-fer a [][]|   []   [][]frac-tal di-men-sion from set-tl
ing data, we group flocs 
 []


Overfull \hbox (34.46959pt too wide) in paragraph at lines 503--506
\OT1/cmr/m/n/10 into bins based on their [][]|   []   [][][][]2D [][]box-counti
ng [][]|   []   |   []   |   [][][][][]dimension, 
 []


Overfull \hbox (1.96022pt too wide) in paragraph at lines 503--506
\OML/cmm/m/it/10 n[]$[][]\OT1/cmr/m/n/10 , mea-sured from im-ages. The bin widt
h in [][]|   []   |   []   [][][][]$\OML/cmm/m/it/10 n[]$ \OT1/cmr/m/n/10 serve
s only as [][]a coarse- 
 []


Overfull \hbox (19.18231pt too wide) in paragraph at lines 503--506
\OT1/cmr/m/n/10 graining scale [][]|   []   |   []   [][][][]for sep-a-rat-ing 
dis-crete struc-tural classes, not as [][]a phys-i-cal con- 
 []


Overfull \hbox (0.40456pt too wide) in paragraph at lines 503--506
\OT1/cmr/m/n/10 trol pa-ram-e-ter. If a pop-u-la-tion con-tains [][]|   []   []
[][][]dis-tinct [][]struc-tural classes (e.g., non- 
 []


Overfull \hbox (22.05501pt too wide) in paragraph at lines 503--506
\OT1/cmr/m/n/10 flocculating grains with $\OML/cmm/m/it/10 n[] \OMS/cmsy/m/n/10
 ^^Y \OT1/cmr/m/n/10 3$ and flocs with $\OML/cmm/m/it/10 n[] \OMS/cmsy/m/n/10 ^
^Y \OT1/cmr/m/n/10 2$), finer strat-i-fi-ca-tion [][]|   []   |   [] 
 []


Overfull \hbox (8.07112pt too wide) in paragraph at lines 503--506
[][][][]\OT1/cmr/m/n/10 merely sub-di-vides these classes into [][]re-dun-dant 
bins that re-cover the same class-specific 
 []


Overfull \hbox (24.07121pt too wide) in paragraph at lines 503--506
\OT1/cmr/m/n/10 slopes. [][]|   []   |   []   |   []   |   []   |   []   |   []
   |   []   |   []   |   []   |   []   |   []   |   [] 
 []


Overfull \hbox (40.84918pt too wide) in paragraph at lines 503--506
|   []   |   []   |   []   |   []   |   []   |   []   |   []   |   []   |   [] 
  |   []   |   []   |   [] 
 []


Overfull \hbox (23.26575pt too wide) in paragraph at lines 507--508
[]\OT1/cmr/m/n/10 As [][]|   []   |   []   |   []   |   []   |   []   |   []   
|   []   |   []   |   []   |   [][][][][]a sen-si-tiv-ity anal- 
 []


Overfull \hbox (27.49733pt too wide) in paragraph at lines 507--508
\OT1/cmr/m/n/10 y-sis[][], we com-puted the [][]|   []   [][][][]2D [][]box-cou
nting [][]|   []   |   []   |   [][][][][]dimension, 
 []


Overfull \hbox (12.26578pt too wide) in paragraph at lines 507--508
\OT1/cmr/m/n/10 eval-u-ate the im-pact of strat-i-fi-ca-tion, we di-vided the d
ataset into bins of width 0.1, 0.05, 
 []


Overfull \hbox (8.6733pt too wide) in paragraph at lines 507--508
\OT1/cmr/m/n/10 and 0.025, cor-re-spond-ing to 3, 6, and 12 bins of [][]|   [][
][][][]$\OML/cmm/m/it/10 n[]$[][]\OT1/cmr/m/n/10 , re-spec-tively, within a man
- 
 []


Overfull \hbox (8.84901pt too wide) in paragraph at lines 507--508
\OT1/cmr/m/n/10 u-ally de-fined range from 1.3 to 1.6. Within each bin, we fit-
ted a power-law re-la-tion be- 
 []


Overfull \hbox (12.5603pt too wide) in paragraph at lines 507--508
\OT1/cmr/m/n/10 tween set-tling ve-loc-ity, $\OML/cmm/m/it/10 w[]$\OT1/cmr/m/n/
10 , and floc di-am-e-ter, $\OML/cmm/m/it/10 d[]$\OT1/cmr/m/n/10 , in log--log 
space (Figs. [][]|   [][][][][]7[][][]a, d, g). The 
 []


Overfull \hbox (11.09903pt too wide) in paragraph at lines 507--508
\OT1/cmr/m/n/10 Monte Carlo (MCMC) sam-pler to ob-tain ro-bust pa-ram-e-ter es-
ti-mates and ver-ify con-ver- 
 []


Overfull \hbox (10.90689pt too wide) in paragraph at lines 507--508
\OT1/cmr/m/n/10 gence. Af-ter burn-in and thin-ning, the pos-te-rior me-di-ans 
of the slope $\OML/cmm/m/it/10 m$ \OT1/cmr/m/n/10 were con-verted 
 []


Overfull \hbox (9.43246pt too wide) in paragraph at lines 507--508
\OT1/cmr/m/n/10 to the hy-dro-dy-nam-i-cally rel-e-vant [][]|   []   [][][][]3D
 [][]frac-tal di-men-sion, de-noted sim- 
 []


Underfull \vbox (badness 10000) has occurred while \output is active []



[18]
Overfull \hbox (7.5632pt too wide) in paragraph at lines 509--510
[]\OT1/cmr/m/n/10 Plotting the in-ferred [][]|   []   [][][][]3D [][]frac-tal d
i-men-sion, $\OML/cmm/m/it/10 n[]$\OT1/cmr/m/n/10 , against the cor- 
 []


Overfull \hbox (21.97882pt too wide) in paragraph at lines 509--510
\OT1/cmr/m/n/10 re-spond-ing group-mean [][]|   []   |   []   |   [][][][][]2D 
value, $\OML/cmm/m/it/10 n[]$[][]\OT1/cmr/m/n/10 , shows how the strat- 
 []


Overfull \hbox (4.76563pt too wide) in paragraph at lines 509--510
\OT1/cmr/m/n/10 i-fi-ca-tion be-haves across bin-ning schemes. A lin-ear trend 
cap-tures the binned data rea- 
 []


Overfull \hbox (8.57117pt too wide) in paragraph at lines 509--510
\OT1/cmr/m/n/10 son-ably well for all cases (Figs. [][]|   [][][][][]7[][][]c, 
f, i). How-ever, be-cause the num-ber of bins is small 
 []


Overfull \hbox (13.87679pt too wide) in paragraph at lines 509--510
\OT1/cmr/m/n/10 (3, 6, or 12), the re-sult-ing co-ef-fi-cients of de-ter-mi-na-
tion are not them-selves a ro-bust met- 
 []


Overfull \hbox (5.97742pt too wide) in paragraph at lines 509--510
\OT1/cmr/m/n/10 ric of model ad-e-quacy, as high $\OML/cmm/m/it/10 R[]$ \OT1/cm
r/m/n/10 val-ues are ex-pected even in the pres-ence of sub-stan- 
 []


Overfull \hbox (18.21013pt too wide) in paragraph at lines 511--512
[]\OT1/cmr/m/n/10 A more in-for-ma-tive as-sess-ment comes from quan-ti-fy-ing 
the dy-nam-i-cal con-se-quences 
 []


Overfull \hbox (18.6824pt too wide) in paragraph at lines 511--512
\OT1/cmr/m/n/10 of re-fin-ing the strat-i-fi-ca-tion. From Eq. [], as-sum-ing t
he log--log re-gres-sion lines con-verge 
 []


Overfull \hbox (31.76826pt too wide) in paragraph at lines 511--512
\OT1/cmr/m/n/10 near the pri-mary par-ti-cle di-am-e-ter $\OML/cmm/m/it/10 d[]$
\OT1/cmr/m/n/10 , a change $^^A\OML/cmm/m/it/10 n[]$ \OT1/cmr/m/n/10 pro-duces 
a ver-ti-cal shift $^^A [][](\OML/cmm/m/it/10 w[]\OT1/cmr/m/n/10 ) \OMS/cmsy/m/
n/10 ^^Y 
 []


Overfull \hbox (11.60643pt too wide) in paragraph at lines 511--512
\OT1/cmr/m/n/10 ^^A\OML/cmm/m/it/10 n[] [][]\OT1/cmr/m/n/10 (\OML/cmm/m/it/10 d
[]=d[]\OT1/cmr/m/n/10 )$. Over the ob-served range of macro-scopic floc sizes (
$\OML/cmm/m/it/10 d[]=d[] \OMS/cmsy/m/n/10 ^^Y \OT1/cmr/m/n/10 10[]$--$10[]$), 

 []


Overfull \hbox (5.15454pt too wide) in paragraph at lines 511--512
\OT1/cmr/m/n/10 to a change in set-tling ve-loc-ity of less than 5%. This ef-fe
ct is min-i-mal rel-a-tive to mea- 
 []


Overfull \hbox (5.87679pt too wide) in paragraph at lines 511--512
\OT1/cmr/m/n/10 sure-ment scat-ter. Con-se-quently, in-creas-ingly fine strat-i
-fi-ca-tion does not re-veal qual-i-ta- 
 []


Overfull \hbox (6.65462pt too wide) in paragraph at lines 511--512
\OT1/cmr/m/n/10 tively dif-fer-ent set-tling regimes but in-stead pri-mar-ily i
n-flates vari-ance in the es-ti-mated 
 []


Overfull \hbox (15.07124pt too wide) in paragraph at lines 511--512
\OT1/cmr/m/n/10 slopes as bin pop-u-la-tions de-crease. We there-fore adopt a b
in width of 0.1 for sub-se-quent 
 []


Overfull \hbox (15.62682pt too wide) in paragraph at lines 511--512
\OT1/cmr/m/n/10 anal-y-ses. This choice re-solves mean-ing-ful struc-tural het-
ero-gene-ity while main-tain-ing suf- 
 []


Overfull \hbox (1.8489pt too wide) in paragraph at lines 511--512
\OT1/cmr/m/n/10 fi-cient sam-ple sizes for re-gres-sion, and avoids over-resolv
ing dif-fer-ences that have neg- 
 []

<../figures/fig7.pdf, id=721, 2706.8785pt x 2165.2071pt>
File: ../figures/fig7.pdf Graphic file (type pdf)
<use ../figures/fig7.pdf>
Package pdftex.def Info: ../figures/fig7.pdf  used on input line 515.
(pdftex.def)             Requested size: 397.48499pt x 317.92812pt.

Underfull \hbox (badness 10000) in paragraph at lines 516--516
[]\OT1/cmr/bx/n/9 Figure  7. \OT1/cmr/m/n/9 Strat-i-fi-ca-tion of floc data by 
[]|   []   |   [][]2D []|   []   []box-counting []|   []   []di-men-
 []


Underfull \hbox (badness 10000) in paragraph at lines 516--516
\OT1/cmr/m/n/9 sion ([]|   [][][]$\OML/cmm/m/it/9 n[]$[]\OT1/cmr/m/n/9 ) for Ex
-per-i-ment 3, il-lus-trat-ing how bin-ning strat-egy in-flu-ences the es-ti-ma
-tion of
 []


Underfull \hbox (badness 10000) in paragraph at lines 516--516
[]|   []   [][]\OT1/cmr/m/n/9 3D []frac-tal di-men-sions. (a--c) Anal-y-sis us-
ing 3 bins: (a) log--log plots of set-tling
 []


Underfull \hbox (badness 10000) in paragraph at lines 516--516
\OT1/cmr/m/n/9 ve-loc-ity ($\OML/cmm/m/it/9 w[]$\OT1/cmr/m/n/9 ) ver-sus floc d
i-am-e-ter ($\OML/cmm/m/it/9 d[]$\OT1/cmr/m/n/9 ), color-coded by 2D []|   []  
 [][]box-counting di-men-
 []


Underfull \hbox (badness 10000) in paragraph at lines 516--516
\OT1/cmr/m/n/9 sion []bin; (b) fit-ted slopes ($\OML/cmm/m/it/9 m$\OT1/cmr/m/n/
9 ) for each bin; (c) re-sult-ing []|   []   [][]3D []frac-tal di-men-sion
 []


Underfull \hbox (badness 10000) in paragraph at lines 516--516
\OT1/cmr/m/n/9 (d--f) Same anal-y-sis us-ing 6 bins; (g--i) us-ing 12 bins, hig
h-light-ing in-creased scat-ter and re-duced
 []


Overfull \hbox (1.0434pt too wide) in paragraph at lines 528--532
[]|   []   |   []   |   []   |   []   |   []   |   []   |   []   |   []   |   [
]      [][][][]\OT1/cmr/m/n/10 The six floc ex-per-i- 
 []


Overfull \hbox (19.21031pt too wide) in paragraph at lines 528--532
\OT1/cmr/m/n/10 ments (Ex-per-i-ments [][]3--8) [][]com-prise ap-prox-i-mately 
12[][],[][]500 in-di-vid-ual floc par-ti-cles[][]. Within 
 []


Overfull \hbox (22.025pt too wide) in paragraph at lines 528--532
\OT1/cmr/m/n/10 each 0.1-wide [][]|   []   |   []   |   []   |   []   |   []   
|   []   |   []   |   []   |   [] 
 []


Overfull \hbox (3.6268pt too wide) in paragraph at lines 528--532
|   []   |   []   |   []   |   []   |   []   |   []   |   []   |   []   |   [] 
  |   []   |   []   |   []   |   [] 
 []


Overfull \hbox (26.95966pt too wide) in paragraph at lines 528--532
|   []   |   []   |   []   |   []   |   []   |   []   |   []   |   [] 
 []


Overfull \hbox (7.09906pt too wide) in paragraph at lines 528--532
|   []   |   []   |   []   |   []   |   []   |   []   |   []   |   []   |   [] 
  |   []   |   []   |   []   |   []   |   [] 
 []


Overfull \hbox (4.58047pt too wide) in paragraph at lines 528--532
|   []   |   []   |   []   |   []   |   []   [][][][]$\OML/cmm/m/it/10 n[]$ \OT
1/cmr/m/n/10 bin, out-liers were re-moved us-ing the in-terquar-tile range cri-
 
 []


Overfull \hbox (8.79347pt too wide) in paragraph at lines 528--532
|   []   |   []   |   []   |   []   |   []   |   []   |   []   |   []   |   [] 
  |   []   |   []   |   [] 
 []


Overfull \hbox (36.32349pt too wide) in paragraph at lines 528--532
|   []   |   []   |   []   |   []   |   []   |   []   |   []   |   []   |   [] 
  |   []   |   []   |   [] 
 []


Overfull \hbox (47.67307pt too wide) in paragraph at lines 528--532
|   []   |   []   |   []   |   []   |   []   |   []   |   []   |   []   |   [] 
  |   []   |   [] 
 []


Overfull \hbox (40.32123pt too wide) in paragraph at lines 528--532
|   []   |   []   |   []   |   []   |   []   |   []   |   []   |   []   |   [] 
  |   []   |   []   |   []   |   []   |   [] 
 []


Overfull \hbox (55.54588pt too wide) in paragraph at lines 528--532
|   []   |   []   |   []   |   []   |   []   |   []   |   []   |   []   |   [] 
  |   []   |   []   |   []   |   [] 
 []


Overfull \hbox (9.8072pt too wide) in paragraph at lines 528--532
|   []   |   []   |   []   |   []   |   []   |   []   |   []   |   []      |   
[]   |   []   |   []   |   []   |   []   |   []   |   [] 
 []


Overfull \hbox (28.025pt too wide) in paragraph at lines 528--532
|   []   |   []   |   []   |   []   |   []   |   []   |   []   |   []   |   [] 
  |   []   |   []   |   []   |   [] 
 []


Overfull \hbox (12.72745pt too wide) in paragraph at lines 528--532
|   []   |   []   |   []   |   []   |   []   |   []   |   []   |   []   |   [] 
  |   []   [][][][]\OT1/cmr/m/n/10 with a me- 
 []


Overfull \hbox (5.29346pt too wide) in paragraph at lines 528--532
\OT1/cmr/m/n/10 dian pop-u-la-tion of 190 flocs per bin. The same MCMC re-gres-
sion pro-ce-dure de-scribed 
 []


Overfull \hbox (38.84106pt too wide) in paragraph at lines 533--534
[]|   []   |   []   |   []   |   []   |   []   |   []   |   []   |   []   |   [
]   |   []   |   [] 
 []


Overfull \hbox (13.26566pt too wide) in paragraph at lines 533--534
|   []   |   []   |   []   |   []   |   []   |   []   |   []   |   [][][][][]\O
T1/cmr/m/n/10 Figure 8[] shows the log--log re-la-tion-ship be-tween 
 []


Overfull \hbox (7.86586pt too wide) in paragraph at lines 533--534
\OT1/cmr/m/n/10 set-tling ve-loc-ity $\OML/cmm/m/it/10 w[]$ \OT1/cmr/m/n/10 and
 floc di-am-e-ter $\OML/cmm/m/it/10 d[]$ \OT1/cmr/m/n/10 for ex-per-i-ments wit
h in-creas-ing shear ve-loc-ity 
 []


Overfull \hbox (23.62398pt too wide) in paragraph at lines 533--534
\OT1/cmr/m/n/10 (Figs. 8[][][]a--c) [][]|   []   |   []   |   []   |   []   |  
 []   |   []   |   []   |   []   |   []   |   []   |   []   |   []   |   []   |
   [] 
 []


Overfull \hbox (3.71278pt too wide) in paragraph at lines 533--534
|   []   |   []   |   []   |   []   |   []   |   []   |   []   |   []   |   [] 
  |   []   |   []   |   []   |   []   |   [] 
 []


Overfull \hbox (26.57133pt too wide) in paragraph at lines 533--534
|   []   |   []   |   []   |   []   |   [][][][][]\OT1/cmr/m/n/10 and in-creas-
ing or-ganic mat-ter con-tent (Figs. 8[][][]d--f)[][]|   []   |   [] 
 []


Overfull \hbox (12.16388pt too wide) in paragraph at lines 533--534
[][][][]\OT1/cmr/m/n/10 . Within each panel, power-law re-gres-sions fit-ted to
 in-di-vid-ual $\OML/cmm/m/it/10 n[]$ \OT1/cmr/m/n/10 bins re-veal dis-tinct 
 []


Overfull \hbox (11.87686pt too wide) in paragraph at lines 533--534
\OT1/cmr/m/n/10 slopes that vary sys-tem-at-i-cally with floc struc-ture, and t
he cor-re-spond-ing 3D frac-tal di- 
 []


Overfull \hbox (13.25766pt too wide) in paragraph at lines 533--534
\OT1/cmr/m/n/10 men-sions [][]$\OML/cmm/m/it/10 n[]$ [][]|   []   |   []   |   
[]   |   []   |   []   |   []   |   []   |   []   |   []   |   []   |   []   | 
  []   |   []   |   []   |   []   |   []   |   []   |   [] 
 []


Overfull \hbox (12.84914pt too wide) in paragraph at lines 533--534
|   []   |   []   |   []   |   []   |   []   |   []   |   []   |   []   |   [] 
  |   []   |   []   |   []   |   []   |   [] 
 []


Overfull \hbox (1.57253pt too wide) in paragraph at lines 533--534
\OT1/cmr/m/n/10 the $\OML/cmm/m/it/10 n[]$ \OT1/cmr/m/n/10 bin mid-point in-cre
ases, the re-cov-ered [][]$\OML/cmm/m/it/10 n[]$ [][]|   []   |   []   |   []  
 |   []   |   []   |   []   |   [] 
 []


Overfull \hbox (8.65453pt too wide) in paragraph at lines 533--534
|   []   |   []   |   []   |   []   |   []   |   []   |   []   |   []   |   [] 
  |   []   |   []   |   []   |   []   |   []   |   []   |   [] 
 []


Overfull \hbox (17.79353pt too wide) in paragraph at lines 533--534
|   []   |   []   |   []   |   []   |   []   |   []   |   []   |   []   |   [] 
  |   []   |   []   |   []   |   []   |   [] 
 []


Overfull \hbox (19.53247pt too wide) in paragraph at lines 533--534
|   []   |   []   |   []   |   []   |   []   |   []   |   []   |   []   |   [][
][][][]\OT1/cmr/m/n/10 also in-creases 
 []


Overfull \hbox (0.40462pt too wide) in paragraph at lines 533--534
\OT1/cmr/m/n/10 mono-ton-i-cally, demon-strat-ing that the 2D struc-tural sig-n
a-ture can be used to re-solve 
 []


Overfull \hbox (18.21022pt too wide) in paragraph at lines 533--534
\OT1/cmr/m/n/10 dis-tinct 3D frac-tal di-men-sions within a mixed pop-u-la-tion
. The in-set pan-els il-lus-trate this 
 []


Overfull \hbox (8.90594pt too wide) in paragraph at lines 533--534
\OT1/cmr/m/n/10 trend, plot-ting the bin-median $\OML/cmm/m/it/10 n[]$ \OT1/cmr
/m/n/10 against the $\OML/cmm/m/it/10 n[]$ \OT1/cmr/m/n/10 bin mid-point with 9
5% cred-i-ble in- 
 []


Overfull \hbox (0.79347pt too wide) in paragraph at lines 533--534
\OT1/cmr/m/n/10 ter-vals de-rived from the MCMC pos-te-ri-ors. For com-par-i-so
n, the ag-gre-gated (un-strat- 
 []


Overfull \hbox (3.96007pt too wide) in paragraph at lines 533--534
\OT1/cmr/m/n/10 i-fied) re-gres-sion and its 95% cred-i-ble in-ter-val are show
n as the or-ange dashed line and 
 []


Overfull \hbox (23.01582pt too wide) in paragraph at lines 533--534
\OT1/cmr/m/n/10 shaded band, re-spec-tively. No-tably[][], the ag-gre-gated [][
]|   []   |   []   |   []   |   [] 
 []


Overfull \hbox (8.89647pt too wide) in paragraph at lines 533--534
|   []   |   []   |   []   [][][][]\OT1/cmr/m/n/10 cred-i-ble in-ter-val does n
ot cap-ture the range of [][]$\OML/cmm/m/it/10 n[]$ \OT1/cmr/m/n/10 val-ues [][
]|   []   [][][][]cap-tured 
 []


Overfull \hbox (16.07127pt too wide) in paragraph at lines 533--534
[][]\OT1/cmr/m/n/10 by the strat-i-fied [][]|   [][][][][]bins, in-di-cat-ing t
hat a sin-gle power-law re-gres-sion ap-plied to the 
 []


Overfull \hbox (9.01572pt too wide) in paragraph at lines 533--534
\OT1/cmr/m/n/10 bulk pop-u-la-tion can-not cap-ture the struc-tural het-ero-gen
e-ity present within each ex-per- 
 []


Underfull \vbox (badness 10000) has occurred while \output is active []



[19]

[20 <../figures/fig7.pdf>]
<../figures/fig8.pdf, id=745, 2637.70258pt x 1679.01424pt>
File: ../figures/fig8.pdf Graphic file (type pdf)
<use ../figures/fig8.pdf>
Package pdftex.def Info: ../figures/fig8.pdf  used on input line 537.
(pdftex.def)             Requested size: 397.48499pt x 252.99416pt.

Underfull \hbox (badness 10000) in paragraph at lines 538--538
[]\OT1/cmr/bx/n/9 Figure  8. \OT1/cmr/m/n/9 Com-par-i-son of strat-i-fied and a
g-gre-gated (bulk) fits for all floc datasets. (a--c) Vary-
 []


Underfull \hbox (badness 10000) in paragraph at lines 538--538
\OT1/cmr/m/n/9 ing shear ve-loc-i-ties of 0.02, 0.03, and 0.04 ms$[]$. (d--f) V
ary-ing or-ganic mat-ter con-tents of 1%,
 []


Underfull \hbox (badness 10000) in paragraph at lines 538--538
\OT1/cmr/m/n/9 2%, and 3%. In-set plots show the re-la-tion-ship be-tween []|  
 []   [][]$\OML/cmm/m/it/9 n[]$ []\OT1/cmr/m/n/9 and slope-inferred $\OML/cmm/m
/it/9 n[]$ \OT1/cmr/m/n/9 for each
 []


Underfull \hbox (badness 10000) in paragraph at lines 538--538
\OT1/cmr/m/n/9 ex-per-i-ment; points rep-re-sent bin me-di-ans (with 95% cred-i
-ble in-ter-vals) and are color-coded by
 []


Overfull \hbox (7.04352pt too wide) in paragraph at lines 551--553
|   []   [][][][]\OT1/cmr/m/n/10 shear ve-loc-ity and or-ganic mat-ter [][]is s
um-ma-rized in Fig. [][]|   [][][][][]9[][][]a,b. [][]In the strat-i-fied 
 []


Overfull \hbox (5.29353pt too wide) in paragraph at lines 551--553
\OT1/cmr/m/n/10 anal-y-sis, the in-terquar-tile range (IQR) is com-puted di-rec
tly from the pop-u-la-tion of in- 
 []


Overfull \hbox (2.03535pt too wide) in paragraph at lines 551--553
\OT1/cmr/m/n/10 ferred $\OML/cmm/m/it/10 n[]$ \OT1/cmr/m/n/10 val-ues across bi
ns, weighted by the num-ber of par-ti-cles con-tribut-ing to each 
 []


Overfull \hbox (20.96007pt too wide) in paragraph at lines 551--553
\OT1/cmr/m/n/10 bin, be-cause each bin rep-re-sents an in-de-pen-dent sub-set o
f flocs with dis-tinct frac-tal struc- 
 []


Overfull \hbox (7.82121pt too wide) in paragraph at lines 551--553
\OT1/cmr/m/n/10 ture. In con-trast, in the ag-gre-gated anal-y-sis the IQR is d
e-rived from the Bayesian pos- 
 []


Overfull \hbox (11.15457pt too wide) in paragraph at lines 551--553
\OT1/cmr/m/n/10 te-rior dis-tri-bu-tion of the fit-ted slope pa-ram-e-ter, sinc
e all par-ti-cles are pooled into a sin- 
 []


Overfull \hbox (8.98793pt too wide) in paragraph at lines 551--553
\OT1/cmr/m/n/10 gle re-gres-sion and vari-abil-ity arises from pa-ram-e-ter un-
cer-tainty rather than particle-to- 
 []



[21 <../figures/fig8.pdf>]
Overfull \hbox (11.2021pt too wide) in paragraph at lines 554--555
[]\OT1/cmr/m/n/10 Stratified me-dian $\OML/cmm/m/it/10 n[]$ \OT1/cmr/m/n/10 in-
creases ap-prox-i-mately lin-early with shear ve-loc-ity at a rate 
 []


Overfull \hbox (55.80534pt too wide) in paragraph at lines 554--555
\OT1/cmr/m/n/10 breakup pref-er-en-tially de-stroy-ing loose, low-$\OML/cmm/m/i
t/10 n[]$ \OT1/cmr/m/n/10 flocs and fa-vor-ing com-pact, high-$\OML/cmm/m/it/10
 n[]$ [][]|   [][][][][]\OT1/cmr/m/n/10 flocs[][]. 
 []


Overfull \hbox (1.80154pt too wide) in paragraph at lines 554--555
\OT1/cmr/m/n/10 The ag-gre-gated anal-y-sis yields a nearly flat re-sponse ($\O
ML/cmm/m/it/10 n[] \OT1/cmr/m/n/10 = 1\OML/cmm/m/it/10 :\OT1/cmr/m/n/10 0 \OML/
cmm/m/it/10 u[] \OT1/cmr/m/n/10 + 1\OML/cmm/m/it/10 :\OT1/cmr/m/n/10 94$), demo
n-strat- 
 []


Overfull \hbox (22.36066pt too wide) in paragraph at lines 557--558
[]\OT1/cmr/m/n/10 For or-ganic mat-ter (Fig. [][]|   [][][][][]9[][][]b), strat
-i-fied me-dian $\OML/cmm/m/it/10 n[]$ \OT1/cmr/m/n/10 de-creases at $^^A\OML/c
mm/m/it/10 n[]=\OT1/cmr/m/n/10 ^^A[] \OMS/cmsy/m/n/10 ^^Y ^^@\OT1/cmr/m/n/10 0\
OML/cmm/m/it/10 :\OT1/cmr/m/n/10 11$ 
 []


Overfull \hbox (14.03546pt too wide) in paragraph at lines 557--558
\OT1/cmr/m/n/10 per wt% ($\OML/cmm/m/it/10 n[] \OT1/cmr/m/n/10 = \OMS/cmsy/m/n/
10 ^^@\OT1/cmr/m/n/10 0\OML/cmm/m/it/10 :\OT1/cmr/m/n/10 11 [] + 1\OML/cmm/m/it
/10 :\OT1/cmr/m/n/10 92$), in-di-cat-ing that or-ganic bind-ing pro-motes open,
 porous 
 []


Overfull \hbox (21.36865pt too wide) in paragraph at lines 557--558
\OT1/cmr/m/n/10 struc-tures. The ag-gre-gated trend is [][]again [][]much weake
r ($\OML/cmm/m/it/10 n[] \OT1/cmr/m/n/10 = \OMS/cmsy/m/n/10 ^^@\OT1/cmr/m/n/10 
0\OML/cmm/m/it/10 :\OT1/cmr/m/n/10 03 [] + 1\OML/cmm/m/it/10 :\OT1/cmr/m/n/10 8
1$). [][]|   [] 
 []


Overfull \hbox (53.93254pt too wide) in paragraph at lines 557--558
|   []   |   []   |   []   |   []   |   []   |   []   |   []   |   []   |   [] 
  |   []   |   []   |   []   |   []   |   [] 
 []


Overfull \hbox (11.84898pt too wide) in paragraph at lines 557--558
|   []   |   []   |   []   |   [][][][][]\OT1/cmr/m/n/10 This in-sen-si-tiv-ity
 arises be-cause the ag-gre-gated re- 
 []


Overfull \hbox (11.5434pt too wide) in paragraph at lines 557--558
\OT1/cmr/m/n/10 gres-sion fits a sin-gle power law through a het-ero-ge-neous m
ix-ture of floc struc-tures, each 
 []


Overfull \hbox (12.61586pt too wide) in paragraph at lines 557--558
\OT1/cmr/m/n/10 with a dif-fer-ent $\OML/cmm/m/it/10 w[]$\OT1/cmr/m/n/10 --$\OM
L/cmm/m/it/10 d[]$ \OT1/cmr/m/n/10 slope. The re-sult-ing best-fit slope is dom
-i-nated by the most pop- 
 []


Overfull \hbox (7.46948pt too wide) in paragraph at lines 557--558
\OT1/cmr/m/n/10 u-lated $\OML/cmm/m/it/10 n[]$ \OT1/cmr/m/n/10 bins and by the 
large scat-ter in-her-ent in pool-ing struc-turally dis-tinct sub- 
 []


Overfull \hbox (5.48798pt too wide) in paragraph at lines 557--558
\OT1/cmr/m/n/10 pop-u-la-tions, which masks the sys-tem-atic vari-a-tion that t
he strat-i-fied anal-y-sis re-solves. 
 []


Overfull \hbox (15.48785pt too wide) in paragraph at lines 557--558
\OT1/cmr/m/n/10 In ef-fect, the noise in-tro-duced by col-laps-ing all frac-tal
 classes into one re-gres-sion ab-sorbs 
 []

<../figures/fig9.pdf, id=766, 2822.73761pt x 973.93408pt>
File: ../figures/fig9.pdf Graphic file (type pdf)
<use ../figures/fig9.pdf>
Package pdftex.def Info: ../figures/fig9.pdf  used on input line 561.
(pdftex.def)             Requested size: 397.48499pt x 137.13747pt.

Underfull \hbox (badness 10000) in paragraph at lines 562--562
[]\OT1/cmr/bx/n/9 Figure  9. \OT1/cmr/m/n/9 Com-par-i-son of strat-i-fied and a
g-gre-gated (bulk) anal-y-ses of floc frac-tal di-men-
 []


Underfull \hbox (badness 10000) in paragraph at lines 562--562
\OT1/cmr/m/n/9 sions. (a) Me-dian in-ferred $\OML/cmm/m/it/9 n[]$ \OT1/cmr/m/n/
9 ver-sus shear ve-loc-ity. (b) Me-dian $\OML/cmm/m/it/9 n[]$ \OT1/cmr/m/n/9 ve
r-sus or-ganic mat-ter (OM)
 []


Underfull \hbox (badness 10000) in paragraph at lines 562--562
\OT1/cmr/m/n/9 con-tent. []|   []   [][]Er-ror bars []de-note in-terquar-tile r
anges (IQRs) and []|   []   |   []   [][]mark-ers
 []


Underfull \hbox (badness 10000) in paragraph at lines 562--562
[]\OT1/cmr/m/n/9 in-di-cate me-di-ans; for strat-i-fied es-ti-mates [](or-ange)
 []the IQR re-flects particle-scale vari-abil-
 []


Underfull \hbox (badness 10000) in paragraph at lines 562--562
\OT1/cmr/m/n/9 ity across bins weighted by pop-u-la-tion, whereas for ag-gre-ga
ted es-ti-mates [](navy) []it re-flects
 []


Underfull \hbox (badness 10000) in paragraph at lines 562--562
\OT1/cmr/m/n/9 un-cer-tainty in the Bayesian pos-te-rior of a sin-gle fit-ted p
a-ram-e-ter. (c) []|   []   |   []
 []


Underfull \hbox (badness 10000) in paragraph at lines 562--562
|   []   |   []   |   []   |   []   |   []   |   []   |   []   |   []   |   [] 
  |   []
 []


Underfull \hbox (badness 10000) in paragraph at lines 562--562
|   []   |   []   |   []   |   []   |   []   |   []   []\OT1/cmr/m/n/9 Map-ping
 be-tween 2D and 3D frac-tal di-men-sions:
 []


Underfull \hbox (badness 10000) in paragraph at lines 562--562
[]|   []   [][]\OT1/cmr/m/n/9 black []dashed line, the-o-ret-i-cal re-la-tion [
]|   [][][]$\OML/cmm/m/it/9 n[] \OT1/cmr/m/n/9 = \OML/cmm/m/it/9 n[] \OT1/cmr/m
/n/9 + 1$[]; []|   []   [][]or-ange []solid
 []


Underfull \hbox (badness 6842) in paragraph at lines 562--562
\OT1/cmr/m/n/9 line, em-pir-i-cal 2D box-counting to 3D box-counting (BC) con-v
er-sion ([]|   [][][]$\OML/cmm/m/it/9 n[] \OT1/cmr/m/n/9 =
 []


Underfull \hbox (badness 10000) in paragraph at lines 562--562
\OT1/cmr/m/n/9 0\OML/cmm/m/it/9 :\OT1/cmr/m/n/9 81 (\OML/cmm/m/it/9 n[]\OT1/cmr
/m/n/9 )[]$[]); []|   []   [][]or-ange []dashed line, em-pir-i-cal 2D box-count
ing to 3D power-law (PL) con-
 []


Overfull \hbox (17.51563pt too wide) in paragraph at lines 574--576
[]|   []   |   []   |   []   |   []   |   []   |   []   |   []   |   []   |   [
]   |   []   |   []   |   [] 
 []


Overfull \hbox (19.71011pt too wide) in paragraph at lines 574--576
|   []   |   []   [][][][]\OT1/cmr/m/n/10 Fig-ure 9[]c col-lects the per-bin da
ta from all six ex-per-i-ments to ex-am-ine the map- 
 []


Overfull \hbox (27.05287pt too wide) in paragraph at lines 574--576
\OT1/cmr/m/n/10 ping be-tween $\OML/cmm/m/it/10 n[]$ [][]\OT1/cmr/m/n/10 and []
[]|   []   |   []   |   []   |   []   |   []   |   []   |   [] 
 []


Overfull \hbox (39.04477pt too wide) in paragraph at lines 574--576
|   []   |   []   |   []   |   []   |   []   |   []   |   []   |   []   |   [] 
  |   []   |   []   |   []   |   []   |   [] 
 []


Overfull \hbox (4.87808pt too wide) in paragraph at lines 574--576
|   []   |   []   |   []   |   []   |   []   |   []   |   []   |   []   |   [] 
  |   []   |   []   |   [] 
 []



[22 <../figures/fig9.pdf>]
Overfull \hbox (24.73784pt too wide) in paragraph at lines 578--580
[]|   []   |   []   |   []   |   []   |   []   |   []   |   []   |   []   |   [
]   |   []   |   []   |   [] 
 []


Overfull \hbox (14.59102pt too wide) in paragraph at lines 578--580
|   []   |   []   |   []   |   []   |   [][][][][]$\OML/cmm/m/it/10 n[]$\OT1/cm
r/m/n/10 . The 40 bin-median val-ues (grey cir-cles) are 
 []


Overfull \hbox (9.12679pt too wide) in paragraph at lines 578--580
\OT1/cmr/m/n/10 com-pared against three ref-er-ence mod-els[][]. The ide-al-ize
d [][]|   []   |   []   |   []   |   [] 
 []


Overfull \hbox (29.3501pt too wide) in paragraph at lines 578--580
|   []   |   []   |   []   |   []   |   []   |   []   |   []   |   []   |   [] 

 []


Overfull \hbox (1.65552pt too wide) in paragraph at lines 578--580
|   []   |   []   |   []   |   []   |   []   |   []   |   []   |   []   |   [] 
  |   []   |   []   |   [] 
 []


Overfull \hbox (1.90573pt too wide) in paragraph at lines 578--580
|   []   |   []   |   [][][][][]\OT1/cmr/m/n/10 Euclidean re-la-tion $\OML/cmm/
m/it/10 n[] \OT1/cmr/m/n/10 = \OML/cmm/m/it/10 n[] \OT1/cmr/m/n/10 + 1$ (black 
dashed) as-sumes per-fect space- 
 []


Overfull \hbox (26.03545pt too wide) in paragraph at lines 578--580
\OT1/cmr/m/n/10 filling and sys-tem-at-i-cally over-pre-dicts $\OML/cmm/m/it/10
 n[]$ \OT1/cmr/m/n/10 across the mea-sured range[][]. The em-pir-i-cal [][]|   
[] 
 []


Overfull \hbox (17.85022pt too wide) in paragraph at lines 578--580
|   []   [][]|   []   [][][][]\OT1/cmr/m/n/10 power-law (PL) and [][]box-counti
ng (BC) [][]|   []   |   []   |   []   |   [] 
 []


Overfull \hbox (21.62794pt too wide) in paragraph at lines 578--580
|   []   |   []   |   []   |   []   |   []   |   []   |   []   |   []   |   [] 
  |   []   |   []   |   []   |   [] 
 []


Overfull \hbox (12.96022pt too wide) in paragraph at lines 578--580
|   []   |   [][][][][]\OT1/cmr/m/n/10 conversions of [][]Wang et al.[] (2022)[
], cal-i-brated on com-pu-ta-tion-ally gen- 
 []


Overfull \hbox (18.3502pt too wide) in paragraph at lines 578--580
\OT1/cmr/m/n/10 er-ated ag-gre-gates, bracket the data more closely. The BC mod
el ($\OML/cmm/m/it/10 n[] \OT1/cmr/m/n/10 = 0\OML/cmm/m/it/10 :\OT1/cmr/m/n/10 
8118 [][]$, 
 []


Overfull \hbox (5.53537pt too wide) in paragraph at lines 578--580
\OT1/cmr/m/n/10 solid or-ange) tracks the up-per en-ve-lope of the ob-ser-va-ti
ons, while the PL model ($\OML/cmm/m/it/10 n[] \OT1/cmr/m/n/10 = 
 []


Overfull \hbox (11.43721pt too wide) in paragraph at lines 578--580
\OT1/cmr/m/n/10 0\OML/cmm/m/it/10 :\OT1/cmr/m/n/10 2015 [][]$, dashed or-ange) 
un-der-pre-dicts at mod-er-ate $\OML/cmm/m/it/10 n[]$[][]\OT1/cmr/m/n/10 . Our 
data [][]|   []   |   [] 
 []


Overfull \hbox (19.87663pt too wide) in paragraph at lines 578--580
|   []   |   []   |   []   |   []   |   []   [][][][]\OT1/cmr/m/n/10 scat-ter b
e-tween these two em-pir-i-cal curves, with the clos- 
 []


Overfull \hbox (48.93234pt too wide) in paragraph at lines 578--580
\OT1/cmr/m/n/10 est over-all agree-ment to the BC con-ver-sion. This align-ment
 is [][]con-sis-tent with the [][]|   [] 
 []


Overfull \hbox (3.82133pt too wide) in paragraph at lines 578--580
|   []   |   []   |   []   |   []   |   []   |   []   |   []   [][][][]\OT1/cmr
/m/n/10 fact that both our strat-i-fi-ca-tion vari-able 
 []


Overfull \hbox (11.90465pt too wide) in paragraph at lines 578--580
\OT1/cmr/m/n/10 and the [][]Wang et al.[] (2022) []BC model are based on box-co
unting di-men-sions. Mis-match 
 []


Overfull \hbox (12.59903pt too wide) in paragraph at lines 578--580
\OT1/cmr/m/n/10 may arise be-cause the [][]Wang et al.[] (2022) []model con-str
ucts flocs from monodis-perse pri- 
 []


Overfull \hbox (4.37682pt too wide) in paragraph at lines 578--580
\OT1/cmr/m/n/10 mary par-ti-cles of uni-form size and shape, whereas nat-u-ral 
flocs com-prise poly-dis-perse, 
 []


Overfull \hbox (0.2101pt too wide) in paragraph at lines 578--580
\OT1/cmr/m/n/10 ir-reg-u-larly shaped con-stituents whose het-ero-ge-neous pack
-ing al-ters the [][]2D [][]|   [] 
 []


Overfull \hbox (3.04349pt too wide) in paragraph at lines 578--580
|   []   |   []   |   []   |   []   |   []   |   []   |   []   |   []   |   [] 
  |   []   |   []   |   []   |   [] 
 []


Overfull \hbox (17.04362pt too wide) in paragraph at lines 578--580
|   []   |   []   |   []   |   []   |   []   |   []   |   []   |   []   |   [] 
  |   []   |   []   |   []   |   []   |   [] 
 []


Overfull \hbox (0.58061pt too wide) in paragraph at lines 578--580
|   []   |   []   |   []   |   []   |   []   |   []   |   []   |   []   |   [] 
  |   []   |   []   |   []   |   [] 
 []


Overfull \hbox (14.15454pt too wide) in paragraph at lines 578--580
|   []   |   []   |   []   |   []   |   []   |   []   |   []   |   []   |   [] 
  |   []   |   []   |   []   |   [] 
 []


Overfull \hbox (1.89835pt too wide) in paragraph at lines 585--586
[]|   []   |   []   |   []   |   []   |   []   |   []   |   []   |   []   |   [
]   |   []   |   []   |   []   |   [] 
 []


Overfull \hbox (12.5157pt too wide) in paragraph at lines 585--586
|   []   |   []   |   []   |   []   |   []   |   []   |   []   |   []   |   [] 
  |   []   [][][][]\OT1/cmr/m/n/10 The strat- 
 []


Overfull \hbox (48.76573pt too wide) in paragraph at lines 585--586
\OT1/cmr/m/n/10 i-fied re-gres-sions also pro-vide a means of es-ti-mat-ing [][
]the ef-fec-tive pri-mary par-ti-cle [][]|   []   |   [] 
 []


Overfull \hbox (14.11879pt too wide) in paragraph at lines 585--586
|   []   |   []   |   []   |   []   |   []   |   []   |   []   |   []   |   [] 
  |   []   |   []   |   []   |   [] 
 []


Overfull \hbox (7.78731pt too wide) in paragraph at lines 585--586
|   []   |   []   |   []   [][][][]\OT1/cmr/m/n/10 di-am-e-ter, [][]$\OML/cmm/m
/it/10 d[]$[][]|   []   |   []   |   []   |   []   |   []   |   []   |   []   |
   [] 
 []


Overfull \hbox (10.46005pt too wide) in paragraph at lines 585--586
[][][][]\OT1/cmr/m/n/10 . In log--log space, [][]Eq. [] [][]|   []   |   []   |
   []   |   []   |   []   |   []   |   []   |   []   |   []   |   []   |   []  
 |   [] 
 []


Overfull \hbox (43.65462pt too wide) in paragraph at lines 585--586
|   []   |   []   |   []   |   []   |   []   |   []   |   []   |   []   |   [] 
  |   []   |   []   |   []   |   []   |   [] 
 []


Overfull \hbox (1.50764pt too wide) in paragraph at lines 585--586
|   []   |   []   |   []   |   []   |   []   |   []   |   []   [][][][]\OT1/cmr
/m/n/10 pre-dicts that re-gres-sion lines for dif-fer-ent $\OML/cmm/m/it/10 n[]
$ 
 []


Overfull \hbox (15.78712pt too wide) in paragraph at lines 585--586
\OT1/cmr/m/n/10 con-verge as $\OML/cmm/m/it/10 d[] \OMS/cmsy/m/n/10 ! \OML/cmm/
m/it/10 d[]$\OT1/cmr/m/n/10 : at the primary-particle scale, a floc re-duces to
 a sin-gle grain whose 
 []


Overfull \hbox (15.46011pt too wide) in paragraph at lines 585--586
\OT1/cmr/m/n/10 set-tling ve-loc-ity is in-de-pen-dent of frac-tal struc-ture. 
We ex-ploit this con-ver-gence by com- 
 []


Overfull \hbox (29.59898pt too wide) in paragraph at lines 585--586
\OT1/cmr/m/n/10 put-ing [][]all pair-wise in-ter-sec-tions [][]|   []   |   [] 
  |   []   |   []   |   []   |   []   |   []   |   []   |   [] 
 []


Overfull \hbox (19.20999pt too wide) in paragraph at lines 585--586
|   []   |   []   |   []   |   []   |   []   |   []   |   []   |   []   |   [] 
  |   []   |   []   |   []   |   [] 
 []


Overfull \hbox (17.56227pt too wide) in paragraph at lines 585--586
|   []   |   []   |   []   |   []   |   []   |   []   |   []   |   []   |   [] 
  |   []   |   []   |   [] 
 []


Overfull \hbox (1.95396pt too wide) in paragraph at lines 585--586
|   []   |   []   |   []   |   []   [][][][]\OT1/cmr/m/n/10 of the per-bin re-g
res-sion lines from their MCMC pos-te-ri-ors and 
 []


Overfull \hbox (12.46017pt too wide) in paragraph at lines 585--586
\OT1/cmr/m/n/10 as-sume a con-stant shape fac-tor [][]$\OML/cmm/m/it/10 b[]$[][
]|   []   |   []   |   []   |   []   |   []   |   []   |   []   |   []   |   []
 
 []


Overfull \hbox (13.09903pt too wide) in paragraph at lines 585--586
|   []   |   []   |   []   |   []   |   []   |   []   |   []   |   []   [][][][
]\OT1/cmr/m/n/10 . Re-peat-ing the cal-cu-la-tion across thou- 
 []


Overfull \hbox (34.51567pt too wide) in paragraph at lines 585--586
\OT1/cmr/m/n/10 sands of [][]pos-te-rior draws yields an en-sem-ble of in-ter-s
ec-tion di-am-e-ters [][]|   []   |   []   |   []   |   [] 
 []


Overfull \hbox (12.03731pt too wide) in paragraph at lines 585--586
|   []   |   []   |   []   |   []   |   []   |   []   |   []   |   []   |   [] 
  |   []   |   []   |   []   |   []   |   []   |   []   |   [] 
 []


Overfull \hbox (13.15677pt too wide) in paragraph at lines 585--586
|   []   |   []   |   []   |   []   |   []   |   []   |   []   |   []   |   [] 
  |   []   |   []   |   [] 
 []


Overfull \hbox (7.96008pt too wide) in paragraph at lines 585--586
|   []   |   []   |   []   |   []   |   []   |   []   |   []   [][][][]\OT1/cmr
/m/n/10 whose spread [][]re-flects both mea-sure-ment 
 []


Underfull \vbox (badness 10000) has occurred while \output is active []



[23]
Overfull \hbox (13.73172pt too wide) in paragraph at lines 588--591
[]|   []   |   []   |   []   |   []   |   []   [][][][]\OT1/cmr/m/n/10 Fig. 10[
]a--c com-pare the re-sult-ing [][]$\OML/cmm/m/it/10 d[]$ [][]|   [] 
 []


Overfull \hbox (7.3213pt too wide) in paragraph at lines 588--591
|   []   |   []   |   []   |   []   |   []   [][]|   []   |   []   |   []   |  
 []   |   []   |   []   |   []   [][][][]\OT1/cmr/m/n/10 pos-te-rior (or-ange) 
with the 
 []


Overfull \hbox (9.98796pt too wide) in paragraph at lines 588--591
\OT1/cmr/m/n/10 known in-put grain-size dis-tri-bu-tion (gray) for the three sh
ear-velocity [][]ex-per-i-ments, and 
 []


Overfull \hbox (5.46024pt too wide) in paragraph at lines 588--591
[][]|   []   |   []   |   []   |   []   [][]|   []   |   []   |   []   |   []  
 |   []   |   []   |   []   |   []   [][][][]\OT1/cmr/m/n/10 Fig. 10[]e--g show
 the cor-re-spond-ing 
 []

<../figures/fig10.pdf, id=784, 2781.56696pt x 1393.35693pt>
File: ../figures/fig10.pdf Graphic file (type pdf)
<use ../figures/fig10.pdf>
Package pdftex.def Info: ../figures/fig10.pdf  used on input line 594.
(pdftex.def)             Requested size: 397.48499pt x 199.1082pt.

Underfull \hbox (badness 10000) in paragraph at lines 597--597
[]\OT1/cmr/bx/n/9 Figure  10. []\OT1/cmr/m/n/9 In-ferred pri-mary par-ti-cle di
-am-e-ter ($\OML/cmm/m/it/9 d[]$\OT1/cmr/m/n/9 ) dis-tri-bu-tions and sum-mary 
statis-tics. (a--
 []


Underfull \hbox (badness 10000) in paragraph at lines 597--597
\OT1/cmr/m/n/9 c) []Cu-mu-la-tive per-cent finer by vol-ume []|   []   []com-pa
r-ing []the []known in-put []|   []   [][]grain-size
 []


Underfull \hbox (badness 10000) in paragraph at lines 597--597
\OT1/cmr/m/n/9 dis-tri-bu-tion (grey) with the []in-ferred []$\OML/cmm/m/it/9 d
[]$ []\OT1/cmr/m/n/9 pos-te-rior []|   []   |   []   |   []   |   []   []([]|  
 [][][]orange[])
 []


Underfull \hbox (badness 10000) in paragraph at lines 597--597
\OT1/cmr/m/n/9 for []|   []   |   [][][]each shear-velocity ex-per-i-ment; KS s
tatis-tics quan-tify agree-ment[]. []|   []   |   []
 []


Underfull \hbox (badness 10000) in paragraph at lines 597--597
[]\OT1/cmr/m/n/9 ([]|   [][][]d[]) []|   []   [][]Me-dian in-ferred $\OML/cmm/m
/it/9 d[]$ \OT1/cmr/m/n/9 (or-ange, with IQR er-ror bars) ver-sus []shear ve-lo
c-ity[], along-side
 []


Underfull \hbox (badness 10000) in paragraph at lines 597--597
\OT1/cmr/m/n/9 the input-sediment me-dian []and []IQR []([]|   [][][]grey[])[]|
   []   |   []   |   [][]. []|   []   |   []
 []


Underfull \hbox (badness 10000) in paragraph at lines 597--597
[]\OT1/cmr/m/n/9 ([]|   [][][]e--g[]) []|   []   |   []   |   []   |   []   |  
 []   [][]Same as (a--c) for []the []|   []   |   []   |   []
 []


Underfull \hbox (badness 10000) in paragraph at lines 597--597
|   []   |   [][][]\OT1/cmr/m/n/9 three organic-matter ex-per-i-ments. (h) Me-d
ian in-ferred $\OML/cmm/m/it/9 d[]$ \OT1/cmr/m/n/9 ver-sus or-ganic mat-ter con
-
 []


Overfull \hbox (17.34903pt too wide) in paragraph at lines 603--605
[]|   []   |   []   |   []   |   []   |   []   |   []   |   []   |   []   |   [
]   |   []   |   []   |   []   |   [] 
 []


Overfull \hbox (36.98167pt too wide) in paragraph at lines 603--605
|   []   |   []   |   []   |   []   [][][][]\OT1/cmr/m/n/10 Re-sults show agree
-ment be-tween [][]the in-ferred $\OML/cmm/m/it/10 d[]$ [][]|   []   |   []   |
   [] 
 []


Overfull \hbox (18.62695pt too wide) in paragraph at lines 603--605
|   [][][][][]\OT1/cmr/m/n/10 distribution from flocs and the in-put grain-size
 dis-tri-bu-tion, par-tic-u-larly in their 
 []


Overfull \hbox (12.07141pt too wide) in paragraph at lines 603--605
\OT1/cmr/m/n/10 cen-tral ten-dency (e.g., align-ment of me-di-ans) (Fig. 10[])[
][]. The Kolmogorov--Smirnov (KS) 
 []


Overfull \hbox (50.37682pt too wide) in paragraph at lines 603--605
\OT1/cmr/m/n/10 statis-tic [][]|   []   |   []   |   []   |   []   |   []   |  
 []   |   []   |   []   |   []   |   []   |   []   |   []   |   [] 
 []


Overfull \hbox (3.18243pt too wide) in paragraph at lines 603--605
|   []   [][][][]\OT1/cmr/m/n/10 ranges from 0.28 to 0.43 across all six ex-per
-i-ments, in-di-cat-ing mod-er-ate 
 []


Overfull \hbox (5.96007pt too wide) in paragraph at lines 603--605
\OT1/cmr/m/n/10 agree-ment ([][]a KS value of 0 [][]|   []   [][][][]de-notes [
][]per-fect agree-ment, [][]|   []   [][][][]whereas [][]a value 
 []


Overfull \hbox (10.6545pt too wide) in paragraph at lines 603--605
\OT1/cmr/m/n/10 near 1 [][]|   []   |   []   |   []   |   []   |   []   |   [] 
  |   []   |   []   |   []   |   []   |   []   |   []   |   []   |   [] 
 []


Overfull \hbox (28.40466pt too wide) in paragraph at lines 603--605
|   []   |   []   |   []   |   []   |   []   |   []   |   []   |   []   |   [] 
  |   []   |   [] 
 []


Overfull \hbox (2.34889pt too wide) in paragraph at lines 607--609
[]|   []   |   []   |   []   |   []   [][][][]\OT1/cmr/m/n/10 in-di-cates com-p
lete mis-match). Per-fect agree-ment is not ex- 
 []


Overfull \hbox (5.9601pt too wide) in paragraph at lines 607--609
\OT1/cmr/m/n/10 pected be-cause the in-put grain-size [][]dis-tri-bu-tion in Fi
g. [][]|   []   |   []   [][][][]10[] in-cludes [][]all par-ti-cle 
 []


Overfull \hbox (3.79338pt too wide) in paragraph at lines 607--609
\OT1/cmr/m/n/10 sizes added to the ex-per-i-ments, but not all of these nec-es-
sar-ily serve as pri-mary par-ti- 
 []


Overfull \hbox (49.3212pt too wide) in paragraph at lines 607--609
\OT1/cmr/m/n/10 cles in flocs. [][]|   []   |   []   |   []   |   []   |   []  
 |   []   |   []   |   []   |   []   |   []   |   []   |   []   |   [] 
 []


Overfull \hbox (4.2873pt too wide) in paragraph at lines 607--609
|   []   |   []   |   []   |   []   |   []   |   []   [][][][]\OT1/cmr/m/n/10 I
n ev-ery case the in-ferred $\OML/cmm/m/it/10 d[]$ \OT1/cmr/m/n/10 dis-tri-bu-t
ion is sub- 
 []


Overfull \hbox (27.29356pt too wide) in paragraph at lines 607--609
\OT1/cmr/m/n/10 stan-tially nar-rower than the in-put grain dis-tri-bu-tion, wi
th pos-te-ri-ors peak-ing in the coarse- 
 []


Overfull \hbox (18.56995pt too wide) in paragraph at lines 607--609
\OT1/cmr/m/n/10 silt range ($\OMS/cmsy/m/n/10 ^^X$\OT1/cmr/m/n/10 10--40 []\TS1
/cmr/m/n/10 µ[]\OT1/cmr/m/n/10 m), sug-gest-ing that the ef-fec-tive build-ing 
blocks of the ob-served flocs 
 []



[24 <../figures/fig10.pdf>]
Overfull \hbox (0.45395pt too wide) in paragraph at lines 610--612
[]\OT1/cmr/m/n/10 Panels (d) and (h) of Fig. 10[] sum-ma-rize the me-dian $\OML
/cmm/m/it/10 d[]$ \OT1/cmr/m/n/10 (or-ange, with IQR er-ror 
 []


Overfull \hbox (12.1268pt too wide) in paragraph at lines 610--612
\OT1/cmr/m/n/10 bars) along-side the input-sediment me-dian and IQR (grey) acro
ss shear ve-loc-ity and or- 
 []


Overfull \hbox (0.6484pt too wide) in paragraph at lines 610--612
\OT1/cmr/m/n/10 ganic mat-ter. With in-creas-ing shear ve-loc-ity (panel d), th
e in-ferred $\OML/cmm/m/it/10 d[]$ \OT1/cmr/m/n/10 in-creases from 
 []


Overfull \hbox (1.98717pt too wide) in paragraph at lines 610--612
\OT1/cmr/m/n/10 21.7 []\TS1/cmr/m/n/10 µ[]\OT1/cmr/m/n/10 m at $\OML/cmm/m/it/1
0 u[] \OT1/cmr/m/n/10 = 0\OML/cmm/m/it/10 :\OT1/cmr/m/n/10 02$ ms$[]$ to 23.0 [
]\TS1/cmr/m/n/10 µ[]\OT1/cmr/m/n/10 m at 0.03 ms$[]$ and 29.8 []\TS1/cmr/m/n/10
 µ[]\OT1/cmr/m/n/10 m at 0.04 ms$[]$, con- 
 []


Overfull \hbox (4.96008pt too wide) in paragraph at lines 610--612
\OT1/cmr/m/n/10 sis-tent with stronger shear se-lec-tively de-stroy-ing the mos
t frag-ile ag-gre-gates and shift- 
 []


Overfull \hbox (29.48793pt too wide) in paragraph at lines 610--612
\OT1/cmr/m/n/10 ing the ef-fec-tive pri-mary scale to-ward coarser grains. With
 in-creas-ing or-ganic mat-ter (panel 
 []


Overfull \hbox (2.89577pt too wide) in paragraph at lines 610--612
\OT1/cmr/m/n/10 h), the me-dian $\OML/cmm/m/it/10 d[]$ \OT1/cmr/m/n/10 de-creas
es mono-ton-i-cally from 34.2 []\TS1/cmr/m/n/10 µ[]\OT1/cmr/m/n/10 m at 1% OM t
o 27.9 []\TS1/cmr/m/n/10 µ[]\OT1/cmr/m/n/10 m at 2% 
 []


Overfull \hbox (12.84776pt too wide) in paragraph at lines 610--612
\OT1/cmr/m/n/10 and 17.6 []\TS1/cmr/m/n/10 µ[]\OT1/cmr/m/n/10 m at 3%, in-di-ca
t-ing that or-ganic bind-ing en-ables finer par-ti-cles to par-tic-i-pate 
 []


Overfull \hbox (11.50949pt too wide) in paragraph at lines 610--612
\OT1/cmr/m/n/10 as ef-fec-tive build-ing blocks. Across all con-di-tions the in
-ferred $\OML/cmm/m/it/10 d[]$ \OT1/cmr/m/n/10 re-mains well be-low the 
 []


Overfull \hbox (40.23662pt too wide) in paragraph at lines 610--612
\OT1/cmr/m/n/10 input-sediment me-dian of $\OMS/cmsy/m/n/10 ^^X$\OT1/cmr/m/n/10
 39 []\TS1/cmr/m/n/10 µ[]\OT1/cmr/m/n/10 m (grey mark-ers in pan-els d and h)[]
[]. [][]|   []   |   [] 
 []


Overfull \hbox (4.53719pt too wide) in paragraph at lines 613--614
[]\OT1/cmr/m/n/10 The in-ferred [][]$\OML/cmm/m/it/10 d[]$ [][]|   []   |   [] 
  |   []   [][][][]\OT1/cmr/m/n/10 thus rep-re-sents an ef-fec-tive pri-mary sc
ale as- 
 []


Overfull \hbox (28.57133pt too wide) in paragraph at lines 613--614
\OT1/cmr/m/n/10 so-ci-ated with the pop-u-la-tion of flocs con-tribut-ing to th
e mea-sured set-tling ve-loc-i-ties, rather 
 []


Overfull \hbox (8.09901pt too wide) in paragraph at lines 613--614
\OT1/cmr/m/n/10 than the full in-put grain-size dis-tri-bu-tion. Dif-fer-ences 
be-tween the in-put grain-size and 
 []


Overfull \hbox (2.59286pt too wide) in paragraph at lines 613--614
\OT1/cmr/m/n/10 in-ferred $\OML/cmm/m/it/10 d[]$ \OT1/cmr/m/n/10 dis-tri-bu-tio
ns [][]re-flect both un-cer-tain-ties in the in-ter-sec-tion method and real 
 []


Overfull \hbox (8.18225pt too wide) in paragraph at lines 613--614
\OT1/cmr/m/n/10 se-lec-tive in-cor-po-ra-tion of cer-tain [][]|   []   [][][][]
size classes [][]into flocs. Pro-longed [][]|   []   |   [] 
 []


Overfull \hbox (24.57137pt too wide) in paragraph at lines 613--614
[][][][]\OT1/cmr/m/n/10 tur-bid-ity fol-low-ing [][]the ex-per-i-ments in-di-ca
tes that a frac-tion of very fine ma-te-rial re-mained 
 []


Overfull \hbox (7.23793pt too wide) in paragraph at lines 613--614
\OT1/cmr/m/n/10 in sus-pen-sion [][]and was not floc-cu-lated[][]; how-ever, th
is ob-ser-va-tion alone [][]|   []   [][][][]does not 
 []


Overfull \hbox (4.96019pt too wide) in paragraph at lines 613--614
[][]\OT1/cmr/m/n/10 dis-tin-guish be-tween in-com-plete ag-gre-ga-tion of the s
mall-est par-ti-cles and lim-i-ta-tions of 
 []


Overfull \hbox (3.50946pt too wide) in paragraph at lines 613--614
\OT1/cmr/m/n/10 the imag-ing and track-ing work-flow at small sizes. [][]|   []
   |   []   |   []   |   []   |   [] 
 []


Overfull \hbox (40.5158pt too wide) in paragraph at lines 613--614
|   []   |   []   |   []   |   []   |   []   |   []   |   []   |   []   |   [] 
  |   []   |   []   |   []   |   []   |   [] 
 []


Overfull \hbox (24.98183pt too wide) in paragraph at lines 613--614
|   []   |   []   |   []   |   []   |   []   |   []   |   []   |   []   |   [] 
  |   []   |   []   |   []   |   [] 
 []


Overfull \hbox (47.2935pt too wide) in paragraph at lines 613--614
|   []   |   []   |   []   |   []   |   []   |   []   |   []   |   []   |   [] 
  |   []   |   []   |   []   |   [] 
 []


Overfull \hbox (25.50471pt too wide) in paragraph at lines 613--614
|   []   |   []   |   []   |   []   |   []   |   []   |   []   |   []   |   [] 
  |   []   |   []   |   []   |   []   |   []   |   [] 
 []


Overfull \hbox (3.59897pt too wide) in paragraph at lines 613--614
|   []   |   []   |   []   |   []   |   []   |   []   |   []   |   []   |   [] 
  |   []   |   [] 
 []


Overfull \hbox (11.82126pt too wide) in paragraph at lines 613--614
|   []   |   []   |   []   |   []   [][][][]\OT1/cmr/m/n/10 Ap-par-ent off-sets
 may also [][]arise from size-dependent par- 
 []


Overfull \hbox (14.07135pt too wide) in paragraph at lines 613--614
\OT1/cmr/m/n/10 tic-i-pa-tion in the floc pop-u-la-tion re-solved by the mea-su
re-ments and from under-sampling 
 []


Overfull \hbox (9.62059pt too wide) in paragraph at lines 615--617
[]\OT1/cmr/m/n/10 The [][]ab-so-lute mag-ni-tude of the in-ferred $\OML/cmm/m/i
t/10 d[]$ \OT1/cmr/m/n/10 is sen-si-tive to the as-sumed value of the 
 []


Overfull \hbox (2.64561pt too wide) in paragraph at lines 615--617
[][]\OT1/cmr/m/n/10 shape fac-tor $\OML/cmm/m/it/10 b[]$[][]|   []   |   []   |
   []   |   []   |   []   |   []   |   []   |   []   |   []   |   []   |   [] 
 []


Overfull \hbox (13.36879pt too wide) in paragraph at lines 615--617
[][][][]\OT1/cmr/m/n/10 . Lab-o-ra-tory and field stud-ies in-di-cate that $\OM
L/cmm/m/it/10 b[]$ \OT1/cmr/m/n/10 is not con-stant and may in-crease with $\OM
L/cmm/m/it/10 n[]$ 
 []


Overfull \hbox (3.11855pt too wide) in paragraph at lines 615--617
[][]\OT1/cmr/m/n/10 Strom & Key-vani, 2011)[]. If $\OML/cmm/m/it/10 b[]$ \OT1/c
mr/m/n/10 varies from $\OMS/cmsy/m/n/10 O\OT1/cmr/m/n/10 (10)$ to $\OMS/cmsy/m/
n/10 O\OT1/cmr/m/n/10 (10[])$ across frac-tal classes, the 
 []


Overfull \hbox (1.47276pt too wide) in paragraph at lines 615--617
\OT1/cmr/m/n/10 in-ferred in-ter-sec-tion di-am-e-ter $\OML/cmm/m/it/10 d[]$ \O
T1/cmr/m/n/10 can dif-fer [][]from the true $\OML/cmm/m/it/10 d[]$ [][]|   []  
 [][][][]\OT1/cmr/m/n/10 by up to an or-der 
 []


Overfull \hbox (9.16629pt too wide) in paragraph at lines 615--617
\OT1/cmr/m/n/10 of mag-ni-tude for fixed $\OML/cmm/m/it/10 n[]$ \OT1/cmr/m/n/10
 (Eq. []). How-ever, be-cause the same $\OML/cmm/m/it/10 b[]\OT1/cmr/m/n/10 (\O
ML/cmm/m/it/10 n[]\OT1/cmr/m/n/10 )$ re-la-tion-ship ap- 
 []


Overfull \hbox (7.39842pt too wide) in paragraph at lines 615--617
\OT1/cmr/m/n/10 plies uni-formly across all ex-per-i-ments, the rel-a-tive tren
ds in $\OML/cmm/m/it/10 d[]$ \OT1/cmr/m/n/10 with shear ve-loc-ity and 
 []


Overfull \hbox (25.18236pt too wide) in paragraph at lines 615--617
\OT1/cmr/m/n/10 or-ganic mat-ter re-ported above are pre-served re-gard-less of
 the as-sumed shape-factor model; 
 []

<../figures/fig11.pdf, id=808, 3865.1141pt x 1143.13377pt>
File: ../figures/fig11.pdf Graphic file (type pdf)
<use ../figures/fig11.pdf>
Package pdftex.def Info: ../figures/fig11.pdf  used on input line 620.
(pdftex.def)             Requested size: 397.48499pt x 117.54698pt.

Overfull \hbox (6.79999pt too wide) in paragraph at lines 620--626
 [][][] 
 []


Underfull \hbox (badness 10000) in paragraph at lines 626--626
[]\OT1/cmr/bx/n/9 Figure  11. []\OT1/cmr/m/n/9 In-flu-ence of the shape fac-tor
 ($\OML/cmm/m/it/9 b[]$\OT1/cmr/m/n/9 ) on the ge-o-met-ric in-ter-sec-tion di-
am-e-ter ($\OML/cmm/m/it/9 d[]$\OT1/cmr/m/n/9 )
 []


Underfull \hbox (badness 10000) in paragraph at lines 626--626
\OT1/cmr/m/n/9 be-tween floc groups of dif-fer-ent frac-tal di-men-sion. (a) In
-creas-ing $\OML/cmm/m/it/9 b[]$ \OT1/cmr/m/n/9 with $\OML/cmm/m/it/9 n[]$ \OT1
/cmr/m/n/9 shifts $\OML/cmm/m/it/9 d[]$ \OT1/cmr/m/n/9 above
 []


Underfull \hbox (badness 10000) in paragraph at lines 626--626
\OT1/cmr/m/n/9 the pri-mary par-ti-cle di-am-e-ter $\OML/cmm/m/it/9 d[]$\OT1/cm
r/m/n/9 , while de-creas-ing $\OML/cmm/m/it/9 b[]$ \OT1/cmr/m/n/9 shifts it be-
low. (b) When eval-u-at-ing the
 []


Underfull \hbox (badness 10000) in paragraph at lines 626--626
\OT1/cmr/m/n/9 ide-al-ized in-ter-sec-tion as-sum-ing con-stant $\OML/cmm/m/it/
9 b[]$\OT1/cmr/m/n/9 , the lower tail of mea-sured floc di-am-e-ters ex-tends t
o
 []


Underfull \hbox (badness 10000) in paragraph at lines 626--626
\OT1/cmr/m/n/9 the left of $\OML/cmm/m/it/9 d[]$\OT1/cmr/m/n/9 . This vi-o-late
s the phys-i-cal con-straint that flocs can-not be smaller than their
 []


Underfull \hbox (badness 3260) in paragraph at lines 626--626
\OT1/cmr/m/n/9 fun-da-men-tal build-ing blocks. (c) Ex-am-ple where $\OML/cmm/m
/it/9 d[] > d[]$\OT1/cmr/m/n/9 , em-pha-siz-ing that $\OML/cmm/m/it/9 b[]$ \OT1
/cmr/m/n/9 must rise
 []


Overfull \hbox (2.5711pt too wide) in paragraph at lines 630--631
[]\OT1/cmr/m/n/10 To il-lus-trate this ef-fect, we plot set-tling ve-loc-ity ve
r-sus [][]floc [][]di-am-e-ter for two [][]hy- 
 []


Overfull \hbox (0.5329pt too wide) in paragraph at lines 630--631
\OT1/cmr/m/n/10 ti-cle di-am-e-ter of $10 \OML/cmm/m/it/10 ^^V$\OT1/cmr/m/n/10 
m, us-ing Eq. [] (Fig. [][]|   [][][][][]11[][][]a). For $\OML/cmm/m/it/10 n[] 
\OT1/cmr/m/n/10 = 1\OML/cmm/m/it/10 :\OT1/cmr/m/n/10 5$, we fix $\OML/cmm/m/it/
10 b[] \OT1/cmr/m/n/10 = 50$, and 
 []


Overfull \hbox (2.14636pt too wide) in paragraph at lines 630--631
\OT1/cmr/m/n/10 for $\OML/cmm/m/it/10 n[] \OT1/cmr/m/n/10 = 2\OML/cmm/m/it/10 :
\OT1/cmr/m/n/10 0$, we vary $\OML/cmm/m/it/10 b[]$ \OT1/cmr/m/n/10 from 10 to 1
00. As the shape fac-tor in-creases with frac-tal di- 
 []


Overfull \hbox (1.74768pt too wide) in paragraph at lines 630--631
\OT1/cmr/m/n/10 men-sion, the in-ter-sec-tion di-am-e-ter [][]|   []   [][][][]
$\OML/cmm/m/it/10 d[]$ [][]\OT1/cmr/m/n/10 be-tween the two groups be-comes 
 []


Overfull \hbox (12.68231pt too wide) in paragraph at lines 630--631
\OT1/cmr/m/n/10 greater than the true pri-mary par-ti-cle di-am-e-ter. The op-p
o-site holds if $\OML/cmm/m/it/10 b[]$ \OT1/cmr/m/n/10 de-creases with 
 []


Overfull \hbox (0.53444pt too wide) in paragraph at lines 632--633
[]\OT1/cmr/m/n/10 We eval-u-ate the cal-cu-lated ge-o-met-ric in-ter-sec-tion d
i-am-e-ters ($\OML/cmm/m/it/10 d[]$\OT1/cmr/m/n/10 ) ob-tained 
 []


Overfull \hbox (4.11778pt too wide) in paragraph at lines 632--633
|   []   [][][][]\OT1/cmr/m/n/10 While [][]most mea-sured floc di-am-e-ters lie
 to the right of $\OML/cmm/m/it/10 d[]$\OT1/cmr/m/n/10 , the lower tail of 
 []


Overfull \hbox (17.04344pt too wide) in paragraph at lines 632--633
\OT1/cmr/m/n/10 the ob-served floc size dis-tri-bu-tion in-evitably ex-tends to
 the left (i.e., some ob-served $\OML/cmm/m/it/10 d[] < 
 []


Overfull \hbox (10.75677pt too wide) in paragraph at lines 632--633
\OML/cmm/m/it/10 d[]$\OT1/cmr/m/n/10 ). Be-cause a floc phys-i-cally can-not be
 smaller than its con-stituent pri-mary par- 
 []


Overfull \hbox (15.57124pt too wide) in paragraph at lines 632--633
\OT1/cmr/m/n/10 a phys-i-cal con-tra-dic-tion, re-quir-ing in-stead that the tr
ue pri-mary par-ti-cle size be se-curely 
 []


Underfull \vbox (badness 10000) has occurred while \output is active []



[25]
Overfull \hbox (10.20198pt too wide) in paragraph at lines 634--635
[]\OT1/cmr/m/n/10 This strict phys-i-cal con-straint im-plies a nec-es-sary re-
la-tion-ship be-tween $\OML/cmm/m/it/10 b[]$ \OT1/cmr/m/n/10 and $\OML/cmm/m/it
/10 n[]$\OT1/cmr/m/n/10 . 
 []


Overfull \hbox (26.0989pt too wide) in paragraph at lines 634--635
\OT1/cmr/m/n/10 in-creases is if $\OML/cmm/m/it/10 b[]$ \OT1/cmr/m/n/10 also in
-creases. [][]|   []   |   []   |   []   |   []   |   []   |   []   |   []   | 
  [] 
 []


Overfull \hbox (4.23782pt too wide) in paragraph at lines 634--635
|   []   |   []   |   []   |   []   |   []   |   []   |   []   [][]\OT1/cmr/m/n
/10 Such a trend is con-sis-tent with the-o-ret- 
 []


Overfull \hbox (9.849pt too wide) in paragraph at lines 634--635
\OT1/cmr/m/n/10 i-cal ex-pec-ta-tions and ex-per-i-men-tal ob-ser-va-tions, whi
ch sug-gest that denser, less per-me- 
 []


Overfull \hbox (15.86879pt too wide) in paragraph at lines 634--635
\OT1/cmr/m/n/10 able flocs (i.e., those with higher $\OML/cmm/m/it/10 n[]$\OT1/
cmr/m/n/10 ) ex-pe-ri-ence greater hy-dro-dy-namic drag, cor-re-spond- 
 []


Overfull \hbox (2.26581pt too wide) in paragraph at lines 634--635
\OT1/cmr/m/n/10 ing to higher val-ues of $\OML/cmm/m/it/10 b[]$ []\OT1/cmr/m/n/
10 Strom & Key-vani, 2011). Im-por-tantly, this con-clu-sion does 
 []


Overfull \hbox (8.80229pt too wide) in paragraph at lines 634--635
\OT1/cmr/m/n/10 not in-val-i-date the $\OML/cmm/m/it/10 n[]$ \OT1/cmr/m/n/10 va
l-ues in-ferred from the strat-i-fied $[](\OML/cmm/m/it/10 w[]\OT1/cmr/m/n/10 )
$--$[](\OML/cmm/m/it/10 d[]\OT1/cmr/m/n/10 )$ slopes, be-cause 
 []


Overfull \hbox (7.68224pt too wide) in paragraph at lines 634--635
\OT1/cmr/m/n/10 those slopes are in-de-pen-dent of $\OML/cmm/m/it/10 b[]$\OT1/c
mr/m/n/10 ; the shape fac-tor en-ters only the in-ter-cept. The sen- 
 []


Overfull \hbox (17.64569pt too wide) in paragraph at lines 634--635
\OT1/cmr/m/n/10 si-tiv-ity of $\OML/cmm/m/it/10 d[]$ \OT1/cmr/m/n/10 to $\OML/c
mm/m/it/10 b[]$ \OT1/cmr/m/n/10 there-fore af-fects only the [][]mag-ni-tude of
 the [][]in-ferred pri-mary par- 
 []


Overfull \hbox (7.64845pt too wide) in paragraph at lines 634--635
\OT1/cmr/m/n/10 ti-cle di-am-e-ter, not the frac-tal di-men-sion it-self [][]no
r the sys-tem-atic vari-a-tion of $\OML/cmm/m/it/10 d[]$ \OT1/cmr/m/n/10 across
 
 []


Overfull \hbox (34.39072pt too wide) in paragraph at lines 642--642
[][][]|   []   |   []   |   []   |   []   [][][][]\OT1/cmr/bx/n/10 Rec-on-cil-i
ng [][]Set-tling [][]|   [][][][][]Dynamics 
 []


Overfull \hbox (19.73795pt too wide) in paragraph at lines 646--648
[]|   []   |   []   |   []   |   []   |   []   |   []   |   []   |   []   |   [
]   |   []   |   []   |   []   |   []   |   [] 
 []


Overfull \hbox (4.43239pt too wide) in paragraph at lines 646--648
|   []   |   []   |   []   |   []   |   []   |   []   |   []   |   []   |   [] 
  |   []   |   []   |   [] 
 []


Overfull \hbox (9.34099pt too wide) in paragraph at lines 646--648
|   []   |   []   |   []   |   []   |   []   |   []   |   []   [][][][]\OT1/cmr
/m/n/10 Hav-ing es-tab-lished that both [][]$\OML/cmm/m/it/10 n[]$ [][]|   [] 
 []


Overfull \hbox (12.73184pt too wide) in paragraph at lines 646--648
|   []   |   []   |   []   |   []   |   []   |   []   |   []   |   []   [][][][
]\OT1/cmr/m/n/10 (Sec-tion 3.2.1[]) and $\OML/cmm/m/it/10 d[]$ \OT1/cmr/m/n/10 
(Sec-tion 3.3[]) vary sys- 
 []


Overfull \hbox (6.59903pt too wide) in paragraph at lines 646--648
\OT1/cmr/m/n/10 tem-at-i-cally with ex-per-i-men-tal con-di-tions, we now test 
whether this struc-tural vari-abil- 
 []


Overfull \hbox (7.6268pt too wide) in paragraph at lines 646--648
\OT1/cmr/m/n/10 ity ex-plains the set-tling ve-loc-ity dis-crep-an-cies iden-ti
-fied in Sec-tion 3.1[]. We for-mu-late a 
 []


Overfull \hbox (49.33122pt too wide) in paragraph at lines 646--648
\OT1/cmr/m/n/10 mod-i-fied model that re-tains the same equi-lib-rium $\OML/cmm
/m/it/10 d[]$ \OT1/cmr/m/n/10 pre-dic-tion but eval-u-ates $\OML/cmm/m/it/10 w[
] \OMS/cmsy/m/n/10 / \OML/cmm/m/it/10 d[] d[]$ 
 []


Overfull \hbox (2.27927pt too wide) in paragraph at lines 646--648
\OT1/cmr/m/n/10 with the mea-sured, condition-specific $\OML/cmm/m/it/10 n[]$ \
OT1/cmr/m/n/10 and $\OML/cmm/m/it/10 d[]$ \OT1/cmr/m/n/10 rather than fixed val
-ues. As with the 
 []


Overfull \hbox (1.9323pt too wide) in paragraph at lines 646--648
\OT1/cmr/m/n/10 base model, we nor-mal-ize the pre-dic-tion by a sin-gle least-
squares con-stant and plot it 
 []


Overfull \hbox (22.93935pt too wide) in paragraph at lines 646--648
\OT1/cmr/m/n/10 against the mea-sured me-di-ans in Fig. 6[]c,d. How-ever, both 
mod-els share the iden-ti-cal $\OML/cmm/m/it/10 d[]$ 
 []


Overfull \hbox (16.1546pt too wide) in paragraph at lines 646--648
\OT1/cmr/m/n/10 pre-dic-tion and each con-tain ex-actly one free pa-ram-e-ter, 
so any im-prove-ment in the mod- 
 []


Overfull \hbox (13.98802pt too wide) in paragraph at lines 646--648
\OT1/cmr/m/n/10 i-fied model arises solely from in-cor-po-rat-ing the mea-sured
 struc-tural vari-abil-ity, not from 
 []



[26 <../figures/fig11.pdf>]
Overfull \hbox (17.15457pt too wide) in paragraph at lines 649--651
[]\OT1/cmr/m/n/10 As shown in Fig. 6[]c, the mod-i-fied model suc-cess-fully re
-pro-duces the non-monotonic 
 []


Overfull \hbox (38.71281pt too wide) in paragraph at lines 649--651
\OT1/cmr/m/n/10 peak in set-tling ve-loc-ity with shear. At low to mod-er-ate s
hear ([][]$\OML/cmm/m/it/10 u[] \OT1/cmr/m/n/10 = 0\OML/cmm/m/it/10 :\OT1/cmr/m
/n/10 02$ [][]|   [][][][][]to $0\OML/cmm/m/it/10 :\OT1/cmr/m/n/10 03$ ms$[]$),
 
 []


Overfull \hbox (8.64653pt too wide) in paragraph at lines 649--651
\OT1/cmr/m/n/10 the rapid den-si-fi-ca-tion of flocs (in-creas-ing $\OML/cmm/m/
it/10 n[]$\OT1/cmr/m/n/10 ) out-paces the re-duc-tion in ag-gre-gate size, 
 []


Overfull \hbox (28.28511pt too wide) in paragraph at lines 649--651
\OT1/cmr/m/n/10 caus-ing $\OML/cmm/m/it/10 w[]$ \OT1/cmr/m/n/10 to rise de-spit
e shrink-ing $\OML/cmm/m/it/10 d[]$\OT1/cmr/m/n/10 . Only at high shear ($\OML/
cmm/m/it/10 u[] \OT1/cmr/m/n/10 = 0\OML/cmm/m/it/10 :\OT1/cmr/m/n/10 04$[][] ms
$[]$) [][]|   []   |   [] 
 []


Overfull \hbox (1.81035pt too wide) in paragraph at lines 649--651
[][][][]\OT1/cmr/m/n/10 does frag-men-ta-tion dom-i-nate over den-si-fi-ca-tion
, and $\OML/cmm/m/it/10 w[]$ \OT1/cmr/m/n/10 de-clines. Sim-i-larly, the mod-i-
 
 []


Overfull \hbox (22.97693pt too wide) in paragraph at lines 649--651
\OT1/cmr/m/n/10 fied model cap-tures the steep mono-tonic de-crease of $\OML/cm
m/m/it/10 w[]$ [][]\OT1/cmr/m/n/10 with or-ganic mat-ter [][]|   []   |   [] 
 []


Overfull \hbox (5.84894pt too wide) in paragraph at lines 649--651
|   []   |   []   |   []   |   []   |   []   |   []   |   []   |   []   |   [] 
  |   []   |   []   |   []   |   []   |   [] 
 []


Overfull \hbox (2.01569pt too wide) in paragraph at lines 649--651
|   []   |   []   |   []   |   []   |   []   |   []   |   []   |   []   |   [] 
  |   [] 
 []


Overfull \hbox (8.97992pt too wide) in paragraph at lines 649--651
|   []   |   []   |   []   |   []   |   []   |   []   |   []   |   []   |   [] 
  |   []   |   []   |   []   |   [] 
 []


Overfull \hbox (7.2379pt too wide) in paragraph at lines 649--651
|   []   |   []   |   []   |   []   |   []   |   []   |   []   |   []   |   [] 
  |   []   |   []   |   []   |   [] 
 []


Overfull \hbox (19.89046pt too wide) in paragraph at lines 649--651
|   []   |   []   |   []   |   []   |   []   |   []   [][][][]\OT1/cmr/m/n/10 (
Fig. 6[]d): de-creas-ing [][]$\OML/cmm/m/it/10 n[]$ [][][][]\OT1/cmr/m/n/10 and
 $\OML/cmm/m/it/10 d[]$ \OT1/cmr/m/n/10 with added 
 []


Overfull \hbox (18.79344pt too wide) in paragraph at lines 649--651
\OT1/cmr/m/n/10 OM re-duce the ef-fec-tive solid frac-tion of the ag-gre-gates,
 over-whelm-ing the mi-nor in-crease 
 []


Overfull \hbox (12.98782pt too wide) in paragraph at lines 652--654
[]|   []   |   []   |   []   |   []   |   []   |   []   |   []   |   []   [][][
][]\OT1/cmr/m/n/10 Across all six ex- 
 []


Overfull \hbox (8.07121pt too wide) in paragraph at lines 652--654
\OT1/cmr/m/n/10 per-i-ments, the mod-i-fied model re-duces the root-mean-square
 er-ror in pre-dicted set-tling 
 []


Overfull \hbox (18.54349pt too wide) in paragraph at lines 652--654
\OT1/cmr/m/n/10 ve-loc-ity by 34% rel-a-tive to the base model. This im-prove-m
ent demon-strates that the dis- 
 []


Overfull \hbox (13.34096pt too wide) in paragraph at lines 652--654
\OT1/cmr/m/n/10 crep-an-cies be-tween the constant-$\OML/cmm/m/it/10 n[]$ \OT1/
cmr/m/n/10 frame-work and our data are not ran-dom scat-ter but 
 []


Overfull \hbox (1.40453pt too wide) in paragraph at lines 652--654
\OT1/cmr/m/n/10 arise from sys-tem-atic struc-tural changes that the base model
 can-not rep-re-sent. Prop- 
 []


Overfull \hbox (9.4601pt too wide) in paragraph at lines 652--654
\OT1/cmr/m/n/10 erly pre-dict-ing the set-tling dy-nam-ics of co-he-sive sed-i-
ment there-fore re-quires ac-count-ing 
 []


Overfull \hbox (13.48778pt too wide) in paragraph at lines 657--659
[]\OT1/cmr/m/n/10 A cen-tral find-ing of this re-search is the dis-crep-ancy be
-tween frac-tal di-men-sions de- 
 []


Overfull \hbox (11.988pt too wide) in paragraph at lines 657--659
\OT1/cmr/m/n/10 rived from ag-gre-gated (i.e., pooled) datasets and those ob-ta
ined from datasets strat-i-fied 
 []


Overfull \hbox (15.96024pt too wide) in paragraph at lines 657--659
\OT1/cmr/m/n/10 by 2D box-counting di-men-sion. As il-lus-trated by our con-cep
-tual model (Fig. 1[]) and sup- 
 []


Overfull \hbox (17.57137pt too wide) in paragraph at lines 657--659
\OT1/cmr/m/n/10 ported by ex-per-i-men-tal re-sults (Figs. 8[] and 9[]), ag-gre
-gat-ing set-tling data from a floc pop- 
 []


Overfull \hbox (21.03555pt too wide) in paragraph at lines 657--659
\OT1/cmr/m/n/10 u-la-tion with in-her-ent struc-tural variability---meaning a r
ange of true $\OML/cmm/m/it/10 n[]$ \OT1/cmr/m/n/10 values---can yield 
 []


Overfull \hbox (13.75766pt too wide) in paragraph at lines 657--659
\OT1/cmr/m/n/10 a bulk-fitted $\OML/cmm/m/it/10 n[]$ \OT1/cmr/m/n/10 that over-
rep-re-sents cer-tain struc-tural sub-groups while fail-ing to cap-ture 
 []


Overfull \hbox (1.87686pt too wide) in paragraph at lines 657--659
\OT1/cmr/m/n/10 the full di-ver-sity within the pop-u-la-tion. This ap-proach c
an ob-scure un-der-ly-ing trends 
 []


Overfull \hbox (7.59909pt too wide) in paragraph at lines 657--659
\OT1/cmr/m/n/10 and pro-duce fit-ted fractal-dimension val-ues that are po-ten-
tially mis-lead-ing. The mech- 
 []


Overfull \hbox (14.6547pt too wide) in paragraph at lines 657--659
\OT1/cmr/m/n/10 a-nism is anal-o-gous to Simp-son's para-dox: be-cause dis-tinc
t struc-tural sub-pop-u-la-tions oc- 
 []


Overfull \hbox (16.33804pt too wide) in paragraph at lines 657--659
\OT1/cmr/m/n/10 cupy dif-fer-ent re-gions of $\OML/cmm/m/it/10 w[]$\OT1/cmr/m/n
/10 --$\OML/cmm/m/it/10 d[]$ \OT1/cmr/m/n/10 space, the slope of a pooled re-gr
es-sion is not a sim-ple av- 
 []


Overfull \hbox (0.988pt too wide) in paragraph at lines 657--659
\OT1/cmr/m/n/10 er-age of within-group slopes and may be dom-i-nated by the sub
-pop-u-la-tion that ex-erts 
 []


LaTeX Warning: Reference `tab:bulk_trends' on page 27 undefined on input line 6
63.


Overfull \hbox (4.75464pt too wide) in paragraph at lines 661--665
[]\OT1/cmr/m/n/10 The set-tling ve-loc-ity $\OML/cmm/m/it/10 w[]$ \OT1/cmr/m/n/
10 gov-erns the rate at which floc-cu-lated mud de-posits from 
 []


Overfull \hbox (22.18231pt too wide) in paragraph at lines 661--665
\OT1/cmr/m/n/10 the wa-ter col-umn and is there-fore the quan-tity of most di-r
ect rel-e-vance to sed-i-ment trans- 
 []


Overfull \hbox (4.07005pt too wide) in paragraph at lines 661--665
\OT1/cmr/m/n/10 port pre-dic-tions. For frac-tal flocs, $\OML/cmm/m/it/10 w[] \
OMS/cmsy/m/n/10 / \OML/cmm/m/it/10 d[] d[]$ \OT1/cmr/m/n/10 ([][]Eq. [][][]|   
[]   |   []   |   []   |   []   |   []   |   [] 
 []


Overfull \hbox (22.68608pt too wide) in paragraph at lines 661--665
|   []   |   []   |   []   |   []   |   []   |   []   |   []   |   []   |   [] 
  |   []   |   []   |   []   |   []   |   []   |   []   |   [] 
 []


Overfull \hbox (19.97624pt too wide) in paragraph at lines 661--665
|   []   |   []   |   []   |   []   |   []   |   []   |   []   |   []   |   [] 
  |   []   |   []   |   []   [][][][]\OT1/cmr/m/n/10 ), which 
 []


Overfull \hbox (19.33516pt too wide) in paragraph at lines 661--665
\OT1/cmr/m/n/10 In this form, set-tling is con-trolled jointly by floc size ($\
OML/cmm/m/it/10 d[]$\OT1/cmr/m/n/10 ) and ef-fec-tive den-sity ($\OML/cmm/m/it/
10 ^^^$\OT1/cmr/m/n/10 ), where 
 []


Overfull \hbox (4.59906pt too wide) in paragraph at lines 661--665
\OT1/cmr/m/n/10 the lat-ter en-cap-su-lates the com-bined in-flu-ence of frac-t
al di-men-sion and pri-mary par-ti- 
 []


Overfull \hbox (2.82118pt too wide) in paragraph at lines 661--665
\OT1/cmr/m/n/10 cle size. This de-com-po-si-tion is use-ful be-cause shear ve-l
oc-ity and or-ganic mat-ter af-fect 
 []


Overfull \hbox (0.31311pt too wide) in paragraph at lines 661--665
[][]$\OML/cmm/m/it/10 d[]$ [][]|   []   |   []   |   []   |   []   |   []   [][
]|   []   |   []   |   []   |   []   |   []   |   []   |   []   |   []   |   []
   |   [] 
 []


Overfull \hbox (20.98784pt too wide) in paragraph at lines 661--665
|   []   |   []   |   []   |   []   |   []   |   []   |   []   |   []   |   [] 
  |   []   |   []   |   []   |   []   |   [] 
 []


Overfull \hbox (3.28244pt too wide) in paragraph at lines 661--665
|   []   |   []   |   []   |   []   |   []   |   []   |   []   |   []   |   [] 
  |   []   |   []   |   []   |   [] 
 []


LaTeX Warning: Reference `tab:bulk_trends' on page 27 undefined on input line 6
66.


Overfull \hbox (0.96004pt too wide) in paragraph at lines 666--668
[]\OT1/cmr/m/n/10 With in-creas-ing shear ve-loc-ity, $\OML/cmm/m/it/10 d[]$ \O
T1/cmr/m/n/10 de-creases as stronger tur-bu-lence breaks apart 
 []


Overfull \hbox (16.69597pt too wide) in paragraph at lines 666--668
\OT1/cmr/m/n/10 ag-gre-gates (Fig. 6[]a), while $\OML/cmm/m/it/10 n[]$ \OT1/cmr
/m/n/10 in-creases (Fig. 9[]a) and the in-ferred $\OML/cmm/m/it/10 d[]$ \OT1/cm
r/m/n/10 coarsens (Fig. 10[]d[][]), 
 []


Overfull \hbox (10.79335pt too wide) in paragraph at lines 666--668
\OT1/cmr/m/n/10 con-sis-tent with [][]|   []   |   []   |   []   |   []   |   [
]   |   []   |   []   |   []   |   []   |   []   |   []   |   [] 
 []


Overfull \hbox (30.93234pt too wide) in paragraph at lines 666--668
|   []   |   []   |   []   |   []   |   []   |   [][][][][]\OT1/cmr/m/n/10 pref
erential re-ten-tion of com-pact, shear-resistant 
 []


Overfull \hbox (39.97992pt too wide) in paragraph at lines 666--668
\OT1/cmr/m/n/10 struc-tures [][]Winterwerp, 1998)[]. The ris-ing [][]$\OML/cmm/
m/it/10 n[]$ [][]|   []   |   []   |   []   |   []   |   []   |   []   |   []  
 |   [] 
 []


Overfull \hbox (0.77344pt too wide) in paragraph at lines 666--668
|   []   |   []   |   []   [][][][]\OT1/cmr/m/n/10 and coars-en-ing $\OML/cmm/m
/it/10 d[]$ \OT1/cmr/m/n/10 in-crease $\OML/cmm/m/it/10 ^^^$\OT1/cmr/m/n/10 , p
ar-tially com-pen-sat-ing for the shrink- 
 []


Overfull \hbox (1.32126pt too wide) in paragraph at lines 666--668
\OT1/cmr/m/n/10 ing [][]$\OML/cmm/m/it/10 d[]$[][]|   []   |   []   |   []   | 
  []   |   []   [][]|   [][][][][]\OT1/cmr/m/n/10 . Be-cause these two con-tri-
bu-tions act in op-pos-ing di-rec- 
 []


Overfull \hbox (9.39362pt too wide) in paragraph at lines 666--668
\OT1/cmr/m/n/10 tions on $\OML/cmm/m/it/10 w[]$\OT1/cmr/m/n/10 , the ob-served 
set-tling re-sponse is non-monotonic (Fig. 6[]c). With in-creas-ing 
 []


Overfull \hbox (3.47372pt too wide) in paragraph at lines 666--668
\OT1/cmr/m/n/10 or-ganic mat-ter, $\OML/cmm/m/it/10 n[]$ \OT1/cmr/m/n/10 de-cre
ases (Fig. 9[]b) and $\OML/cmm/m/it/10 d[]$ \OT1/cmr/m/n/10 fines (Fig. 10[]h),
 con-sis-tent with or-ganic 
 []


Overfull \hbox (15.46028pt too wide) in paragraph at lines 666--668
\OT1/cmr/m/n/10 bind-ing pro-mot-ing open, porous ar-chi-tec-tures built from s
maller pri-mary par-ti-cles[][]. Both 
 []


Overfull \hbox (65.5607pt too wide) in paragraph at lines 666--668
\OT1/cmr/m/n/10 ef-fects re-duce [][]|   []   |   []   |   []   |   []   |   []
   |   []   |   []   |   []   |   []   |   []   |   []   |   []   |   [][][][][
]$\OML/cmm/m/it/10 ^^^$\OT1/cmr/m/n/10 , 
 []


Overfull \hbox (12.6158pt too wide) in paragraph at lines 666--668
\OT1/cmr/m/n/10 and be-cause $\OML/cmm/m/it/10 d[]$ \OT1/cmr/m/n/10 re-mains re
l-a-tively sta-ble across the OM gra-di-ent (Fig. 6[]b), $\OML/cmm/m/it/10 w[]$
 \OT1/cmr/m/n/10 de-creases 
 []


Underfull \vbox (badness 10000) has occurred while \output is active []



[27]
Overfull \hbox (2.47977pt too wide) in paragraph at lines 669--671
[]|   []   |   []   |   []   |   []   |   []   |   []   |   []   |   []   [][][
][]\OT1/cmr/m/n/10 The equi-lib-rium 
 []


Overfull \hbox (13.24487pt too wide) in paragraph at lines 669--671
\OT1/cmr/m/n/10 floc di-am-e-ter $\OML/cmm/m/it/10 d[]$\OT1/cmr/m/n/10 , by con
-trast, is well pre-dicted by the [][]Nghiem et al.[] (2022) []frame-work 
 []


Overfull \hbox (11.69914pt too wide) in paragraph at lines 669--671
[][]\OT1/cmr/m/n/10 across all con-di-tions [][]|   []   |   []   |   []   |   
[]   |   []   |   []   |   []   |   []   |   []   |   []   |   []   |   [] 
 []


Overfull \hbox (27.46013pt too wide) in paragraph at lines 669--671
|   []   |   []   |   []   |   []   |   []   |   []   |   []   |   []   |   [] 
  |   []   |   [] 
 []


Overfull \hbox (12.76578pt too wide) in paragraph at lines 669--671
|   []   |   []   |   []   |   []   |   []   |   []   |   []   |   []   |   [] 
  |   []   |   [] 
 []


Overfull \hbox (29.14648pt too wide) in paragraph at lines 669--671
|   []   |   []   |   []   |   []   [][][][]\OT1/cmr/m/n/10 (Fig. 6[]a,b), be-c
ause [][]$\OML/cmm/m/it/10 n[]$ [][]|   []   |   []   |   []   |   []   |   [] 
  |   [] 
 []


Overfull \hbox (44.099pt too wide) in paragraph at lines 673--675
[]|   []   |   []   |   []   |   []   |   []   |   []   |   []   |   []   [][]|
   []   [][][][]\OT1/cmr/m/n/10 can-cels in the aggregation-- 
 []


Overfull \hbox (5.36752pt too wide) in paragraph at lines 673--675
\OT1/cmr/m/n/10 breakup bal-ance and the pre-dicted size de-pends only on $\OML
/cmm/m/it/10 ^^Q$ \OT1/cmr/m/n/10 and $\OML/cmm/m/it/10 ^^R$\OT1/cmr/m/n/10 . T
he set-tling ve-loc-ity 
 []


Overfull \hbox (18.11874pt too wide) in paragraph at lines 673--675
\OT1/cmr/m/n/10 re-tains an ex-plicit de-pen-dence on [][]$\OML/cmm/m/it/10 n[]
$ [][]|   []   |   []   |   []   |   []   |   []   |   []   |   []   |   []   |
   [] 
 []


Overfull \hbox (24.84906pt too wide) in paragraph at lines 673--675
|   []   |   []   |   []   |   []   |   []   |   []   |   []   |   []   |   [] 
  |   []   |   []   |   []   |   []   |   []   |   []   |   [] 
 []


Overfull \hbox (12.96028pt too wide) in paragraph at lines 673--675
|   []   |   []   |   []   |   []   |   []   |   []   |   []   |   []   |   [] 
  |   []   |   []   |   [] 
 []


Overfull \hbox (52.98805pt too wide) in paragraph at lines 673--675
|   []   |   []   |   []   |   []   |   []   [][][][]\OT1/cmr/m/n/10 and $\OML/
cmm/m/it/10 d[]$\OT1/cmr/m/n/10 , and a constant-[][]$\OML/cmm/m/it/10 n[]$ [][
]|   []   |   []   |   []   |   []   |   [] 
 []


Overfull \hbox (11.96011pt too wide) in paragraph at lines 673--675
|   []   |   []   |   []   |   []   |   []   |   []   |   []   |   []   |   [] 
  |   []   |   []   |   []   |   []   |   [] 
 []


Overfull \hbox (9.37679pt too wide) in paragraph at lines 673--675
|   []   |   []   |   []   |   []   |   []   |   []   |   [][][][][]\OT1/cmr/m/
n/10 model can-not re-pro-duce ei-ther 
 []


Overfull \hbox (12.01572pt too wide) in paragraph at lines 673--675
\OT1/cmr/m/n/10 the non-monotonic shear re-sponse or the organic-matter de-clin
e (Fig. 6[]c,d). In-cor-po-rat- 
 []


Overfull \hbox (1.68233pt too wide) in paragraph at lines 673--675
\OT1/cmr/m/n/10 ing the mea-sured struc-tural vari-abil-ity (Sec-tion 3.1[]) re
-duces the root-mean-square er- 
 []


Overfull \hbox (4.46011pt too wide) in paragraph at lines 673--675
\OT1/cmr/m/n/10 ror by 34% with no ad-di-tional free pa-ram-e-ters, con-firm-in
g that these dis-crep-an-cies re- 
 []


Overfull \hbox (11.37682pt too wide) in paragraph at lines 673--675
\OT1/cmr/m/n/10 flect sys-tem-atic struc-tural changes rather than scat-ter. Al
-though the ex-act quan-ti-ta-tive 
 []


Overfull \hbox (0.1823pt too wide) in paragraph at lines 673--675
\OT1/cmr/m/n/10 re-la-tion-ships are likely system-specific, the gen-eral trend
s are broadly con-sis-tent with 
 []


Overfull \hbox (13.7379pt too wide) in paragraph at lines 673--675
\OT1/cmr/m/n/10 pre-vi-ous stud-ies and un-der-score that ac-cu-rate set-tling 
pre-dic-tions re-quire ac-count-ing for 
 []


Overfull \hbox (7.48785pt too wide) in paragraph at lines 680--681
[]|   []   |   []   |   []   |   []   |   []   |   []   |   []   |   []   |   [
]   [][][][]\OT1/cmr/m/n/10 The re-la-tion- 
 []


Overfull \hbox (6.2658pt too wide) in paragraph at lines 680--681
\OT1/cmr/m/n/10 ship be-tween the [][]2D box-counting [][]|   []   |   []   |  
 []   |   []   |   []   [][][][]di-men- 
 []


Overfull \hbox (9.87813pt too wide) in paragraph at lines 680--681
\OT1/cmr/m/n/10 sion ($\OML/cmm/m/it/10 n[]$\OT1/cmr/m/n/10 ) and the [][]in-fe
rred 3D frac-tal di-men-sion ([][]$\OML/cmm/m/it/10 n[]$\OT1/cmr/m/n/10 ) is br
oadly con-sis-tent with mod- 
 []


Overfull \hbox (3.32126pt too wide) in paragraph at lines 680--681
\OT1/cmr/m/n/10 els de-vel-oped for syn-thetic com-pu-ta-tional ag-gre-gates ([
][]Fig. [][]|   [][][][][]9[]c[][]). The [][]|   []   [][][][]sim- 
 []


Overfull \hbox (9.34099pt too wide) in paragraph at lines 680--681
\OT1/cmr/m/n/10 sys-tem-at-i-cally over-es-ti-mates [][]$\OML/cmm/m/it/10 n[]$ 
[][]|   []   |   []   |   []   |   []   |   []   |   []   |   []   |   [] 
 []


Overfull \hbox (23.96016pt too wide) in paragraph at lines 680--681
|   []   |   []   |   []   |   []   |   []   |   []   |   []   |   []   |   [] 
  |   []   |   []   |   []   |   []   |   []   |   [] 
 []


Overfull \hbox (19.32129pt too wide) in paragraph at lines 680--681
|   []   |   []   |   []   |   []   |   []   [][][][]\OT1/cmr/m/n/10 across our
 mea-sured range, whereas our data align more 
 []


Overfull \hbox (122.85042pt too wide) in paragraph at lines 680--681
[][]\OT1/cmr/m/n/10 closely with the em-pir-i-cal [][]|   []   |   []   [][][][
]con-ver-sion curves [][]of []Wang et al.[] (2022)[][]|   [] 
 []


Overfull \hbox (10.7935pt too wide) in paragraph at lines 682--684
[]|   []   |   []   |   []   |   []   |   [][][][][]\OT1/cmr/m/n/10 However[][]
, no uni-ver-sally valid map-ping be- 
 []


Overfull \hbox (2.54346pt too wide) in paragraph at lines 682--684
\OT1/cmr/m/n/10 tween 2D and 3D frac-tal di-men-sions ex-ists for nat-u-ral flo
cs. [][]|   []   [][][][]Most syn-thetic 
 []


Overfull \hbox (8.93243pt too wide) in paragraph at lines 682--684
[][]\OT1/cmr/m/n/10 stud-ies, in-clud-ing []Wang et al.[] (2022), grow ag-gre-g
ates from monodis-perse pri-mary par- 
 []


Overfull \hbox (22.54341pt too wide) in paragraph at lines 682--684
\OT1/cmr/m/n/10 ti-cles with fixed size, [][]|   []   |   []   |   [][][][][]al
lowing sim-ple scal-ing laws to be de-rived. Nat- 
 []


Overfull \hbox (13.71022pt too wide) in paragraph at lines 682--684
\OT1/cmr/m/n/10 u-ral flocs, by con-trast, [][]con-tain a broad dis-tri-bu-tion
 of par-ti-cle sizes[][]|   []   |   []   |   [] 
 []


Overfull \hbox (12.53745pt too wide) in paragraph at lines 682--684
|   []   |   []   |   [][][][][]\OT1/cmr/m/n/10 , shapes, and com-po-si-tions, 
adding het-ero-gene-ity in pack-ing and 
 []


Overfull \hbox (8.5435pt too wide) in paragraph at lines 682--684
\OT1/cmr/m/n/10 poros-ity that is not cap-tured by ide-al-ized mod-els. Other a
p-proaches [][]Maggi & Win-ter- 
 []


Overfull \hbox (14.07126pt too wide) in paragraph at lines 682--684
\OT1/cmr/m/n/10 w-erp, 2004; Tang & Maggi, 2015) []de-pend on their own spe-cif
ic as-sump-tions and like-wise 
 []


Overfull \hbox (45.04355pt too wide) in paragraph at lines 682--684
\OT1/cmr/m/n/10 can-not ac-count for this vari-abil-ity[][]. These dif-fer-ence
s in-tro-duce scat-ter and [][]|   []   |   [] 
 []


Overfull \hbox (34.62683pt too wide) in paragraph at lines 682--684
|   []   |   []   |   []   |   []   |   []   |   []   |   []   |   []   |   [] 
  |   []   |   [] 
 []


Overfull \hbox (46.96034pt too wide) in paragraph at lines 682--684
|   []   |   []   |   []   |   []   |   []   |   []   |   []   |   []   |   [] 
  |   []   |   []   |   [] 
 []


Overfull \hbox (22.54346pt too wide) in paragraph at lines 682--684
|   []   |   []   |   []   |   []   |   []   |   []   |   []   |   []   |   [] 
  |   []   |   []   |   [] 
 []


Overfull \hbox (5.12686pt too wide) in paragraph at lines 682--684
|   []   |   []   |   []   |   []   |   []   |   [][][][][]\OT1/cmr/m/n/10 syst
ematic off-sets be-tween nat-u-ral 
 []


Underfull \vbox (badness 10000) has occurred while \output is active []



[28]
Overfull \hbox (6.93224pt too wide) in paragraph at lines 685--686
[]\OT1/cmr/m/n/10 The close match be-tween our re-sults and the box-counting co
n-ver-sion of [][]Wang et 
 []


Overfull \hbox (16.96014pt too wide) in paragraph at lines 685--686
\OT1/cmr/m/n/10 al.[] (2022) []may there-fore re-flect struc-tural sim-i-lar-i-
ties be-tween our ex-per-i-men-tal flocs and 
 []


Overfull \hbox (15.7379pt too wide) in paragraph at lines 685--686
\OT1/cmr/m/n/10 their syn-thetic ag-gre-gates rather than a uni-ver-sally ap-pl
i-ca-ble rule[][]. Nev-er-the-less, the 2D 
 []


Overfull \hbox (1.48805pt too wide) in paragraph at lines 685--686
\OT1/cmr/m/n/10 box-counting di-men-sion re-mains a prac-ti-cal strat-i-fi-ca-t
ion tool: by quan-ti-fy-ing within- 
 []


Overfull \hbox (12.46965pt too wide) in paragraph at lines 685--686
\OT1/cmr/m/n/10 population vari-abil-ity [][]|   []   |   []   |   []   |   [] 
  |   [][][][][]in $\OML/cmm/m/it/10 n[]$ \OT1/cmr/m/n/10 and cal-i-brat- 
 []


Overfull \hbox (29.87692pt too wide) in paragraph at lines 685--686
\OT1/cmr/m/n/10 ing the 2D--3D re-la-tion-ship di-rectly from ex-per-i-men-tal 
data[][], our ap-proach pro-vides context- 
 []


Overfull \hbox (16.24039pt too wide) in paragraph at lines 687--687
[]\OT1/cmr/bx/n/10 Constraining Pri-mary Par-ti-cle Di-am-e-ter ($\OML/cmm/b/it
/10 d[]$\OT1/cmr/bx/n/10 ) and Shape Fac-tor ($\OML/cmm/b/it/10 b[]$\OT1/cmr/bx
/n/10 )  
 []


Overfull \hbox (4.45393pt too wide) in paragraph at lines 692--693
[]|   []   |   []   |   []   |   []   |   []   |   []   |   []   |   []   |   [
]   |   []   |   []   |   []   |   [] 
 []


Overfull \hbox (37.81516pt too wide) in paragraph at lines 692--693
|   []   |   []   |   []   |   []   |   []   |   []   |   []   |   []   |   [] 
  |   []   |   []   |   []   |   []   |   []   |   [] 
 []


Overfull \hbox (21.63757pt too wide) in paragraph at lines 692--693
|   []   |   []   |   []   |   []   |   []   |   []   |   []   |   []   |   [] 
  |   []   |   []   |   []   |   [] 
 []


Overfull \hbox (1.39838pt too wide) in paragraph at lines 692--693
|   []   |   []   |   []   |   []   |   []   |   []   |   []   |   []   |   [] 
  |   []   |   []   |   []   |   []   |   [] 
 []


Overfull \hbox (13.45114pt too wide) in paragraph at lines 695--696
[]\OT1/cmr/m/n/10 The in-ter-sec-tion anal-y-sis yields [][]|   []   [][]$\OML/
cmm/m/it/10 d[]$ [][]|   []   |   []   |   []   |   []   |   []   |   [] 
 []


Overfull \hbox (3.54344pt too wide) in paragraph at lines 695--696
|   []   |   []   |   []   |   []   |   []   [][][][]\OT1/cmr/m/n/10 dis-tri-bu
-tions that agree in cen-tral ten-dency with the in-put 
 []


Overfull \hbox (17.09903pt too wide) in paragraph at lines 695--696
\OT1/cmr/m/n/10 sed-i-ment but are sub-stan-tially nar-rower, peak-ing in the c
oarse-silt range [][](Fig. [][]|   []   |   []   |   [] 
 []


Overfull \hbox (0.54347pt too wide) in paragraph at lines 695--696
|   []   |   []   |   []   |   []   |   []   |   []   |   []   |   []   |   [] 
  |   []   |   []   |   [] 
 []


Overfull \hbox (23.48793pt too wide) in paragraph at lines 695--696
|   []   |   []   |   []   |   []   |   []   |   []   |   []   |   []   |   [] 
  |   []   |   []   |   []   |   []   |   []   |   [] 
 []


Overfull \hbox (20.59903pt too wide) in paragraph at lines 695--696
|   []   |   []   |   []   |   []   |   []   |   []   |   []   |   []   |   [] 
  |   []   |   []   |   []   |   []   |   []   |   [] 
 []


Overfull \hbox (9.73793pt too wide) in paragraph at lines 695--696
|   []   |   []   |   []   |   []   |   []   |   []   |   []   |   []   |   [] 
  |   []   |   []   |   []   |   [] 
 []


Overfull \hbox (31.59904pt too wide) in paragraph at lines 695--696
|   []   |   []   |   []   |   []   |   [][][][][]\OT1/cmr/m/n/10 10[]). This n
ar-row-ing is ex-pected on the-o-ret-i-cal grounds[][]. 
 []


Overfull \hbox (9.67616pt too wide) in paragraph at lines 695--696
[]\OT1/cmr/m/n/10 Nghiem et al.[] (2024) showed that the ef-fec-tive $\OML/cmm/
m/it/10 d[]$ \OT1/cmr/m/n/10 in frac-tal scal-ing [][]the-ory [][]is bet-ter re
p- 
 []


Overfull \hbox (6.82121pt too wide) in paragraph at lines 695--696
\OT1/cmr/m/n/10 re-sented by a number-weighted mo-ment of the size dis-tri-bu-t
ion rather than a vol-u-met- 
 []


Overfull \hbox (6.1268pt too wide) in paragraph at lines 695--696
\OT1/cmr/m/n/10 ric me-dian, be-cause [][]|   []   [][][][]frac-tal [][]ag-gre-
ga-tion con-serves par-ti-cle num-ber rather than 
 []


Overfull \hbox (22.39568pt too wide) in paragraph at lines 695--696
\OT1/cmr/m/n/10 vol-ume. The in-ferred [][]$\OML/cmm/m/it/10 d[]$ \OT1/cmr/m/n/
10 is there-fore ex-pected to de-vi-ate from the bulk me-dian grain 
 []


Overfull \hbox (17.43236pt too wide) in paragraph at lines 695--696
\OT1/cmr/m/n/10 size in a man-ner that de-pends on the weight-ing im-posed by t
he ag-gre-ga-tion pro-cess. Ad- 
 []


Overfull \hbox (19.7379pt too wide) in paragraph at lines 695--696
\OT1/cmr/m/n/10 di-tion-ally, the finest clays may re-main dis-persed un-der th
e ex-per-i-men-tal fresh-wa-ter chem- 
 []


Overfull \hbox (2.82123pt too wide) in paragraph at lines 695--696
\OT1/cmr/m/n/10 istry, while the coars-est sil-ica grains may be too heavy to b
e in-cor-po-rated into flocs--- 
 []


Overfull \hbox (9.28722pt too wide) in paragraph at lines 695--696
\OT1/cmr/m/n/10 both ef-fects nar-row the ef-fec-tive [][]$\OML/cmm/m/it/10 d[]
$ [][]|   []   |   []   |   []   |   []   |   []   |   []   |   [] 
 []


Overfull \hbox (14.57127pt too wide) in paragraph at lines 695--696
|   []   |   []   |   []   |   []   |   []   |   []   |   []   |   []   |   [] 
  |   []   |   []   |   []   |   [][][][][]\OT1/cmr/m/n/10 distribution rel- 
 []


Overfull \hbox (13.8212pt too wide) in paragraph at lines 697--698
[]|   []   |   []   |   []   |   []   |   []   |   []   |   []   |   []   |   [
]   |   []   [][][][]\OT1/cmr/m/n/10 The in-ter-sec-tion method as- 
 []


Overfull \hbox (2.39644pt too wide) in paragraph at lines 697--698
\OT1/cmr/m/n/10 sumes a con-stant [][]$\OML/cmm/m/it/10 b[]$ [][]|   []   |   [
]   |   []   [][][][]\OT1/cmr/m/n/10 across [][]$\OML/cmm/m/it/10 n[]$ [][]|   
[]   |   []   |   []   |   []   |   []   |   [] 
 []


Overfull \hbox (10.72885pt too wide) in paragraph at lines 697--698
[][][][]\OT1/cmr/m/n/10 classes (Eq. []); when [][]$\OML/cmm/m/it/10 b[]$ [][]|
   []   |   []   |   []   |   []   [][][][]\OT1/cmr/m/n/10 varies with floc str
uc-ture, [][]$\OML/cmm/m/it/10 d[]$ 
 []


Overfull \hbox (10.26566pt too wide) in paragraph at lines 697--698
[][]|   []   |   []   |   []   |   []   |   []   |   []   |   []   |   []   |  
 []   |   []   |   []   |   [] 
 []


Overfull \hbox (27.7596pt too wide) in paragraph at lines 697--698
|   []   |   []   |   []   |   []   |   []   |   []   |   []   |   []   [][][][
]\OT1/cmr/m/n/10 de-vi-ates from the true $\OML/cmm/m/it/10 d[]$ \OT1/cmr/m/n/1
0 ([][]Eq. [][]|   []   |   [] 
 []


Overfull \hbox (6.50052pt too wide) in paragraph at lines 697--698
|   []   |   []   |   []   [][][][][]\OT1/cmr/m/n/10 ). Our anal-y-sis (Fig. 11
[]) shows that phys-i-cally plau-si-ble 
 []


Overfull \hbox (20.00755pt too wide) in paragraph at lines 697--698
\OT1/cmr/m/n/10 in-ter-sec-tions re-quire [][]$\OML/cmm/m/it/10 b[]$ \OT1/cmr/m
/n/10 to in-crease with $\OML/cmm/m/it/10 n[]$[][]|   []   [][][][]\OT1/cmr/m/n
/10 , con-sis-tent with the ex-pec-ta-tion that [][]denser, 
 []


Overfull \hbox (9.34897pt too wide) in paragraph at lines 697--698
\OT1/cmr/m/n/10 less per-me-able flocs ex-pe-ri-ence greater form drag [][]|   
[]   |   []   |   []   |   []   |   []   [][][]Strom & 
 []


Overfull \hbox (41.01582pt too wide) in paragraph at lines 697--698
\OT1/cmr/m/n/10 Key-vani, 2011). [][]|   []   |   []   |   []   |   []   |   []
   |   []   |   []   |   []   |   []   |   []   |   [] 
 []


Overfull \hbox (21.62689pt too wide) in paragraph at lines 697--698
|   []   |   []   |   []   |   []   |   []   |   []   |   []   |   []   |   [] 
  |   []   |   []   |   [] 
 []


Overfull \hbox (14.16815pt too wide) in paragraph at lines 697--698
|   []   |   []   |   []   |   []   [][][][]\OT1/cmr/m/n/10 How-ever, this sen-
si-tiv-ity [][]af-fects only the [][]|   []   |   []   |   []   |   [] 
 []


Overfull \hbox (10.6734pt too wide) in paragraph at lines 697--698
|   []   |   []   |   []   |   []   |   []   |   []   |   []   |   []   [][][][
]\OT1/cmr/m/n/10 ab-so-lute mag-ni-tude of $\OML/cmm/m/it/10 d[]$\OT1/cmr/m/n/1
0 . 
 []


Overfull \hbox (23.8965pt too wide) in paragraph at lines 697--698
\OT1/cmr/m/n/10 The [][]$\OML/cmm/m/it/10 n[]$ [][]|   []   |   []   [][][][]\O
T1/cmr/m/n/10 val-ues in-ferred from strat-i-fied slopes [][]are in-de-pen-dent
 of $\OML/cmm/m/it/10 b[]$[][]\OT1/cmr/m/n/10 , which 
 []


Overfull \hbox (0.61775pt too wide) in paragraph at lines 697--698
\OT1/cmr/m/n/10 en-ters only the in-ter-cept, and the rel-a-tive trends in $\OM
L/cmm/m/it/10 d[]$ \OT1/cmr/m/n/10 across ex-per-i-men-tal con- 
 []


Overfull \hbox (3.61874pt too wide) in paragraph at lines 697--698
\OT1/cmr/m/n/10 di-tions are pre-served be-cause the same $\OML/cmm/m/it/10 b[]
\OT1/cmr/m/n/10 (\OML/cmm/m/it/10 n[]\OT1/cmr/m/n/10 )$ re-la-tion-ship ap-plie
s uni-formly to all ex- 
 []


Overfull \hbox (1.20216pt too wide) in paragraph at lines 697--698
\OT1/cmr/m/n/10 per-i-ments. In-de-pen-dently con-strain-ing $\OML/cmm/m/it/10 
b[]\OT1/cmr/m/n/10 (\OML/cmm/m/it/10 n[]\OT1/cmr/m/n/10 )$---for ex-am-ple thro
ugh di-rect drag mea- 
 []


Overfull \hbox (6.70998pt too wide) in paragraph at lines 697--698
\OT1/cmr/m/n/10 sure-ments on size-selected flocs---would al-low the in-ter-sec
-tion es-ti-mate to be con-verted 
 []


Underfull \vbox (badness 10000) has occurred while \output is active []



[29]
Overfull \hbox (10.04346pt too wide) in paragraph at lines 699--701
[]|   []   |   []   [][][][]\OT1/cmr/m/n/10 Floc per-me-abil-ity, not con-sid-e
red here, may fur-ther com-pli-cate the 
 []


Overfull \hbox (2.71008pt too wide) in paragraph at lines 699--701
\OT1/cmr/m/n/10 in-fer-ence. Per-me-abil-ity re-duces the ef-fec-tive drag co-e
f-fi-cient and may it-self de-pend on 
 []


Overfull \hbox (1.56519pt too wide) in paragraph at lines 699--701
\OML/cmm/m/it/10 d[]$ \OT1/cmr/m/n/10 and [][]$\OML/cmm/m/it/10 d[]$[][]|   [] 
  |   []   |   []   |   []   |   []   |   []   |   []   [][][][]\OT1/cmr/m/n/10
 ; if it varies sys-tem-at-i-cally 
 []


Overfull \hbox (9.46011pt too wide) in paragraph at lines 699--701
\OT1/cmr/m/n/10 with floc size, as-sum-ing it to be con-stant can bias both the
 in-ferred slope and there-fore 
 []


Overfull \hbox (24.55711pt too wide) in paragraph at lines 699--701
[][]$\OML/cmm/m/it/10 n[]$ [][]|   []   |   []   |   []   |   []   |   []   |  
 []   |   []      |   []   |   []   |   []   |   []   |   []   |   []   |   [] 
  |   []   |   []   |   [] 
 []


Overfull \hbox (16.73793pt too wide) in paragraph at lines 699--701
|   []   |   []   |   []   |   []   |   []   |   []   |   []   |   []   |   [] 
  |   []   |   []   |   []   |   [] 
 []


Overfull \hbox (16.92624pt too wide) in paragraph at lines 699--701
|   []   |   []   |   []   |   []   |   []   |   []   |   []   |   []   |   [] 
  |   []   |   []   |   [] 
 []


Overfull \hbox (83.29362pt too wide) in paragraph at lines 699--701
|   []   |   []   |   []   |   []   |   []   |   []   |   []   |   []   |   [] 
  |   []   |   []   |   []   |   []   |   []   |   []   |   []   |   [][][][][]
\OT1/cmr/m/n/10 Nghiem 
 []


Overfull \hbox (8.488pt too wide) in paragraph at lines 699--701
\OT1/cmr/m/n/10 et al.[], 2024)[]. Quan-ti-fy-ing the joint de-pen-dence of $\O
ML/cmm/m/it/10 b[]$ \OT1/cmr/m/n/10 and per-me-abil-ity on floc struc-ture 
 []


Overfull \hbox (6.97984pt too wide) in paragraph at lines 706--708
[]\OT1/cmr/m/n/10 The 3D frac-tal di-men-sion [][]of mud flocs, [][]$\OML/cmm/m
/it/10 n[]$[][]|   []   |   []   |   []   |   []   |   [] 
 []


Overfull \hbox (13.26576pt too wide) in paragraph at lines 706--708
|   []   |   []   |   []   |   []   |   []   |   []   [][][][]\OT1/cmr/m/n/10 ,
 is a key pa-ram-e-ter [][]in mor-pho-dy-namic mod- 
 []


Overfull \hbox (10.89647pt too wide) in paragraph at lines 706--708
\OT1/cmr/m/n/10 els [][]of fine-grained sed-i-ment trans-port[][]. His-tor-i-ca
lly, mod-el-ers have [][]|   []   |   [] 
 []


Overfull \hbox (8.35774pt too wide) in paragraph at lines 706--708
|   []   |   []   |   []   |   []   [][]|   []   |   []   |   []   |   []   |  
 []   |   []   |   []   [][][][]\OT1/cmr/m/n/10 gen- 
 []


Overfull \hbox (25.09093pt too wide) in paragraph at lines 706--708
\OT1/cmr/m/n/10 er-ally as-sumed $\OML/cmm/m/it/10 n[] \OMS/cmsy/m/n/10 ^^Y \OT
1/cmr/m/n/10 2$ [][]Kranenburg, 1994; Son & Hsu, 2008; Win-ter-w-erp, 1998; J. 
C. Win- 
 []


Overfull \hbox (6.1545pt too wide) in paragraph at lines 706--708
\OT1/cmr/m/n/10 ter-w-erp & Van Kesteren, 2004)[]. These stud-ies in-ferred the
 frac-tal di-men-sion by ag-gre- 
 []


Overfull \hbox (16.29353pt too wide) in paragraph at lines 706--708
\OT1/cmr/m/n/10 gat-ing set-tling ve-loc-ity data from en-tire floc pop-u-la-ti
ons. When we ap-ply this same clas- 
 []


Overfull \hbox (12.34901pt too wide) in paragraph at lines 706--708
\OT1/cmr/m/n/10 si-cal ag-gre-ga-tion tech-nique to our own ex-per-i-men-tal da
ta, we de-rive a sim-i-lar frac-tal di- 
 []


Overfull \hbox (13.37688pt too wide) in paragraph at lines 706--708
\OT1/cmr/m/n/10 men-sion of ap-prox-i-mately 2.0. This con-sis-tency con-firms 
[][]that our ex-per-i-men-tal flocs are 
 []


Overfull \hbox (7.07124pt too wide) in paragraph at lines 706--708
\OT1/cmr/m/n/10 phys-i-cally com-pa-ra-ble to those [][]|   []   |   []   |   [
][][][][]observed in pre-vi-ous work[][]. How-ever, 
 []


Overfull \hbox (15.93239pt too wide) in paragraph at lines 706--708
[][]|   []   |   []   |   []   |   []   |   []   |   []   |   []   |   []   |  
 []   |   []   |   [] 
 []


Overfull \hbox (7.01573pt too wide) in paragraph at lines 709--711
[]\OT1/cmr/m/n/10 By [][]|   []   |   []   |   []   |   []   |   []   |   []   
|   []   [][][][]strat-i-fy-ing flocs ac-cord-ing 
 []


Overfull \hbox (5.68237pt too wide) in paragraph at lines 709--711
\OT1/cmr/m/n/10 to their 2D box-counting di-men-sion, our method re-veals sys-t
em-atic trends that are in- 
 []


Overfull \hbox (5.3411pt too wide) in paragraph at lines 709--711
\OT1/cmr/m/n/10 vis-i-ble to con-ven-tional data ag-gre-ga-tion. We find that t
he [][]me-dian $\OML/cmm/m/it/10 n[]$ [][]|   []   |   []   |   [] 
 []


Overfull \hbox (7.64647pt too wide) in paragraph at lines 709--711
|   []   |   []   |   []   |   []   |   []   |   []   |   []   |   []   |   [] 
  |   []   |   []   |   [] 
 []


Overfull \hbox (3.07118pt too wide) in paragraph at lines 709--711
|   []   |   []   |   []   |   []   |   []   |   []   |   []   |   []   |   [] 
  |   []   |   []   |   []   |   [] 
 []


Overfull \hbox (13.01563pt too wide) in paragraph at lines 709--711
|   []   |   []   |   []   [][][][]\OT1/cmr/m/n/10 in-creases with shear ve-loc
-ity (from 1.77 to 2.12) and de-creases with 
 []


Overfull \hbox (18.05713pt too wide) in paragraph at lines 709--711
\OT1/cmr/m/n/10 in-creas-ing or-ganic mat-ter con-tent (from 1.84 to 1.63). Whe
n the strat-i-fied $\OML/cmm/m/it/10 n[]$ \OT1/cmr/m/n/10 and $\OML/cmm/m/it/10
 d[]$ \OT1/cmr/m/n/10 val- 
 []


Overfull \hbox (12.23793pt too wide) in paragraph at lines 709--711
\OT1/cmr/m/n/10 ues are fed back into the set-tling ve-loc-ity equa-tion (Sec-t
ion 3.1[]), the mod-i-fied model re- 
 []


Overfull \hbox (9.14653pt too wide) in paragraph at lines 709--711
\OT1/cmr/m/n/10 duces the pre-dic-tion er-ror by 34% rel-a-tive to the constant
-$\OML/cmm/m/it/10 n[]$ \OT1/cmr/m/n/10 base model, pro-vid-ing di- 
 []


Overfull \hbox (7.21019pt too wide) in paragraph at lines 709--711
\OT1/cmr/m/n/10 rect ev-i-dence that this struc-tural vari-abil-ity is dy-nam-i
-cally sig-nif-i-cant. In con-trast, the 
 []


Overfull \hbox (4.7102pt too wide) in paragraph at lines 709--711
\OT1/cmr/m/n/10 ag-gre-gated anal-y-sis com-presses the dy-namic range by rough
ly a fac-tor of five, yield-ing 
 []


Overfull \hbox (0.48798pt too wide) in paragraph at lines 709--711
\OT1/cmr/m/n/10 me-dian val-ues that vary by only $\OMS/cmsy/m/n/10 ^^X$\OT1/cm
r/m/n/10 0.06 across the same ex-per-i-men-tal con-di-tions com- 
 []


Overfull \hbox (10.3768pt too wide) in paragraph at lines 709--711
\OT1/cmr/m/n/10 pared with $\OMS/cmsy/m/n/10 ^^X$\OT1/cmr/m/n/10 0.2--0.35 for 
the strat-i-fied ap-proach. The ag-gre-gated es-ti-mates also regress 
 []


Overfull \hbox (10.53539pt too wide) in paragraph at lines 709--711
\OT1/cmr/m/n/10 to-ward a population-average $\OML/cmm/m/it/10 n[] \OMS/cmsy/m/
n/10 ^^Y \OT1/cmr/m/n/10 2$, re-flect-ing Simp-son's para-dox: fit-ting a sin-g
le slope 
 []


Overfull \hbox (9.37689pt too wide) in paragraph at lines 709--711
\OT1/cmr/m/n/10 to a struc-turally mixed pop-u-la-tion of loose and dense flocs
 yields an in-ter-me-di-ate value 
 []


Overfull \hbox (13.34906pt too wide) in paragraph at lines 709--711
\OT1/cmr/m/n/10 that nei-ther rep-re-sents the dom-i-nant sub-group nor cap-tur
es the un-der-ly-ing en-vi-ron-men- 
 []


Overfull \hbox (5.12682pt too wide) in paragraph at lines 709--711
\OT1/cmr/m/n/10 2.0, as is typ-i-cal in ex-ist-ing mod-els, both over-states fl
oc com-pact-ness un-der con-di-tions 
 []


Overfull \hbox (5.17433pt too wide) in paragraph at lines 709--711
\OT1/cmr/m/n/10 that pro-duce porous flocs and ob-scures the sen-si-tiv-ity of 
$\OML/cmm/m/it/10 n[]$ \OT1/cmr/m/n/10 to shear and or-ganic mat- 
 []


Overfull \hbox (5.43242pt too wide) in paragraph at lines 712--715
[]\OT1/cmr/m/n/10 This find-ing has im-por-tant im-pli-ca-tions for sed-i-ment 
trans-port pre-dic-tion. Us-ing 
 []


Overfull \hbox (5.69942pt too wide) in paragraph at lines 712--715
\OT1/cmr/m/n/10 ing $\OML/cmm/m/it/10 n[]$ \OT1/cmr/m/n/10 from 2.0 to 1.7 for 
a typ-i-cal [][]400 \TS1/cmr/m/n/10 µ\OT1/cmr/m/n/10 m floc [][]([][]with 4 \TS
1/cmr/m/n/10 µ\OT1/cmr/m/n/10 m pri-mary par-ti-cles, [][]|   [] 
 []


Overfull \hbox (16.75772pt too wide) in paragraph at lines 712--715
|   []   |   []   |   []   |   []   |   []   |   []   |   []   |   []   |   [] 
  |   []   |   []   [][][][]\OT1/cmr/m/n/10 a rep-re-sen-ta-tive value from 
 []


Overfull \hbox (8.93233pt too wide) in paragraph at lines 712--715
\OT1/cmr/m/n/10 the lit-er-a-ture) pro-duces a several-fold [][]de-crease in se
t-tling [][]|   []   |   []   |   []   |   [] 
 []


Overfull \hbox (2.87674pt too wide) in paragraph at lines 712--715
|   []   [][][][]\OT1/cmr/m/n/10 speed, which di-rectly trans-lates to a severa
l-fold [][]in-crease in trans- 
 []


Overfull \hbox (18.131pt too wide) in paragraph at lines 712--715
\OT1/cmr/m/n/10 port dis-tance. In many trans-port for-mu-la-tions [][]|   []  
 [][]the de-po-si-tion flux scales as [][]|   [] 
 []


Overfull \hbox (23.10782pt too wide) in paragraph at lines 712--715
\OT1/cmr/m/n/10 con-cen-tra-tion) [][]Amoudry, 2008)[], so low-er-ing $\OML/cmm
/m/it/10 n[]$[][]|   []   [][][][]\OT1/cmr/m/n/10 ---and [][]thus $\OML/cmm/m/i
t/10 w[]$[][]|   []   [][][][]\OT1/cmr/m/n/10 ---reduces [][]mod- 
 []


Overfull \hbox (6.68236pt too wide) in paragraph at lines 712--715
\OT1/cmr/m/n/10 eled de-po-si-tion rates and in-creases down-stream ex-port for
 the same sup-ply[][][][]. Flocs that 
 []


Overfull \hbox (10.7934pt too wide) in paragraph at lines 712--715
\OT1/cmr/m/n/10 might be pre-dicted to set-tle out over a given dis-tance would
 travel sev-eral times far-ther 
 []


Overfull \hbox (7.12679pt too wide) in paragraph at lines 712--715
\OT1/cmr/m/n/10 un-der this re-vised, more porous struc-tural model. As a re-su
lt, mud flocs in nat-u-ral en- 
 []


Overfull \hbox (1.76573pt too wide) in paragraph at lines 712--715
\OT1/cmr/m/n/10 vi-ron-ments may set-tle more slowly and be trans-ported sub-st
an-tially far-ther than pre- 
 []


Overfull \hbox (5.15462pt too wide) in paragraph at lines 712--715
\OT1/cmr/m/n/10 dicted by ex-ist-ing mod-els that rely on ag-gre-gated frac-tal
 di-men-sions[][]. The ef-fi-ciency of 
 []


Overfull \hbox (5.57123pt too wide) in paragraph at lines 712--715
\OT1/cmr/m/n/10 mud re-ten-tion[][]|   []   |   []   |   []   |   []   |   []  
 |   []   |   []   [][][][], at least in the fresh- 
 []


Overfull \hbox (5.07121pt too wide) in paragraph at lines 712--715
\OT1/cmr/m/n/10 wa-ter en-vi-ron-ments con-sid-ered here, may [][]be con-sid-er
-ably lower than [][]|   []   |   [] 
 []


Underfull \vbox (badness 10000) has occurred while \output is active []



[30]
Overfull \hbox (5.95207pt too wide) in paragraph at lines 717--718
[]|   []   |   []   |   []   |   []   |   []   |   []   |   []   |   []   |   [
]   |   []   |   []   |   []   |   [] 
 []


Overfull \hbox (7.01572pt too wide) in paragraph at lines 717--718
|   []   |   []   |   []   |   []   |   []   |   []   |   []   |   []   |   [] 
  |   []   |   []   |   []   |   [] 
 []


Overfull \hbox (27.64651pt too wide) in paragraph at lines 717--718
|   []   |   []   |   []   |   []   |   []   |   []   |   []   |   []   |   [] 
  |   []   |   []   |   []   |   [] 
 []


Overfull \hbox (18.21017pt too wide) in paragraph at lines 717--718
|   []   |   []   |   []   |   []   |   []   |   []   |   []   |   []   |   [] 
  |   []   |   [] 
 []


Overfull \hbox (11.00774pt too wide) in paragraph at lines 717--718
|   []   |   []   |   []   |   []   |   []   |   []   |   []   |   []   |   [] 
  |   []   |   []   |   []   |   [] 
 []


Overfull \hbox (3.29355pt too wide) in paragraph at lines 717--718
|   []   |   []   |   []   |   []   |   []   |   []   |   []   |   []   |   [] 
  |   []   |   []   |   []   |   [] 
 []


Overfull \hbox (19.48808pt too wide) in paragraph at lines 717--718
|   []   |   []   |   []   |   []   |   []   |   []   |   []   |   []   |   [] 
  |   []   |   []   |   [] 
 []


Overfull \hbox (8.48785pt too wide) in paragraph at lines 717--718
|   []   |   []   |   []   |   []   |   []   |   []   |   []   |   []   |   [] 
  |   []   |   []   |   [] 
 []


Overfull \hbox (3.32127pt too wide) in paragraph at lines 717--718
|   []   |   []   |   []   |   []   |   []   |   []   |   []   |   []   |   [] 
  |   []   |   [] 
 []


Overfull \hbox (14.36877pt too wide) in paragraph at lines 717--718
|   []   |   []   |   []   |   []   |   [][][][][]\OT1/cmr/m/n/10 currently as-
sumed, with sig-nif-i-cant con-se-quences for 
 []


Overfull \hbox (2.21025pt too wide) in paragraph at lines 717--718
\OT1/cmr/m/n/10 sed-i-ment bud-gets, con-tam-i-nant dis-per-sal, and car-bon bu
rial in flood-plains and deltas[][].  
 []


Overfull \hbox (3.71013pt too wide) in paragraph at lines 723--724
[]\OT1/cmr/m/n/10 This study demon-strates that ac-count-ing for [][]|   []   [
][]het-ero-gene-ity within floc 
 []


Overfull \hbox (7.87688pt too wide) in paragraph at lines 723--724
\OT1/cmr/m/n/10 pop-u-la-tions is es-sen-tial for ac-cu-rate sed-i-ment trans-p
ort mod-el-ing. Ag-gre-gat-ing set-tling 
 []


Overfull \hbox (2.07126pt too wide) in paragraph at lines 723--724
\OT1/cmr/m/n/10 data across flocs with vary-ing frac-tal di-men-sions [][]|   [
]   [][][][]can pro-duce [][]mis-lead-ing re- 
 []


Overfull \hbox (9.5157pt too wide) in paragraph at lines 723--724
\OT1/cmr/m/n/10 sults due to Simp-son's [][]|   []   |   []   [][][][]para-dox:
 [][]trends present within [][]|   []   [][]struc- 
 []


Overfull \hbox (2.12686pt too wide) in paragraph at lines 723--724
\OT1/cmr/m/n/10 tural sub-groups are lost or dis-torted when data are [][]|   [
]   |   []   |   [][][][][]pooled[][]. By strat- 
 []


Overfull \hbox (17.68239pt too wide) in paragraph at lines 723--724
\OT1/cmr/m/n/10 i-fy-ing flocs based on [][]their [][]2D box-counting frac-tal 
[][]|   [][][][][]dimension[][], we re-solve [][]|   [] 
 []


Overfull \hbox (77.40477pt too wide) in paragraph at lines 723--724
|   []   |   []   |   []   |   []   |   []   |   []   |   []   |   []   |   [] 
  |   []   |   [][][][][]\OT1/cmr/m/n/10 structural 
 []


Overfull \hbox (37.96024pt too wide) in paragraph at lines 725--727
[]\OT1/cmr/m/n/10 The strat-i-fied ap-proach re-veals that [][]|   []   |   [] 
  |   []   |   []   |   []   |   [] 
 []


Overfull \hbox (33.19049pt too wide) in paragraph at lines 725--727
|   [][][]$\OML/cmm/m/it/10 n[]$ [][]|   []   [][]\OT1/cmr/m/n/10 in-creases wi
th shear ve-loc-ity [][]|   []   [][]and de-creases with or-ganic mat-ter con-t
ent, [][]|   [] 
 []


Overfull \hbox (2.62675pt too wide) in paragraph at lines 725--727
|   []   |   []   |   []   |   []   |   []   |   []   |   []   |   []   |   [][
][][][]\OT1/cmr/m/n/10 while 
 []


Overfull \hbox (1.9539pt too wide) in paragraph at lines 725--727
\OT1/cmr/m/n/10 the in-ferred $\OML/cmm/m/it/10 d[]$ \OT1/cmr/m/n/10 co-varies 
with these same conditions---coarsening un-der stronger shear 
 []


Overfull \hbox (16.64665pt too wide) in paragraph at lines 725--727
\OT1/cmr/m/n/10 and fin-ing un-der or-ganic bind-ing. The con-cur-rent vari-a-t
ion of [][]$\OML/cmm/m/it/10 n[]$[][]|   []   |   [] 
 []


Overfull \hbox (10.86877pt too wide) in paragraph at lines 725--727
|   []   |   []   |   []   |   []   |   []   |   []   |   []   |   []   |   [] 
  |   []   |   []   |   [] 
 []


Overfull \hbox (16.94662pt too wide) in paragraph at lines 725--727
|   []   |   []   |   []   |   []   |   []   |   []   |   []   |   []   |   [] 
  |   []   |   []   |   [] 
 []


Overfull \hbox (3.00136pt too wide) in paragraph at lines 725--727
|   []   |   []   |   []   |   []   |   []   |   []   |   []   |   []   |   [] 
  [][][][]\OT1/cmr/m/n/10 , $\OML/cmm/m/it/10 d[]$\OT1/cmr/m/n/10 , [][]and [][
]|   []   |   [] 
 []


Overfull \hbox (8.23799pt too wide) in paragraph at lines 725--727
|   []   |   []   |   []   |   []   |   []   |   []   |   []   |   []   |   [] 
  |   [] 
 []


Overfull \hbox (27.4046pt too wide) in paragraph at lines 725--727
|   []   [][]|   []   |   []   |   []   |   []   |   []   |   []   |   []   |  
 []   |   []   |   []   |   []   |   [] 
 []


Overfull \hbox (34.82129pt too wide) in paragraph at lines 725--727
|   []   |   []   |   []   |   []   |   []   |   []   |   []   |   []   |   [] 
  |   []   |   [] 
 []


Overfull \hbox (13.65472pt too wide) in paragraph at lines 725--727
|   []   |   []   |   []   |   []   |   []   |   []   |   []   |   []   |   [] 
  |   []   |   [][][][][]$\OML/cmm/m/it/10 d[]$ \OT1/cmr/m/n/10 in- 
 []


Overfull \hbox (5.65517pt too wide) in paragraph at lines 725--727
\OT1/cmr/m/n/10 tro-duces com-pet-ing ef-fects on $\OML/cmm/m/it/10 w[] \OMS/cm
sy/m/n/10 / \OML/cmm/m/it/10 d[] d[]$\OT1/cmr/m/n/10 , pro-duc-ing non-monotoni
c set-tling re- 
 []


Overfull \hbox (12.97992pt too wide) in paragraph at lines 725--727
\OT1/cmr/m/n/10 sponses that constant-$\OML/cmm/m/it/10 n[]$ \OT1/cmr/m/n/10 mo
d-els can-not cap-ture. In-cor-po-rat-ing the mea-sured struc-tural 
 []


Overfull \hbox (20.51573pt too wide) in paragraph at lines 725--727
\OT1/cmr/m/n/10 vari-abil-ity into the set-tling ve-loc-ity pre-dic-tion re-duc
es the root-mean-square er-ror by 34% 
 []


Overfull \hbox (8.5632pt too wide) in paragraph at lines 725--727
\OT1/cmr/m/n/10 rel-a-tive to the constant-$\OML/cmm/m/it/10 n[]$ \OT1/cmr/m/n/
10 base model, with no ad-di-tional free pa-ram-e-ters. The frame- 
 []


Overfull \hbox (7.23795pt too wide) in paragraph at lines 725--727
\OT1/cmr/m/n/10 work also yields an em-pir-i-cal 2D--3D frac-tal di-men-sion re
-la-tion-ship that matches ex-ist- 
 []


Overfull \hbox (10.00758pt too wide) in paragraph at lines 725--727
\OT1/cmr/m/n/10 ing synthetic-aggregate con-ver-sions and shows that [][]$\OML/
cmm/m/it/10 b[]$ [][]|   []   [][]\OT1/cmr/m/n/10 must in-crease with $\OML/cmm
/m/it/10 n[]$ \OT1/cmr/m/n/10 to main- 
 []



[31]
Overfull \hbox (8.36853pt too wide) in paragraph at lines 728--729
[]\OT1/cmr/m/n/10 These re-sults [][]|   []   |   []   |   []   |   []   |   []
   |   []   |   []   |   []   |   []   |   [] 
 []


Overfull \hbox (6.79352pt too wide) in paragraph at lines 728--729
\OT1/cmr/m/n/10 pact-ness [][]|   []   |   []   |   []   |   []   |   []   |   
[]   |   []   |   []   |   []   |   []   |   []   |   []   |   []   |   [] 
 []


Overfull \hbox (9.3769pt too wide) in paragraph at lines 728--729
|   []   |   []   |   []   |   []   |   []   |   []   |   []   |   []   |   [] 
  [][][][]\OT1/cmr/m/n/10 and 
 []


Overfull \hbox (6.20206pt too wide) in paragraph at lines 728--729
\OT1/cmr/m/n/10 set-tling rates. Re-duc-ing [][]$\OML/cmm/m/it/10 n[]$ [][]|   
[]   |   []   |   []   [][][][]\OT1/cmr/m/n/10 to the ob-served range of [][]1.
6--2[][]|   []   |   []   |   [] 
 []


Overfull \hbox (12.73793pt too wide) in paragraph at lines 728--729
|   []   |   []   |   []   |   []   |   []   |   []   |   []   |   []   |   [] 
  |   []   |   [] 
 []


Overfull \hbox (21.6269pt too wide) in paragraph at lines 728--729
|   []   |   []   |   []   |   []   |   []   |   []   |   []   |   []   |   [] 
  |   []   |   []   |   [] 
 []


Overfull \hbox (18.00471pt too wide) in paragraph at lines 728--729
|   []   |   []   |   [][][][][]\OT1/cmr/m/n/10 .1 can de-crease pre-dicted $\O
ML/cmm/m/it/10 w[]$ \OT1/cmr/m/n/10 by several-fold for typ-i-cal floc 
 []


Overfull \hbox (16.21013pt too wide) in paragraph at lines 728--729
\OT1/cmr/m/n/10 sizes, im-ply-ing that mud re-ten-tion in fresh-wa-ter sys-tems
 may be con-sid-er-ably lower than 
 []


Overfull \hbox (2.50758pt too wide) in paragraph at lines 728--729
\OT1/cmr/m/n/10 cur-rent mod-els sug-gest. We rec-om-mend adopt-ing a lower de-
fault $\OML/cmm/m/it/10 n[]$ \OT1/cmr/m/n/10 and, where fea-si- 
 []


Overfull \hbox (10.32126pt too wide) in paragraph at lines 728--729
\OT1/cmr/m/n/10 ble, rep-re-sent-ing the frac-tal di-men-sion as a dis-tri-bu-t
ion. While no sin-gle value cap-tures 
 []


Overfull \hbox (18.48798pt too wide) in paragraph at lines 728--729
\OT1/cmr/m/n/10 the full com-plex-ity of nat-u-ral floc-cu-la-tion, shift-ing a
way from the clas-si-cal range is a nec- 
 []


Overfull \hbox (13.48792pt too wide) in paragraph at lines 728--729
\OT1/cmr/m/n/10 es-sary step to-ward more ac-cu-rate pre-dic-tions of fine sed-
i-ment trans-port, de-po-si-tion[][], and 
 []


Overfull \hbox (19.21014pt too wide) in paragraph at lines 733--734
[]\OT1/cmr/m/n/10 All code and anal-y-sis work-flows sup-port-ing the re-sults 
and con-clu-sions of this study 
 []


Overfull \hbox (5.29135pt too wide) in paragraph at lines 733--734
\OT1/cmr/m/n/10 are openly avail-able at $\OT1/cmtt/m/n/10 https :// github [] 
.com / braydennoh / FlocTrack$\OT1/cmr/m/n/10 . The repos-i-tory 
 []


Overfull \hbox (16.62685pt too wide) in paragraph at lines 733--734
\OT1/cmr/m/n/10 in-cludes scripts for im-age anal-y-sis, frac-tal di-men-sion c
al-cu-la-tion, and all pro-cess-ing steps 
 []


Overfull \hbox (22.37679pt too wide) in paragraph at lines 733--734
\OT1/cmr/m/n/10 de-scribed in this manuscript. For fur-ther ques-tions or ac-ce
ss to ad-di-tional datasets, please 
 []


Overfull \hbox (20.73788pt too wide) in paragraph at lines 736--737
[]\OT1/cmr/m/n/10 This re-search did not in-volve col-lab-o-ra-tions with lo-ca
l com-mu-ni-ties or cross-regional 
 []


Overfull \hbox (0.12674pt too wide) in paragraph at lines 736--737
\OT1/cmr/m/n/10 part-ner-ships re-quir-ing ad-di-tional dis-clo-sure. All re-se
arch ac-tiv-i-ties were con-ducted in 
 []


Overfull \hbox (12.26569pt too wide) in paragraph at lines 738--740
\OT1/cmr/m/n/10 BN ac-knowl-edges sup-port from Cal-tech SURF, the Arthur R. Ad
ams SURF Fel-low-ship, 
 []


Overfull \hbox (19.43239pt too wide) in paragraph at lines 738--740
\OT1/cmr/m/n/10 and the Saul and Joan Co-gen Memo-rial SURF Fel-low-ship at Cal
-tech. MPL ac-knowl-edges 
 []


Overfull \hbox (24.11304pt too wide) in paragraph at lines 738--740
\OT1/cmr/m/n/10 sup-port from NASA FI-NESST Grant 80NSSC20K1645, the NASA Delta
-X project funded 
 []


Overfull \hbox (8.84897pt too wide) in paragraph at lines 738--740
\OT1/cmr/m/n/10 by the Sci-ence Mis-sion Di-rec-torate's Earth Sci-ence Di-vi-s
ion through the Earth Ven-ture 
 []


Overfull \hbox (16.6686pt too wide) in paragraph at lines 738--740
\OT1/cmr/m/n/10 Suborbital-3 Pro-gram NNH17ZDA001N-EVS3, and the Na-tional Sci-
ence Foun-da-tion Ge- 
 []

(./changes_marked.bbl
Underfull \hbox (badness 10000) in paragraph at lines 66--83
[]\OT1/cmr/m/n/10 Bianchi, T. S., Mayer, L. M., Ama-ral, J. H., Arndt, S., Galy
, V., Kemp, D. B., ... 
 []


Underfull \hbox (badness 1460) in paragraph at lines 147--160
[]\OT1/cmr/m/n/10 Camp, T. R., & Stein, P. C.  (1943).  Ve-loc-ity gra-di-ents 
and in-ter-nal work in fluid 
 []



[32]
Underfull \hbox (badness 3407) in paragraph at lines 198--211
\OT1/cmr/m/n/10 fric-tional re-sis-tance of en-closed ro-tat-ing disks.  \OT1/c
mr/m/it/10 Jour-nal of Ba-sic En-gi-neer-ing\OT1/cmr/m/n/10 , 
 []


Underfull \hbox (badness 10000) in paragraph at lines 255--276
[]\OT1/cmr/m/n/10 Droppo, Lep-pard, G., Flan-ni-gan, D., & Liss, S.  (1997).  T
he fresh-wa-ter floc: a 
 []


Underfull \hbox (badness 10000) in paragraph at lines 255--276
\OT1/cmr/m/n/10 func-tional re-la-tion-ship of wa-ter and or-ganic and in-or-ga
nic floc con-stituents 
 []


Underfull \hbox (badness 10000) in paragraph at lines 255--276
\OT1/cmr/m/it/10 and wa-ter: Pro-ceed-ings of the 7th in-ter-na-tional sym-po-s
ium, baveno, italy 22--25 
 []


Underfull \hbox (badness 1314) in paragraph at lines 292--308
[]\OT1/cmr/m/n/10 Esposito, C. R., Shen, Z., T^^?ornqvist, T. E., Mar-shak, J.,
 & White, C.  (2017).  Ef- 
 []


Underfull \hbox (badness 10000) in paragraph at lines 292--308
\OT1/cmr/m/n/10 fi-cient re-ten-tion of mud drives land build-ing on the mis-si
s-sippi delta plain. 
 []


Underfull \hbox (badness 3769) in paragraph at lines 374--389
[]\OT1/cmr/m/n/10 Foroutan-pour, K., Du-tilleul, P., & Smith, D. L.  (1999).  A
d-vances in the im-ple- 
 []


Underfull \hbox (badness 1377) in paragraph at lines 486--500
[]\OT1/cmr/m/n/10 Johnson, C. P., Li, X., & Lo-gan, B. E.  (1996).  Set-tling v
e-loc-i-ties of frac-tal ag-gre- 
 []


Underfull \hbox (badness 1688) in paragraph at lines 561--578
[]\OT1/cmr/m/n/10 Kemp, G. P., Day, J. W., Rogers, J. D., Giosan, L., & Pey-ron
-nin, N.  (2016).  En- 
 []


Underfull \hbox (badness 10000) in paragraph at lines 561--578
\OT1/cmr/m/n/10 hanc-ing mud sup-ply from the lower mis-souri river to the mis-
sis-sippi river delta 
 []


Underfull \hbox (badness 10000) in paragraph at lines 561--578
\OT1/cmr/m/n/10 usa: Dam by-pass-ing and coastal restora-tion.  \OT1/cmr/m/it/1
0 Es-tu-ar-ine, Coastal and Shelf 
 []


Underfull \hbox (badness 10000) in paragraph at lines 639--657
[]\OT1/cmr/m/n/10 Lamb, M. P., de Leeuw, J., Fis-cher, W. W., Moodie, A. J., Ve
n-ditti, J. G., Nit- 
 []


Underfull \hbox (badness 1281) in paragraph at lines 700--714
[]\OT1/cmr/m/n/10 Li, D. H., & Ganczarczyk, J.  (1989).  Frac-tal ge-om-e-try o
f par-ti-cle ag-gre-gates gen- 
 []


Underfull \hbox (badness 10000) in paragraph at lines 726--743
[]\OT1/cmr/m/n/10 Liberzon, A., Lasagna, D., Aubert, M., Bachant, P., Mah-moodt
abar, E., K^^?aufer, 
 []


Underfull \hbox (badness 2932) in paragraph at lines 726--743
\OT1/cmr/m/n/10 T., ... oth-ers  (2021).  Openpiv/openpiv-python: Openpiv-pytho
n v0. 22.3. 
 []


Underfull \hbox (badness 2894) in paragraph at lines 758--773
\OT1/cmr/m/n/10 tec-ture in wastew-a-ter and nat-u-ral river-ine sys-tems.  \OT
1/cmr/m/it/10 En-vi-ron-men-tal sci-ence & 
 []



[33]
Underfull \hbox (badness 10000) in paragraph at lines 812--826
\OT1/cmr/m/n/10 ca-pac-ity di-men-sion from two-dimensional pro-jec-tions of fr
ac-tal ag-gre-gates. 
 []


Underfull \hbox (badness 1281) in paragraph at lines 838--850
[]\OT1/cmr/m/n/10 Mandelbrot, B.  (1967).  How long is the coast of britain? st
a-tis-ti-cal self-similarity 
 []


Underfull \hbox (badness 7522) in paragraph at lines 942--958
[]\OT1/cmr/m/n/10 Nghiem, J. A., Fis-cher, W. W., Li, G. K., & Lamb, M. P.  (20
22).  A mech-a-nis- 
 []


Underfull \hbox (badness 10000) in paragraph at lines 970--988
[]\OT1/cmr/m/n/10 Nghiem, J. A., Li, G. K., Har-ring-meyer, J. P., Salter, G., 
Fi-chot, C. G., Cortese, 
 []


Underfull \hbox (badness 1082) in paragraph at lines 1004--1020
\OT1/cmr/m/n/10 lated silt, not clay, dom-i-nates river sus-pended sed-i-ment l
oad.  \OT1/cmr/m/it/10 Geo-phys-i-cal Re- 
 []


Underfull \hbox (badness 10000) in paragraph at lines 1060--1080
[]\OT1/cmr/m/n/10 Osborn, R., Dil-lon, B., Tran, D., Abol-fa-zli, E., Dunne, K.
 B., Nit-trouer, J. A., & 
 []


Underfull \hbox (badness 4927) in paragraph at lines 1060--1080
\OT1/cmr/m/n/10 Strom, K.  (2021).  Flo-carazi: An in-situ, image-based pro-fil
-ing in-stru-ment 
 []


Underfull \hbox (badness 10000) in paragraph at lines 1060--1080
\OT1/cmr/m/n/10 for siz-ing solid and floc-cu-lated sus-pended sed-i-ment.  \OT
1/cmr/m/it/10 Jour-nal of Geo-phys-i-cal 
 []


Underfull \hbox (badness 10000) in paragraph at lines 1246--1264
[]\OT1/cmr/m/n/10 Spencer, K., Wheat-land, J., Carr, S., Man-ning, A., Bushby, 
A., Gu, C., ... 
 []


Underfull \hbox (badness 6284) in paragraph at lines 1358--1374
[]\OT1/cmr/m/n/10 Wang, R., Singh, A. K., Kolan, S. R., & Tsot-sas, E.  (2022).
  Frac-tal anal-y-sis of 
 []


Underfull \hbox (badness 10000) in paragraph at lines 1358--1374
\OT1/cmr/m/n/10 ag-gre-gates: Cor-re-la-tion be-tween the 2d and 3d box-countin
g frac-tal di-men-sion 
 []



[34]
Underfull \hbox (badness 10000) in paragraph at lines 1493--1511
[]\OT1/cmr/m/n/10 Zeichner, S. S., Nghiem, J., Lamb, M. P., Takashima, N., de L
eeuw, J., Ganti, V., & 
 []

)

[35] (./changes_marked.aux)
 ***********
LaTeX2e <2024-11-01> patch level 2
L3 programming layer <2025-01-18>
 ***********


LaTeX Font Warning: Size substitutions with differences
(Font)              up to 0.45pt have occurred.


LaTeX Warning: There were undefined references.

 ) 
Here is how much of TeX's memory you used:
 7354 strings out of 473190
 111775 string characters out of 5715801
 591212 words of memory out of 5000000
 30470 multiletter control sequences out of 15000+600000
 572576 words of font info for 87 fonts, out of 8000000 for 9000
 1147 hyphenation exceptions out of 8191
 72i,9n,79p,2860b,432s stack positions out of 10000i,1000n,20000p,200000b,200000s
</usr/local/texlive/2025/texmf-dist/fonts/type1/public/amsfonts/cm/cmbx10.pfb
></usr/local/texlive/2025/texmf-dist/fonts/type1/public/amsfonts/cm/cmbx12.pfb>
</usr/local/texlive/2025/texmf-dist/fonts/type1/public/amsfonts/cm/cmbx7.pfb></
usr/local/texlive/2025/texmf-dist/fonts/type1/public/amsfonts/cm/cmbx9.pfb></us
r/local/texlive/2025/texmf-dist/fonts/type1/public/amsfonts/cm/cmbxti10.pfb></u
sr/local/texlive/2025/texmf-dist/fonts/type1/public/amsfonts/cm/cmex10.pfb></us
r/local/texlive/2025/texmf-dist/fonts/type1/public/amsfonts/cm/cmmi10.pfb></usr
/local/texlive/2025/texmf-dist/fonts/type1/public/amsfonts/cm/cmmi5.pfb></usr/l
ocal/texlive/2025/texmf-dist/fonts/type1/public/amsfonts/cm/cmmi6.pfb></usr/loc
al/texlive/2025/texmf-dist/fonts/type1/public/amsfonts/cm/cmmi7.pfb></usr/local
/texlive/2025/texmf-dist/fonts/type1/public/amsfonts/cm/cmmi9.pfb></usr/local/t
exlive/2025/texmf-dist/fonts/type1/public/amsfonts/cm/cmmib10.pfb></usr/local/t
exlive/2025/texmf-dist/fonts/type1/public/amsfonts/cmextra/cmmib7.pfb></usr/loc
al/texlive/2025/texmf-dist/fonts/type1/public/amsfonts/cm/cmr10.pfb></usr/local
/texlive/2025/texmf-dist/fonts/type1/public/amsfonts/cm/cmr5.pfb></usr/local/te
xlive/2025/texmf-dist/fonts/type1/public/amsfonts/cm/cmr6.pfb></usr/local/texli
ve/2025/texmf-dist/fonts/type1/public/amsfonts/cm/cmr7.pfb></usr/local/texlive/
2025/texmf-dist/fonts/type1/public/amsfonts/cm/cmr8.pfb></usr/local/texlive/202
5/texmf-dist/fonts/type1/public/amsfonts/cm/cmr9.pfb></usr/local/texlive/2025/t
exmf-dist/fonts/type1/public/amsfonts/cm/cmss8.pfb></usr/local/texlive/2025/tex
mf-dist/fonts/type1/public/amsfonts/cm/cmsy10.pfb></usr/local/texlive/2025/texm
f-dist/fonts/type1/public/amsfonts/cm/cmsy5.pfb></usr/local/texlive/2025/texmf-
dist/fonts/type1/public/amsfonts/cm/cmsy6.pfb></usr/local/texlive/2025/texmf-di
st/fonts/type1/public/amsfonts/cm/cmsy7.pfb></usr/local/texlive/2025/texmf-dist
/fonts/type1/public/amsfonts/cm/cmsy9.pfb></usr/local/texlive/2025/texmf-dist/f
onts/type1/public/amsfonts/cm/cmti10.pfb></usr/local/texlive/2025/texmf-dist/fo
nts/type1/public/amsfonts/cm/cmti9.pfb></usr/local/texlive/2025/texmf-dist/font
s/type1/public/amsfonts/cm/cmtt10.pfb></usr/local/texlive/2025/texmf-dist/fonts
/type1/public/amsfonts/cm/cmtt9.pfb></usr/local/texlive/2025/texmf-dist/fonts/t
ype1/public/amsfonts/symbols/msam10.pfb></usr/local/texlive/2025/texmf-dist/fon
ts/type1/public/cm-super/sfrm1000.pfb>
Output written on changes_marked.pdf (35 pages, 113638127 bytes).
PDF statistics:
 992 PDF objects out of 1000 (max. 8388607)
 561 compressed objects within 6 object streams
 0 named destinations out of 1000 (max. 500000)
 56 words of extra memory for PDF output out of 10000 (max. 10000000)

