Avg_Concave_Diameter,Avg_Convex_Diameter,Avg_Velocity,Avg_Perimeter_Fractal_Dimension,Avg_Laplacian
21.037543360501353,1.4517478829095405,285.99604366678983,1.5119568939886674,7.252188195423946
46.311544725736205,1.3836156520221947,839.699615122536,1.5916959673119992,11.460474215507627
30.438169982178817,1.405308973872436,539.2089870179296,1.506547496790949,9.428266763117284
38.34649148859668,1.4204512190795913,490.998458889932,1.5237086681695131,9.428792125458791
44.03806722422174,1.3991553647882744,985.7477126703344,1.587692533004312,12.92422783532206
45.16252964139963,1.3760657818860895,1249.5225287394412,1.440665013052131,16.940149558525103
31.666419329610253,1.4199484219753826,751.3057263463791,1.4449261065704817,9.207066141160317
37.31051314077584,1.41404299406661,778.7272166001842,1.4559543294209818,11.02733722539942
35.930324863492096,1.4195655387188095,643.6885308783727,1.5008237633986456,9.622722422313982
41.68847054778127,1.4006008056555843,869.2495810739684,1.5368634485978243,12.515291572035874
30.255415233675247,1.4368583768242522,643.8461182583351,1.4742759453859835,8.501513379534206
25.59291635540156,1.4571303624880072,443.1340124221611,1.5439794332470866,6.7145630539727765
41.21738958304774,1.418605783047444,767.7849986030358,1.5384190375548563,8.988370735287056
34.387563626045754,1.4351330686965558,634.9254404398007,1.4426431411772054,9.174530553326072
15.810229242198716,1.5046434771681263,558.2020846297007,1.2635160543949904,5.519502314814815
24.499341212916132,1.4466452980310347,241.26493756720055,1.302449791438012,7.479191490009748
17.940675193548408,1.4711661234644933,424.5187304197558,1.362206659952169,6.503477044753087
27.71483749406559,1.4366198485009118,450.5713247959084,1.4285716119654095,8.809556286972736
51.78444694238671,1.3919936804228723,869.3373162468048,1.6217623831509946,17.55812804949942
44.45161889566539,1.3759614672429994,948.954364648184,1.5139995123910728,16.026309076003088
26.205663215044837,1.44495581706165,530.839965451416,1.4285839098523776,8.66598620756173
18.107156998581633,1.465505335364987,708.467562474232,1.3854121834180924,6.321494984567901
20.484510509760845,1.494407145482974,293.6718516528888,1.4602323307835114,6.55684799382716
34.77079461770382,1.4214416483513936,1187.5896630553843,1.51064296919704,10.34696964216821
21.065196828619705,1.471473184793918,495.1167019959505,1.3599295328819023,6.193327968267747
29.645230017220587,1.4501534488924437,660.9067441955033,1.4736453838481116,7.470926033093278
26.08741933387885,1.4664541966848468,426.0191365466445,1.640659965638852,6.180788483796296
21.347300811423096,1.4808786846095812,291.3304611574118,1.50060579002827,6.84809627580054
22.386408300491055,1.4434962641177806,610.4325408764395,1.3917993025486777,8.32381883066779
29.785692666105305,1.4467894066225204,480.9291615742808,1.4160419607935946,7.112481017030022
21.676195996606936,1.4413244785553103,650.3553815157827,1.412399237374215,8.806159239969135
35.60533188517738,1.4213367443684073,626.9958260496273,1.4219856671848692,10.445429843387116
36.960961268831355,1.4241903462973788,425.8176135658464,1.4860783210129016,9.07547424342205
22.48803663549278,1.4569247273807742,712.3723463829988,1.4041777806024638,7.331854021990741
19.579190047438495,1.459037759978202,177.82107681257955,1.2905203084199155,7.197354910714284
16.81968365766586,1.473028095693702,383.09962548829265,1.3624787645564762,6.502959587191358
35.36376056394093,1.4189891230427043,1042.3432436191213,1.4554204369708172,11.545162970430107
26.210758507604087,1.4555832056327842,440.787348951215,1.47417057097366,6.027177654757746
45.981740005190694,1.4053537147392825,690.7328611001112,1.613568590042029,11.150358772098146
26.31037261142164,1.4310708802751757,328.6941044909258,1.3343110528547704,10.681943100024606
16.527658311377373,1.4469874829909064,391.5131981218255,1.2933349308472772,8.735523726851852
69.95320723629757,1.3622641620485407,1443.6346089096462,1.5532543425011858,19.421381737516516
75.29514791680369,1.3415299649484924,1345.0142442771248,1.5491786597326984,26.69934950947972
39.859087756703765,1.3937281561388108,1029.6944559237766,1.5139959468062665,14.054877218364195
5.749887824109938,1.4786810864712754,310.45416628606284,1.0211178786541066,6.595698838305898
55.37245416804139,1.3720702830726863,1065.2758036261146,1.4804920753800224,18.90774866751515
49.4970154740172,1.3672367601614703,680.8930767910491,1.4074997084592988,18.002776692708334
15.498858529484352,1.475710303255843,393.1672670352636,1.2170502829053862,5.900231119791667
6.54953369241349,1.4602595376201046,340.119333122984,0.9304014555915116,9.497542727623458
22.456362354969112,1.4707034341440015,804.0331644361177,1.449751512164812,5.893527319637346
27.413462239907854,1.4400061537816202,406.3098472893796,1.4860537531647735,7.939876978348025
16.683200925898937,1.47287189818511,679.5599680835428,1.3221303547354524,6.5042327008928575
25.931868819100348,1.4506977748036742,438.73158519057654,1.5277303983344517,6.662026829346708
22.575338565127957,1.4563775257307905,180.85085201497816,1.3972060295557016,7.583357650017807
16.76393563407094,1.4697382987113816,364.8475211704268,1.2746677921845413,6.377012442129629
32.343430810274526,1.4288551514514598,1124.9507946729943,1.4468159223309895,10.76786899250441
25.53745964749291,1.4586594029914952,441.02542118609546,1.465078410783609,6.077088155864197
31.225437389776033,1.4387203669675817,421.9808604150581,1.5150111829798685,8.058318501335688
16.43711641941037,1.4337968785594044,502.8230793898928,1.210955282865975,10.500757715986358
17.689871024193412,1.4807194459788957,362.3051262491268,1.2687128259346292,6.995175754458162
30.96902150834289,1.4198117159232282,1279.8042799229058,1.401208392859176,11.036000032150206
26.91375426741332,1.4408919771025792,345.3956896105584,1.485459754272199,8.009002497563353
29.87797907833456,1.439265255698989,527.1963889491406,1.543375035524159,7.812614776234568
30.92555933737441,1.4326935918839514,903.2349371747082,1.392320013311437,10.50341250321502
47.91288269521755,1.4029105752595392,518.3491454723678,1.6305913347138534,11.728562931157631
16.45782064130688,1.477735713222846,284.39157311796936,1.2904445763420962,6.129062362213404
20.03054737588832,1.4442991358635244,181.09894173322095,1.3771901192348055,8.671630421729683
38.19913093892009,1.4043988720643512,1166.2568639948715,1.2893418389064226,15.790467463991773
28.898328111099293,1.4393507867863469,538.5194538672442,1.489138906922569,7.489423464752119
16.068299619404915,1.4802989251112917,286.4456308396214,1.268517835853791,6.312450006430041
18.30736126018672,1.473755511161522,323.26720253955466,1.3822888052464417,6.952881301440328
27.010554967274857,1.4629648164700764,351.65087808532707,1.6309362005676982,7.357771965359
16.98877691578104,1.443620183929934,265.968532650164,1.3081006981348842,9.380710358796296
33.04801494390683,1.434218924655314,424.22543210779986,1.4255027514164007,9.154560460758375
16.53446156496542,1.4768621815503475,279.28147924130246,1.2882981533839288,6.225469835069444
32.5117559060675,1.436829469352031,473.20798365476935,1.5085907945986787,9.0300727048898
20.648691771213706,1.4481707244358768,306.66666666666663,1.4273971000163763,5.876597361169996
16.735031886575403,1.4357161119203108,340.782793799531,1.3417461249996117,11.39712486068244
17.945575602745066,1.4649118389688218,326.2242055026287,1.3500876256688783,9.000953280121283
30.120356622369936,1.4427393887891566,442.99864205372234,1.404271006764077,8.362612364969136
26.65280351737966,1.4480602673369285,381.81737875313337,1.588287573551267,7.025465675636574
32.417604815132904,1.4317108734529282,380.9523809523809,1.3894137583069637,8.490151186342594
25.43062427941685,1.4349248210336696,817.920131707523,1.4590231655279564,9.13380908161068
26.60448836125894,1.4702997913240188,436.80576079949213,1.6313074549858042,6.114596748737373
17.187484707193256,1.4593246140774163,335.91921561983116,1.2526336724509344,8.407323977623456
37.66330550822758,1.4098272401318537,1131.1767851768457,1.5174321344137698,10.501117493268977
27.59207334732461,1.4803131541310142,458.8906370369531,1.654328264757151,6.063335390946502
23.052166574193787,1.4647775639814298,285.6230574194921,1.4287993154188754,6.686459210157128
34.01470528041961,1.4417005361797264,392.45735903762704,1.4679204485126367,9.383882780349794
27.02052703787609,1.4564153367414403,349.3036153509993,1.6063350791476312,5.626039617091049
17.21684004067261,1.4704006283469873,279.0178918533523,1.3322006337779455,7.513581349206349
27.143614752759166,1.4597399584506563,338.4441013869747,1.5820374884866917,6.187188328220773
28.65800213935636,1.4592640553396965,384.8989192691488,1.598141731662209,6.4807580808843275
23.33286689816936,1.4669859697445642,273.8106151736712,1.4080433862231174,5.992318616103848
30.918864684767495,1.4444108824620594,505.54519300846835,1.361280763853596,10.420038750453884
46.25623707166352,1.3880766465318284,863.4226427395026,1.5209875697340478,15.360568938078703
33.208814375793345,1.4501699181123242,405.4770171724391,1.4736908783327038,8.491072069020577
46.36348570808763,1.3909858990702344,739.5260105157416,1.5526391665830854,14.803361508604564
32.00291116504911,1.4276928171668797,395.7886887149585,1.3673441182964257,12.54870943554002
29.278276497727408,1.43989038156348,350.32236683619254,1.488665591201304,8.177081511625923
34.47575610111597,1.4233485552147405,642.546790696104,1.5818895864924687,9.068543716240184
23.261111811957154,1.4679425829500463,276.6951525008426,1.4651075434589922,5.697746511702675
19.745547291161607,1.4581180556632776,533.9281037758781,1.3750627309755303,6.625052656797746
28.254940335040487,1.4501912251765046,333.1952125912747,1.482950321629289,7.521213436447812
32.25572749178503,1.4294176080726946,717.9041107716005,1.463440794839928,8.194699945388141
23.288015279385696,1.4679987866295108,288.1091890490704,1.421925446367448,6.497592440302145
22.379974810063825,1.4391613691877398,470.1236450807405,1.3748514459119017,8.372283237829565
31.193603328631013,1.4242642201483329,434.9405960622922,1.427646812252085,9.39642570580918
36.23130860145521,1.4180542199895974,449.9269998382291,1.4522406442080849,8.64528012285161
26.796074386664547,1.475102873565192,327.7438501576778,1.6564621626757798,6.222716087205683
38.319479398725136,1.4255817957149444,661.1413483239653,1.4836462232696417,10.070391975308643
23.34382021502659,1.4413748727832925,475.6975339767107,1.3416541450039163,7.985615569839245
71.17284232633203,1.3561168483999455,1596.424860431572,1.7159817812346028,15.637952674595578
43.39946895580633,1.4100529322395878,748.9931714928942,1.5776200561070477,12.022800925925926
43.46368419024755,1.406152832129577,742.3928788706766,1.5613028277228804,11.537553433641976
24.212812385756635,1.443727932771664,323.48396231681556,1.4703265384695774,8.410159625771605
24.42868966583707,1.4537389059192911,337.14960735887075,1.4481517500103898,7.397069709683642
42.77269232625706,1.414635721952592,691.8541585858221,1.560351610072604,10.833337567331224
22.99941073493093,1.4526927146682542,374.409971345726,1.463600417922731,6.069814429012346
30.021889938607845,1.438530478114797,401.5815900559707,1.5185256114603092,8.045782149851444
22.36654760634494,1.45828756638818,366.16778135166385,1.3927030663616733,5.656920171039094
45.97548035975942,1.3881400340834424,685.5087667986028,1.5808310697188264,13.898119373713987
37.90363039343181,1.461361751466061,701.6248990045827,1.476275509414791,8.88244802383402
47.72141859372219,1.3722185273078904,602.4666802041789,1.471417633447221,15.785975529100527
22.96168035086437,1.472198733173263,321.84076769336014,1.572334076241842,6.347825761959877
22.080951633225173,1.455370888316473,386.0634709058382,1.411215060610295,5.844459175084174
48.65863488453909,1.3971048327070814,679.2280101748017,1.6035860808458549,14.831940793099646
31.77541980877089,1.4388339943704254,403.67833467992085,1.4097789457526362,7.819227017195767
24.355672156886826,1.4475951512840315,479.790067878798,1.3999365550402476,6.467900077160493
46.4713882791288,1.4011478649686018,931.761822047261,1.6063289059561978,12.560579467786171
23.597417155046536,1.4836401044676466,304.08548314641365,1.5561267170909567,6.190451967592592
35.689029513777975,1.438209441999861,613.6857078806798,1.4840798560137582,8.622411401639757
46.95494773678558,1.395322186302654,653.6841883631057,1.612183239594524,12.008797470477726
28.939194224500927,1.4564550070394495,268.5396853159285,1.4868196475461213,7.146985789609053
37.692599695896234,1.426099921752783,664.2189453161072,1.4786117750812888,8.017884352666593
36.25660414779647,1.4093011247677432,970.2750084648858,1.4513435290671886,12.607124517746914
29.03016597731773,1.4484497381847652,260.10011233328646,1.4915255159676184,8.109503761574073
30.565871756404363,1.4325402238150151,457.3131999638778,1.5294954238133789,7.53266564615691
54.49207015019279,1.377045392739098,806.6662227431606,1.6037549224503496,13.107154553509009
58.22721732373177,1.3754617535344984,1133.2094695644057,1.5660333823276429,19.726013159887167
35.060441853212,1.4355349847015697,491.6471758355258,1.4637400554148798,9.792624958155333
27.840126529398383,1.4432310918299205,392.89164346016105,1.5004077544194234,7.446031494118639
27.400588213433508,1.4492967520121167,393.3525063523001,1.4729076432656243,6.116339561287478
35.14858174873768,1.458917825172503,614.0718018418322,1.5753619937339858,6.206369101028908
34.68342949627595,1.4425326664416165,643.6697542911605,1.4243425304858526,7.955091103343576
23.737252405456296,1.45875659099612,339.8625418505762,1.447559201629452,5.826132198723344
27.473497658013383,1.4587312608468792,390.7280562288493,1.4953499112559328,5.444541721781305
30.29118372203502,1.4416497073134649,385.49526072494103,1.4408271969111923,8.367548686662856
27.070835012243887,1.4486940715208376,365.0005429880944,1.4781806849939243,6.628577924484243
22.603304504316572,1.461960054112501,486.8373455207646,1.4283297447477912,6.513086098251029
21.703050146709945,1.4496285941491505,330.5718149816346,1.4263132306699997,6.223512063746439
43.20158023050209,1.401650947945774,495.262578545273,1.51569893700767,13.76114059744268
21.990449610670684,1.4709355640759358,484.50953143747415,1.3426288244421414,7.081001012731458
52.04264330928723,1.4117258496234155,543.7007986369905,1.6199817390415168,15.961627336248284
17.2820044543411,1.448892367568857,311.00953877336025,1.1734034858957498,6.004747406550069
17.608061351766594,1.4435878415361438,305.5633062888682,1.178326345282237,6.575294688786008
23.833480935888726,1.455314867381199,332.9244225811636,1.594320779179223,6.634608366652639
23.306748147423953,1.474807293313767,270.14845721638915,1.4842610722104084,5.894529270224171
9.574119685530157,1.3901855959243905,620.5147553735189,0.992069547930087,16.80136461548354
18.33569088478272,1.441442587954895,298.280447654485,1.2274007961855304,6.575727023319615
29.26633953264659,1.4201120155031748,311.01053591682904,1.4209348503486443,10.529801311728397
24.542675519606384,1.4734095055829102,259.55907430393273,1.5417470716597528,7.67479083994709
26.90126533880016,1.4506793829960214,310.4371220558209,1.4519271691264295,7.41722728587963
29.116794707570374,1.4449253988433752,307.7755208782136,1.5132597366634524,6.808707539298021
18.88189544024171,1.4533151869020913,283.28281668313764,1.2245459069378497,5.592534882973251
23.669828854675178,1.4696461586497165,257.80116654790095,1.4947657233047138,6.850453054671235
50.137072816458875,1.3996410589082124,757.4809422122959,1.634026235574559,11.71490359156812
24.506948250296304,1.4413878222908307,388.3651249958008,1.4886953304110917,7.846777826003087
26.965119627523286,1.4505132102055636,306.0937575481582,1.470061629924088,6.7824995521935625
37.11477375973539,1.4216696319176751,545.9404007707641,1.5119789082887152,8.638981931678673
20.21931661928168,1.445267921859038,286.83470138663347,1.290007399593523,5.997893518518519
22.947406403161892,1.4770109760073102,323.92495926749683,1.5797090255567965,5.938676858281894
24.625503377257708,1.4580109534011303,370.3185709453884,1.5564274722306255,6.285099537037037
70.07866487037454,1.3650466188022623,862.5859252540241,1.5617577598939665,20.598094378121708
21.974072619975537,1.450679610200749,295.3351272680578,1.3890001172152542,8.418425395447532
34.97290578370426,1.431765920302968,415.1846820397635,1.4565800824838069,9.024717865315028
50.465319003736525,1.410473786149357,758.3749210704891,1.6230784010285435,11.46402675968793
23.814260582757196,1.4771633576842282,385.8426416857726,1.5821959653159063,6.21515361952862
27.558798642427693,1.444167711211387,297.68983552796954,1.4899849979065265,6.412747588734568
66.20379426104408,1.3683762917895084,906.7524344504592,1.520012777627147,21.41476795436651
22.95363861313608,1.4623735871867731,289.77919488044773,1.4869025888284844,6.119645865483538
50.04979234065074,1.3960495870288532,760.4371496920999,1.6139841561663342,12.517976530349795
23.235975038112837,1.4607801041323407,251.6266371685286,1.4075233228224262,7.843707883230453
21.894336594562557,1.4897018373696405,325.2810407249484,1.4912310680706249,5.798538612397119
23.322565663658136,1.4606942727146637,832.2395797019635,1.4892309073593994,7.67206356095679
24.425710925162218,1.485105822750735,434.97758869941464,1.589170264980015,5.681482000830958
23.832737082578284,1.4735297051424634,293.75335151651103,1.5139861290632732,6.233274804373317
14.919436445609652,1.4910304961363854,143.03712823934265,1.3085443612286722,7.092218364197532
57.506596147136214,1.3771278620286267,800.3325849698181,1.626824865110485,15.98770772727138
23.91266215195992,1.462717834414134,384.4335501510309,1.592373250888449,6.342460826210825
23.392412711220057,1.465282903992599,251.71889069598913,1.4679752643840949,7.233644593253968
48.44415820104178,1.4127358433110146,707.1793350480046,1.5916832709938804,11.30023826775173
24.441665631323325,1.469320342178916,363.57601874294977,1.6166939459186984,6.251819540895061
21.687725303273723,1.4576131966285053,356.3589595140736,1.4027029400289626,8.146970754029493
26.31254322503864,1.4539110512919091,653.998341614945,1.4542226547329264,6.12411908436214
24.92886323738972,1.4355476907720888,462.6315128823282,1.47936421575345,11.148532434964723
22.700903439060852,1.479746082707114,244.80397294236613,1.4634056037320755,7.299627218364198
25.72417380684119,1.454153149943321,286.1058968188868,1.4678870323189834,6.435210266512679
24.081842690788474,1.455310278282672,331.962401101902,1.5664681459191478,8.18782773481341
23.760147192888947,1.465098823827067,451.5327079822591,1.5796767080881742,6.505940568883278
22.588532311093747,1.4330703406510732,281.6414083415688,1.354165822139904,11.321605099022634
21.829263126179633,1.4559471187264164,348.36747406737715,1.5451791950506155,8.335579989775256
23.414611765092538,1.477229590747735,415.3323568000212,1.579285891826066,6.81743948501593
21.23548331969368,1.4713558841763976,444.10214245769856,1.3922185534168106,5.615565039866255
23.104008512153342,1.4993369867312782,248.2612194977557,1.5252764328072992,6.179050604423868
26.333567628636303,1.4634845735690252,353.8583847290147,1.568442716564416,6.3106869671100085
19.253950886414593,1.4631831204386572,466.5889726268126,1.327788837017366,5.902382523148148
27.07004483725603,1.4844244848618104,500.7606137193491,1.457441198473689,6.960541635977575
39.9734303626992,1.4517293664728623,491.15992635588344,1.525423960988764,8.573716517857141
43.52525158563918,1.4060134134440798,735.4606992904648,1.5780062528316183,9.74973592151978
39.81241743945526,1.4302791810708375,473.39574970599506,1.5209517681693925,8.86636718408398
23.577490258237088,1.472198812577882,295.5020549410487,1.5728764102173418,6.274736046810698
36.58153822041286,1.423338097260793,721.6228515619727,1.4768870718691522,9.644755182090698
19.5948193963379,1.4597976915186874,477.9012887437068,1.3521020352551152,7.552336309523809
28.48508455772904,1.455147346680969,347.5395794273374,1.4906438424520672,7.218577784884666
50.13703570164585,1.3997400022897304,616.0549099382124,1.6194202391691572,13.314518612567465
28.26588256845818,1.4735215604223777,368.4695196952487,1.688647807027428,5.959029513888888
22.571511370898367,1.4617806065647,262.6629290084077,1.39336223684329,6.931080871005809
35.71773624171387,1.4222968113241905,434.2968617234392,1.4781771103340102,10.694882330246914
28.63385431453654,1.4552961673982705,364.7635336390087,1.6136257618168313,7.669802882495591
22.52960908818007,1.462721064751808,258.7264809531782,1.478853805739354,7.526674933862433
18.85508720431962,1.4571549227799787,210.75125508726956,1.4565547053004373,5.582994952417695
46.95451072649172,1.3837836792077745,512.1894376941923,1.5520221840436506,12.970324977951728
30.942504500454195,1.4509389352158142,476.8053168568854,1.45420732557334,8.026260823505043
28.103495992918017,1.451888591920267,330.98831065808633,1.4721436853032694,7.377597451860709
34.50991961429994,1.43283441421743,436.15617184431,1.4243205827038543,10.215598797582306
18.6932772704864,1.4632778938452375,224.50277138930304,1.3296470280502215,6.545599729938272
44.48187510324186,1.4082778404993588,1556.2340593064876,1.5842329133149933,11.423136160714284
33.550653551576126,1.4459070692194969,496.92214993439353,1.4927571711200514,8.015290787395923
27.154491688780848,1.464438185241283,270.64435180014954,1.7001989061619678,6.164378761574074
21.614523167263116,1.4842896664041725,224.85655815355045,1.4565126276043476,5.406452425733025
72.03537594963453,1.3585696864338752,1201.287126038702,1.5423446892986865,23.750068966965568
38.112232059289234,1.4295681544617196,1499.5302204644563,1.5069732066581278,9.550990972904447
22.05217568351443,1.4592179526797109,244.5652172272505,1.43659486079341,6.866665573559671
21.643442911987933,1.4175907415963702,341.214329155353,1.349351315269594,6.816531937210648
23.40570499528532,1.4583481030101382,329.7065987868078,1.5178284571087657,7.699564525462963
39.27177320293245,1.4089919466655467,403.3044062784489,1.5119739794848417,10.892770813197252
22.720228894608628,1.4706470249044143,231.18442458349284,1.4846888497314676,5.716227816358025
27.5872822161571,1.4622723443662131,267.14336140635174,1.5241130166577743,6.445736744929454
25.098136928912208,1.4459939859695417,311.28413159781275,1.450775800989099,6.751937443996415
21.30921849571981,1.4221507745553987,336.7677955198977,1.3439485420391686,6.20666852148623
28.773455091523235,1.4730034281499276,356.89907474871364,1.553901699072238,6.4310213048696845
21.128652740543444,1.4784237866149792,233.7753816692266,1.4518695862793192,5.590965899348422
27.599670387984855,1.468562681469044,262.5623783401572,1.6591749752130516,6.339804205246913
23.22342808099717,1.4401164066917498,324.0676885031819,1.3689372190297138,5.765657407407408
19.40274716122163,1.448842992226994,207.59698803838012,1.3221541233691203,5.946426504629629
27.681402456972844,1.453622825791337,266.75956833223614,1.50259463850611,6.574959490740741
21.89906829998571,1.427126276219619,326.70826955085107,1.3663089943648532,5.811640655140818
21.08184277196252,1.441349073075966,251.97154453411207,1.312827676904459,9.620878182870372
24.997629499555316,1.4579070572143702,182.6538789198709,1.4376692202282144,8.33631333590535
31.29690775087648,1.447778504214691,373.32553231711086,1.5403568042289777,7.1854004807010075
18.841696792421164,1.487338824256942,264.7538500583787,1.347668146802487,6.198623649691359
25.28245090239835,1.4591186055540604,292.6925468801472,1.4047562852423603,7.831207240226338
23.528192375736115,1.4577597383576435,270.2393169926201,1.4066010336025832,6.095280215835049
27.833393152426183,1.4505883445097827,274.8737083745107,1.52045053247771,5.692591214726631
38.79230170525866,1.4123856432654822,395.07193369216975,1.4901398830554102,11.334405771315875
35.159672551558295,1.4228777199770224,572.8662323013115,1.6133744334201647,9.00810449573348
25.093132125849746,1.4750610986539134,333.1898611087552,1.5969882490696272,6.384764762020793
43.6474511796436,1.379904784297999,489.9230241418374,1.4856055199572402,13.279387331900349
22.828090484839382,1.424572960787713,358.0335081497406,1.3706808572355245,6.906850043402778
22.57293706043129,1.4637928780255254,138.57928838888418,1.3286958248605314,8.201317027118256
49.48090671976359,1.3840212792094129,1065.773310628579,1.570604701157845,14.764888313170898
30.86373770505327,1.4240068708925404,266.7177181575947,1.4263389380637774,9.841251731726992
25.507671208833248,1.4571332353554756,353.08651440430987,1.4855252952993758,7.275091385880444
22.595725784387287,1.4421878869019988,305.1040035175575,1.5576023599746889,9.537072310405645
30.992431279815708,1.4365882797302143,450.8811612805233,1.4330644534510302,10.18563427148582
22.89339282344889,1.4213910452450529,324.4954391409423,1.407436248076736,6.372285686728394
22.23292357133902,1.4405341034930468,423.6827066048236,1.3480531597862513,6.096455198688272
26.45859395010342,1.4429673670578045,428.4510846541029,1.391411478410685,8.335682274130189
22.96195227985338,1.4749283365389338,646.807630333559,1.558358643509068,5.817001591435185
26.742152439956147,1.4589018696834628,365.3286237951287,1.416664245921241,7.924008926066218
22.049940162187955,1.4657585709305785,238.4144137147842,1.4834106976720638,6.389698953510803
36.09930955977229,1.4223337879244946,529.1111591975343,1.4865378601648935,8.351693848204263
32.96679095713067,1.4454909855868965,331.13148189292997,1.4459516145330564,8.109543547453704
21.004145606838456,1.4323221616918729,417.5614873839552,1.2820461768686555,7.104858519000771
36.37954830401549,1.4152880554399443,566.8836459006882,1.4234722182650104,11.931838719729344
43.71330129273394,1.406354035688247,890.5403327261735,1.448039030951583,13.078652476850449
23.600009655792658,1.4579382716905966,288.0309498198918,1.4464918284519317,6.695285976080248
35.124092014627664,1.4422231628151894,526.8659457721682,1.5621442523733038,9.312223636831272
22.18573473017472,1.4678727710709556,570.9328128762228,1.5322064850233057,5.683289769804525
33.05594650910587,1.4531583168008422,322.03007716438884,1.47241892720973,7.727607783564815
19.136595001913804,1.4657205963509352,209.6386794400657,1.336443942234229,5.8230275848765425
23.594754576430844,1.4592282400458674,329.256814589467,1.5304784876194306,6.145234857253087
22.59663943224166,1.4252865955074656,331.0456873648458,1.4017458031456096,6.758134323559671
35.431341408728926,1.43150689212321,644.8092995626423,1.444340242484398,10.31567648467433
25.121435302726116,1.4752715531351526,325.8774864614838,1.6292838074074012,6.3590711805555555
22.31493062659146,1.474190709146707,198.6082256748279,1.4884965352408177,5.918326742541152
27.837229353918453,1.458982150417694,244.1845000484351,1.495061482872733,6.231931735657225
26.928470922246156,1.4535049567353835,366.76691041503614,1.3927309173681164,7.684730554872985
32.84640064595809,1.4492675627303104,759.7146282294535,1.400358269251617,8.5340680300721
32.638041842018,1.4104763923219508,976.5609307803246,1.443481524664864,11.763533629115228
24.979862460639197,1.4865196766484734,324.4226558576174,1.6025044335246392,5.437208305776013
44.22542825043043,1.4184601227018812,752.0686588581466,1.5951465578046162,10.36684225198794
45.13739118048111,1.40833614755673,954.3363104959856,1.560939527942452,12.01903539113868
23.66973218638622,1.441995643351194,269.6180961944186,1.4295304736287506,7.4625290316358015
22.716917778432496,1.4818441621136185,340.41845572884466,1.4695319045480506,5.719345100308642
26.561998428968963,1.4654596732641365,333.43981890530847,1.6474204744272247,6.078190111821477
21.070044851863734,1.497612410140672,239.67518412857865,1.4469961459050875,5.623605324074073
22.628995426303213,1.4757178653576004,196.9878945090877,1.4557962234558548,5.733003472222222
17.141615758927603,1.4945630126382805,270.9301042471849,1.4662739021884437,6.052275390625001
29.479745646932127,1.43942157595,826.7638662768373,1.4951625230386625,9.218176601080248
22.40516879976957,1.4264147202470234,323.1788645667837,1.417636502160594,5.795311696244855
20.960149878181937,1.4750463874985786,228.5925407542025,1.5002526254549688,6.9556545781893
46.01932551153377,1.3754968026316217,494.5771370768711,1.5672067176761602,12.376980324175044
22.383302861036725,1.466631027290021,203.606170225964,1.4634767892874103,5.357292906746032
32.29312202053988,1.4172433358363266,561.8001437767265,1.5246552673537643,10.311657572751324
43.31099467171797,1.399712091839532,523.7036173351559,1.5598956623942508,10.874359705687828
23.36048821023145,1.4615386307418683,574.6570124886532,1.4783033860779478,7.244691250857339
27.57676946332195,1.4463672610764895,541.3160219350475,1.3745477807106157,8.914938271604939
32.34834513598025,1.4123199831722124,490.7481018922708,1.546131661816717,9.29783148864387
59.786749470918814,1.3762296922185404,775.8690637495519,1.5460934911398725,19.508842423886342
22.240911227195095,1.4281081504634034,321.007942670807,1.356423561429678,6.409589139822989
28.62400603115321,1.4490440259000594,362.91675551115645,1.5110905698771715,8.339103501463727
20.801402816409833,1.486066976573979,234.75059572027249,1.456078608998664,6.089085648148148
43.02862521003987,1.4341444404633077,539.753121388987,1.5540975500980458,10.083749035493828
21.14052528176512,1.474605696366075,237.68393639828625,1.4529345607791349,7.6436666121511
27.12180059817962,1.4157360351824062,336.7647566258777,1.397907553128622,8.89607505009351
47.89125583276699,1.3691655606083522,512.2638940286945,1.528108614672249,17.061948972618133
36.24085349513054,1.4350335327931285,568.3452716582938,1.459375319353707,11.382723825712688
22.900543066548767,1.4702773568378855,271.5908916913731,1.5086170332351012,5.458773148148148
27.745392880896414,1.4109454357111169,721.0609176194982,1.3188251754256928,8.496676362587564
41.95026888472605,1.4071195629341144,455.2669370479569,1.5330420222764063,8.991859002762256
25.984309997245383,1.4672013491434597,345.53144340460756,1.6583150377530775,5.627976345486111
25.99130309193141,1.4628241343664878,308.0519708459367,1.5084941157048548,7.035505364479256
34.41468984498726,1.386494750327148,677.11098197797,1.3731302685955304,16.202918475709044
26.23520061639847,1.4590084127887455,369.9812757373052,1.6627177394596262,6.3451537422839515
29.792623629101723,1.4410957649132037,365.6506449817244,1.4820084230763844,7.721266204850069
21.411084388493084,1.4691587683971146,229.82478867497437,1.5154459254512258,7.133830729166666
31.239356575156496,1.4389104423039007,299.0827930912986,1.5858933136727291,7.303542795335823
65.16114193350002,1.3580043439076055,777.5020866755434,1.485840540054239,21.44189155735596
25.703008211726516,1.4615709513689024,344.3004510963135,1.6114634071928229,6.851136509773663
21.49479284651216,1.4806601362482026,233.0759350770021,1.5140143552079863,6.447780160675382
32.529233069166864,1.432665871949766,540.7359968990156,1.5173065933654704,9.21232521004801
32.42470340828293,1.452654639531204,507.9705553897506,1.44766258395029,7.993416193181818
37.17424354350209,1.416920620512608,480.0,1.4573265802742508,11.083899337705764
33.40984866203445,1.4548517582702971,497.18469878123335,1.434257660301749,6.880369164737655
39.5815848552755,1.3897123133059968,639.3812138166619,1.4878462561308912,23.702926862874783
82.63311054774677,1.3438111516634033,1133.725151545685,1.5959471745077,21.63124614197531
22.22964851755641,1.4814343612446323,252.16876198419175,1.5260992538159637,6.349639810528121
27.509192757183648,1.4694912596784475,413.7399208051324,1.5427575163738183,5.504379684744268
41.44166998425026,1.3769465919039283,485.2566812162695,1.3919849829690063,22.678373298512195
25.452754529122707,1.463868400111514,373.9480435637069,1.6054420303333394,6.1112791763117285
26.692099574742212,1.5079494420014494,427.1891341030084,1.611197968056004,5.8994988425590105
25.32963687088927,1.4748807667978383,393.78387718559463,1.630647921160885,6.08892276716821
27.002018926078858,1.4571828777972182,427.3623891909008,1.549066477352545,6.670779803575054
28.705772254977287,1.4531743197973417,298.0705738431701,1.4464086233044895,8.287998712731373
26.666547858098248,1.4546565528715043,366.73480625280393,1.5031514558901258,6.944155845700152
20.77501627186032,1.461012575506819,181.38394800374175,1.4302484903558284,5.712702270723105
21.57478055753842,1.4934600905953683,396.42123533298366,1.4969270872116445,6.454624083719136
65.55587752269007,1.371712233848399,1240.7012690784118,1.494906385944183,20.31199492026749
26.97409176887916,1.4588434699489063,419.90001843876314,1.513773794166189,6.169627287257495
39.282449325853776,1.3978702593806551,611.8228684915093,1.4570820364815125,12.74767181108101
31.429906211749735,1.4406132683315014,594.7863913057722,1.489644283596487,8.100507840867829
33.11655467692085,1.4441654284658256,557.6092740562368,1.4647384964909456,8.275820526555593
40.50382561696416,1.3828692862598302,549.1369928422589,1.379212761829023,30.36516316229424
26.85171445955889,1.4307374137686557,402.41133414759537,1.4990327545159985,7.308987831147118
46.88707402303241,1.392134078255172,612.1552286743513,1.5286829170832656,10.4382504608331
39.17041287406114,1.3740408044827237,419.46088852087297,1.4626416993625255,25.27950259038801
32.85839058186889,1.434054431277132,575.8203596070418,1.5736599175228718,7.856317156170413
32.152920355873654,1.446073743123652,319.34287210669356,1.4711567489478887,8.633210412379972
47.04043289096257,1.397910030237267,483.0221134767201,1.6161729544100685,11.778879596438664
23.486875751328448,1.4649117560742575,401.69319811451487,1.558649019741446,7.801096698633158
23.107189181454284,1.4719322612614478,396.04428548174207,1.5691284617435066,7.561670524691357
26.317010229696763,1.4678356525280916,382.6836385132477,1.5312435730285283,5.4404216097608025
62.84092992625472,1.38086530470304,1009.9490776849382,1.5499634444919337,16.517137550829894
36.19053314453486,1.416508271757252,458.49652974981865,1.4493409424687205,8.235067756550734
27.65478210573236,1.431676819881905,420.168067552889,1.439882136040463,8.452836761923136
40.37432248874607,1.4285831498479054,617.8868997391063,1.535054799899004,8.475391319266501
42.50818290041534,1.4110536891480998,637.8683802772367,1.5295806580238158,9.28143288679695
29.9801951188728,1.3950138001327526,1119.102331399046,1.345428861015688,13.10074308336969
34.81149187745181,1.4479372691010526,519.911118982909,1.5104364157309949,7.189437104787714
28.34497906668519,1.4305323494739712,294.94265603124774,1.3822472902410652,9.366231102218036
30.357837861894843,1.457483607861986,469.3486121619661,1.5414757729231696,6.723434163592393
26.580459071469793,1.44577718980703,319.1639704889375,1.4253272361266265,8.207296823408493
51.617186834909646,1.3989861806161747,646.6227698294609,1.573453090784815,13.092324830377114
28.2160265131508,1.4272178609761703,340.1229736205999,1.495969289267794,8.744597133190881
23.21118018102199,1.4629829617835224,314.4117615642039,1.5229348172153347,5.957811948853616
62.05164701879651,1.3462885290780369,947.1422513015762,1.598958502786929,19.421951356738685
23.48919068010325,1.4704404173259829,271.8347829686339,1.4972968364353336,6.022223668981482
54.95445614661436,1.374789139808332,790.256598481959,1.6056382550681385,12.669415413105384
25.572205043116657,1.47312511762347,345.6570048722446,1.476406585609763,9.686653056412895
41.5180876503502,1.4125456039369193,546.6088528306465,1.5438579793342428,9.50077576295916
23.171381838064654,1.4813768604842046,263.6101601111861,1.4367896007435157,6.160481633046737
23.69284924747235,1.4775710853806323,171.9534467930663,1.3865935794359288,5.50977237654321
25.727689040677255,1.4512668620880174,402.6288096940213,1.4525176327857012,6.255811287477954
30.77694536354817,1.44950719197685,529.33096763064,1.5218054900658424,7.104804114819572
25.62440455265235,1.4557195985066222,393.0697831593797,1.4796656221855846,5.9249166666666655
49.42381826725352,1.383687730574907,1535.088118440676,1.5161032565651695,15.775057754629628
25.379013306634732,1.450491420531171,413.4910024868987,1.5575409520092935,7.468046464724699
26.49315746530445,1.435097907635359,256.29500185613927,1.4006539721816893,7.741829025205761
51.38826786886446,1.3932717782777635,624.3440435223944,1.684922756796353,15.892293069584737
53.66224056384137,1.3951060320325726,859.2565409785516,1.7101408647264045,12.118181947982508
17.72953762222381,1.4960782070570688,365.0642809476876,1.265919316961459,5.910933802726337
22.4240440361944,1.4602330036897178,148.85226241113057,1.3401981135176912,5.677666859567901
24.30923851865339,1.4439734701489628,254.57529799773593,1.3807638449419708,7.15180625701459
25.55395298654659,1.4654777077942165,438.58808350157653,1.5813427843272712,5.870722977752059
18.116926708493455,1.4738130679195651,348.2622617934727,1.3128419623927332,6.317890589277549
18.32905634182883,1.4763879285956312,393.92872617959654,1.2936112233549637,5.824939718364198
26.382165988000295,1.451194546851138,466.48338915756807,1.553591455162172,7.523311370329636
51.578108062532344,1.3859506619787585,611.0702375179583,1.6752759849471537,15.71358766483378
29.148449316071737,1.4505349232710538,382.4358757548365,1.520671164763588,8.518304361051758
53.22369307515289,1.393729519587526,916.0859525877456,1.5874149540022466,15.487482990765884
28.929163670284503,1.3999689789308365,301.5712285712875,1.3838828014331253,9.857066936728394
18.582772087960873,1.4702042814302418,386.02224247168925,1.3053966338852017,5.867617394179894
54.60361853595221,1.3767970243091254,1514.4088302028715,1.5513423336998535,15.496151507989756
22.048302880558342,1.448205863523312,160.85993469661307,1.3184795914802316,6.364526909722223
22.14288832275298,1.4466461019688042,171.87598666735445,1.3659481514907696,5.5244493741426615
21.450757636213655,1.437568753498558,550.0560448500137,1.285365957273014,8.453416173696844
19.281763314113338,1.4920760446333752,376.8605943225229,1.3861835647407013,6.213288966049383
21.997448735998848,1.465739009716139,190.08541843337824,1.2956712091850453,5.975863353587963
19.42982716891051,1.467512281922959,363.5003868599203,1.4180619435150068,6.496692782526115
20.307900607095753,1.4856699950000112,416.2025606729491,1.337212225654122,6.597769974046016
21.475249473796755,1.457750582560277,234.5418579817867,1.297692268551981,5.929111111111111
29.534413756458907,1.4314311306549494,631.6736459564638,1.5315983111204066,8.385660576482016
19.89359704571856,1.4745090923557425,371.42857142857144,1.4840148683928809,5.501304253472222
21.51656119667116,1.4582276950374011,243.35475410896916,1.318945732776611,6.419389678578318
38.417931275849305,1.3866022719940962,292.11195581106233,1.410713847802595,13.234373527324392
22.78041063660474,1.4684794675597843,252.83846791657513,1.5249260407441003,6.5885246270576125
51.654088822084546,1.3974091105059985,836.1439047617388,1.6740269656674025,15.060740876168452
34.69962898190432,1.3911893925167875,439.6251812331948,1.2811660280182815,14.69723325617284
28.767264743698146,1.4686170012728463,499.2130550442813,1.3726090987568662,7.783621307319224
22.19519896617062,1.395560117406267,377.4458780014719,1.5111757027354042,13.917612847222223
34.50651069189636,1.4148882059091243,610.1841490429472,1.503868273380079,12.506926387991674
23.55540578446121,1.4702737857017485,292.5909745423963,1.5653524506002072,6.420829401115859
21.183524606742196,1.5308173689550184,240.81317415034323,1.3678007190772967,5.363701654128087
26.793004691998963,1.4123260447606785,338.6088949606107,1.3639667456884037,9.092365658068784
27.065939808846053,1.4536966756223553,769.6376183917833,1.447513056935021,7.760264917695473
38.74848148347442,1.399326414329542,751.5891782941972,1.5914377455554864,10.268700915839233
22.45952768213248,1.4759458664943463,302.7356805692813,1.469771647273012,5.973016148589066
28.27912693976747,1.4269386381220244,432.64515694834694,1.414424100853041,9.44455076784937
25.423428266358187,1.463665031396366,569.1575551192924,1.5631804525453914,5.773872385116598
23.34387716990631,1.4434309685826034,901.1978789274278,1.317310583813224,7.66546288877018
28.71041257505773,1.4335277364507502,675.6371688230989,1.3555023932397496,8.255334804205248
20.857001663264523,1.4574484442077875,230.40925533894597,1.4796776942835264,7.582933706275721
30.663800514442755,1.4293188066786426,337.33489682281913,1.3834824324926425,8.838831621334876
21.721024115515053,1.483388148402761,296.61615001647095,1.5252870590689165,5.860843782150206
21.28411747694368,1.4587290736114216,241.8421918723409,1.3617051266156786,5.819534942597685
36.389247245017486,1.399255049066564,732.8604934656835,1.4449296610494096,15.16967719184028
24.714853632898077,1.4809214154973185,580.693773194215,1.5778127216528897,5.6243900187389775
25.528803845782047,1.451845602904501,443.0895498681685,1.4113908151943615,7.199514853395063
24.491975958929572,1.4771172017851564,397.203195454385,1.53285462447554,5.839646619776828
34.068229356461025,1.4173313588826424,644.6403509023988,1.5103679901857898,9.186030172968108
27.163406350483275,1.4450326484109737,351.7439038300998,1.5214348946541645,8.48899640594542
28.586232909818342,1.4394826718050713,630.21237105746,1.485627183588827,6.64645103064374
21.709196014457515,1.461830798228816,315.4197192242888,1.4227104304656857,6.038339158950617
23.448884232455672,1.4703457137678888,969.4880895352758,1.4659112391596203,6.174815672153636
49.767008876990595,1.361546965071645,764.0602244725918,1.5294807817668032,14.013442126935011
37.88185861250001,1.3991461344092977,763.1649201253982,1.635618191042311,8.469481698495372
36.108775665682565,1.4102098322213987,766.2875165881374,1.6011428234561336,8.35083550347222
20.96144485332035,1.4675615091163934,268.7184270936277,1.4050042560650664,5.554744513031549
12.445833289797951,1.427425046491254,325.13553076179335,1.0787155602392904,10.566184252829215
33.59434665924934,1.4184453931737369,722.7305942512371,1.5187066366551116,11.017780003257291
21.806380538109153,1.471774662783618,440.0,1.4585992668336718,5.77773453575103
49.218163005211025,1.392728860142836,907.9064117072828,1.6289527444571437,15.54781896693483
20.83468248656382,1.4753868420069929,243.71842709362767,1.4354806353399532,5.903234525034294
14.323307522307784,1.4590340919112808,275.02540204048023,1.20901350309563,7.506281606125356
59.408022530384955,1.3824577859743288,1326.8334045764418,1.6967335794313487,15.054947129771742
20.994723910199923,1.4839879928875506,551.2993111007526,1.4428261005858378,6.293649691358024
30.49048965910114,1.437632273404828,580.7122760192836,1.5128888844944652,9.244251266985431
18.303075968144388,1.449430891412457,257.0681318570736,1.2012057118745023,7.36353314686214
27.187504188689942,1.4753977167389911,310.23774782765577,1.55704180250638,7.145547946673525
47.72419694613586,1.3979155000945414,683.6669829814783,1.5975008809472404,14.473650948096418
21.90272305550341,1.4854271692630177,262.69836827168547,1.5310954936231314,5.882148276748971
34.641446088089346,1.4374696373493436,1555.1938424559598,1.5287398261189442,8.84791430229809
23.541371928700332,1.4694825525550332,256.03764394688073,1.518629378590761,6.33115475501543
26.8852740214189,1.4562172085558016,328.52209527362885,1.5601700782768295,6.766546611029889
17.586399687644086,1.4587530689741748,235.23588857190688,1.1811397363200604,6.633766221240179
61.70386187351108,1.3764339673532178,1532.6293192096236,1.5868931456352886,17.786654848413278
22.94162599546957,1.4912289671480552,269.29422521089225,1.53142704519908,6.05516441993464
27.66782062721348,1.4608411652983986,309.15849594660654,1.5301167059809653,7.539202782064472
43.17960446738835,1.4010631217045932,1452.2720736742267,1.538914344397955,12.315559556937696
31.251806650898693,1.4449071578262775,473.4386403433689,1.4695473093888505,9.20414667311805
27.725264561047812,1.4626196050264788,279.88734077321476,1.5734811638332733,7.396624697954573
27.12181280448446,1.483075241379309,321.32026018123713,1.6588711341057107,5.7227887088477365
70.50451560369831,1.3586211166610485,1440.9011938149863,1.6221264413987866,23.847805600071226
61.69914031066753,1.368190652513534,1428.8173713598828,1.6471811490896344,14.35855435363248
47.9535285891522,1.360556677558853,1016.8587584986624,1.6404958939414014,28.370114715952205
29.803129283769163,1.4450395710720976,1051.0122951460914,1.3826126763638584,9.711167520943562
19.745725017609747,1.4766052738277562,227.37616295224544,1.3955047663634066,5.9101765046296295
27.505256397509452,1.4184115931591623,728.5881827182752,1.468292838895173,8.773976314484129
80.29499809640832,1.347443573310956,1500.0925096422743,1.6010994953756983,26.63671325074905
40.43383810797799,1.413696096300579,559.5980237695098,1.5322757229637831,11.991552287021618
35.121913188428785,1.4286269643786924,544.9248242989288,1.5146560597330012,9.654634955710788
40.04359998906649,1.4003558631553925,752.4818306710372,1.438551551297798,15.569797602089269
31.376947459250704,1.4185524240532337,904.0875268996532,1.3525009956412828,11.320752999627953
27.5190117879899,1.4517339950624155,677.8576468120665,1.387741936723599,8.161588742161674
74.08244239320953,1.333874914834317,906.8925918508407,1.5897423756289104,27.87640827546296
44.39459468366452,1.380432157516192,434.7914956815653,1.461339098206367,13.139810903628366
12.394739771076276,1.4957571373770089,193.45331455123633,1.2596517373862,6.350548723636831
44.9100975984508,1.4016093172848716,1075.5594448365962,1.5934005719670123,11.25596953787928
19.967532583889568,1.46847077939607,270.5782802741668,1.462662086352825,7.781853016133486
36.29237576226625,1.4324479028129955,499.03143771274966,1.463881524820246,10.140072889109348
29.736430613657856,1.433628809979722,288.30373490922676,1.3287721494649376,10.560652463981828
14.147385578084416,1.4850185430034135,309.94948334980427,1.201483931141083,6.613713991769548
46.51456979877821,1.3981565672247025,849.8163606252724,1.6287066926889582,11.816534486812104
45.77459956902111,1.3697572710938732,456.91993216790775,1.3967955893192163,24.443594084788476
19.29343276386927,1.4942440786654243,395.7308122873767,1.4218848839693217,8.461809275630856
35.60288835981072,1.4285824561313685,825.793102673979,1.492703436067098,8.215485302622241
37.912050216443824,1.4191968234825925,419.1136866502856,1.4746866290881229,10.964559298064728
94.37228483350516,1.339518640305014,1474.4650757219115,1.67670023242639,22.5596663767342
66.75015589054722,1.3640155367193143,1494.3215199802446,1.6790315402468454,16.4623275784805
36.76364152236502,1.430601830009948,777.8571284308806,1.485420755628338,8.128298545349326
43.54420419879729,1.3926389010090294,488.9172982194991,1.5662428733422924,10.66257012268325
38.036526334894305,1.41771354761978,640.9243032437372,1.477498586661134,10.694452803497944
41.55179942272398,1.4005983961029955,642.2998257133371,1.4992409996055591,11.03225196904286
36.133635313447925,1.4010829586365228,424.3605421133246,1.47594242790362,10.25714937122406
38.3807446730382,1.4132410560508055,642.4372578750679,1.4785731450493875,11.193573378785608
22.283270006676517,1.4787139178189117,337.45468795721047,1.5472270079616797,6.347318760521886
34.14185479135856,1.434878137449065,562.3986751297937,1.5119444350599816,9.695501382458849
23.01274159446919,1.4756455427268362,388.87366747461914,1.5824555171074814,6.051176858281893
25.5945023237977,1.438479166849226,896.0207221357581,1.3476974544055056,8.378378896604938
52.1974562065503,1.3920519636033095,750.2021208624471,1.670541547720371,12.507469075520026
23.08551163762425,1.4724692631979994,273.50586808987003,1.4378516436199524,5.824203180114638
19.386917034718937,1.5057297529561309,647.2604362983866,1.37160654848688,5.2828792116769545
21.495819432368027,1.4823733324375006,307.98692684790376,1.48546767525181,6.015295781893005
23.844890739458272,1.4636702015581795,300.438798433757,1.4601114125039547,6.197306685405644
33.54133176294904,1.4080526751535116,846.7691180226069,1.4962745421115586,8.372387956532922
40.52830364580177,1.401648747547692,1188.8108730945175,1.5178487429346603,11.854244080225072
24.196117877641083,1.476322601004878,399.93795251847257,1.6157434986863473,6.768880142919325
22.69359796138381,1.4689083894466772,338.9159790958292,1.4557908954983352,6.282006999559083
35.193266320720184,1.4082389285664507,463.9919865216985,1.4780455237040226,9.406873175190624
45.78067169341967,1.4172443617764785,710.6465074076201,1.6267703787542096,13.02007595394007
84.80008840308427,1.3402151913073157,1170.1889177575945,1.5914676987679754,23.500306818068015
25.039174448488193,1.463986305013784,369.3916852188444,1.6660759377076528,5.749500225051441
22.9223339852284,1.4725167495509874,303.83589738697896,1.4756901607893949,6.283456048195632
24.576131623364173,1.4667583151234729,370.2806241409478,1.5772249406072385,6.16128036097692
22.94237902430048,1.4890146385064496,338.6143740582817,1.4313849615500045,5.540420042438271
49.83848899098059,1.3957892406451144,741.9317878652199,1.6350164824416191,16.459138322098237
21.611959879247237,1.464732418943393,310.32761077375835,1.5049003713015567,6.936826453189301
23.346831015943152,1.4661619231123306,428.2535267885467,1.5178988988948972,6.321727537722907
23.86769104505216,1.480488698683889,377.6751362754584,1.59250964924833,5.8516497878086415
19.547793971022536,1.4891621863025128,311.3309848046439,1.3909212414748295,5.6829073832947525
32.60673993938057,1.4433659310032254,632.3653477660147,1.4802910961018736,8.155114535108025
29.302200004624694,1.4204638896891175,510.78863777313813,1.4861969811342868,7.558521592436682
50.92511886471544,1.3949458996938469,634.8536801900049,1.659473390753128,11.499589362777332
27.98856242187661,1.458723465640831,529.0350672653933,1.576927392530857,6.9363008281755185
46.83547231123925,1.404426775497729,903.848884474908,1.6238039720405,11.399682735317436
21.59961369817341,1.4803414257697762,328.30065045309277,1.455695656950297,5.693237097050754
23.096156625930337,1.4826661423918572,391.4490902698544,1.4993208052278353,5.553100083590535
53.41684498806145,1.3868032636702496,884.5234876448437,1.613956642406845,13.721034477026118
19.204517193921415,1.492074197431026,311.0417664885643,1.3673918743177216,6.384402890303498
17.0698808965497,1.467027743146658,315.92348125613364,1.3059228070197093,6.720076195987654
13.784575100321328,1.460155639415626,230.47177714381388,1.303953638191217,6.254628343621399
30.13465570350184,1.413927008416049,478.3608370259507,1.422222689685319,14.13597829155375
32.57864745202331,1.428741092886839,729.5931481213705,1.458070393853738,8.030764612268518
34.30753501730576,1.434128592409741,739.5568702526944,1.4207067359369998,9.053356336226615
41.19706896318847,1.4341370142802068,1214.6768275451027,1.5198375583496109,10.160349105305702
23.06539001281566,1.4777029540599331,324.3891327355601,1.5054642480856335,6.0686900934499315
29.4551870177306,1.4187264123641945,349.3202289345303,1.336790012614613,8.21725339802944
21.77312252752327,1.4855819834101351,349.3071870291409,1.4387462990937765,5.576816325874486
56.1953113720446,1.3700183546749731,1003.1991054190288,1.404062465225863,20.434097463348767
24.05739232488747,1.4704830149275772,373.3333333333333,1.559189996051426,5.561709265689301
37.38350577362802,1.3854337964045165,653.3943276435745,1.6190636378982823,10.970010006751544
29.508513848222524,1.4589462394084294,418.22328770825726,1.394874655852159,7.455320968834688
19.278655211171795,1.4822648787246102,362.9616685228059,1.3540882230209217,5.36709458590535
21.715415258627697,1.4788366505565422,342.6405203624742,1.4420431723715688,5.890085139590348
26.110059456396904,1.466076830142529,295.7954458456866,1.6019614959067283,6.661417824074073
23.917701292134566,1.4733967601997358,361.9047619047618,1.5403918818493296,5.652801890432099
25.011708551973346,1.4689015009238005,560.3835925272206,1.5729405946414925,6.8695645254629625
29.76447864119823,1.4122333861475107,474.67897851549264,1.462515504552779,14.962953317901237
22.365080965056364,1.4885965871725364,349.09042725188,1.4663097576627544,5.292302436985597
40.89394998799732,1.4225388755010224,1232.6095571911278,1.5021780170453358,10.241155478395063
37.83589017096301,1.432572090251288,545.9771234117186,1.4852553990823008,8.177512449718469
21.012348211138637,1.4795030029148102,351.74519421179167,1.484382609076767,6.012475823045269
30.66045166473948,1.4432973751935076,537.9058005880217,1.5937861274847474,9.019801606184302
37.02928169027553,1.432215551101223,691.2988051411403,1.4930139106689917,9.230113222307956
29.560882950959673,1.406893954424136,442.3515195012851,1.3929532891783374,16.847188368055555
21.372377066452582,1.4718795774089388,481.6455672825383,1.4651687620823417,6.595166895290352
42.69901451244429,1.3804213717231422,611.6507503492822,1.521979016275307,10.625947747874308
60.03340363244043,1.3775793154942038,794.0645620184786,1.5574487039812543,15.972969928840875
29.79564336197957,1.395959783050312,460.5070336244663,1.3789364796465455,18.92522156850137
20.62013784165312,1.4816642572085077,286.19465823095135,1.4641432338125695,6.265345430996471
37.954166383853725,1.429014701481064,674.6172058088184,1.5137989987529334,10.153641745040703
32.85303844244659,1.4386425597531882,487.8371805497902,1.545556170946992,7.958388249901454
30.823907742616505,1.427382605075978,336.4985089256381,1.281457005327975,10.368906678669411
29.772381998283752,1.4507172295036894,412.0306947810913,1.435123546453528,6.620962439373899
49.3111391581167,1.3881171933671783,911.6946443523558,1.6157408837533016,17.85028163580247
47.86483752368235,1.3816354990594464,1097.3936209866563,1.5700251884820962,13.630994420433082
29.9773644924386,1.4416148191097042,413.55510831795107,1.4971660211081723,10.449544270833332
57.74289705969104,1.3592445933402986,566.6948378226444,1.58257552956725,21.133968098958334
29.932196773738127,1.4618928723404714,417.30365486003814,1.449086189955466,7.615252057613169
29.294031004487383,1.420002666670353,397.7918895999033,1.3361213078286718,14.884129104590157
29.946154952072995,1.436086262738144,396.2308793309832,1.5534954347157068,7.72529513888889
29.987179142068772,1.4160871856192665,368.4302971612614,1.2864024930471711,9.093444953002242
20.88273174394058,1.4849602933392914,295.6365549593883,1.4602115957149528,5.816402529761904
28.381409333728776,1.4441059848294608,464.0379653031442,1.5096864283788622,7.437545476466051
29.988008072179213,1.4403386910808085,409.94034448057346,1.5454161774223445,7.988726766748365
25.989139733471035,1.4602845753015157,407.8392162989735,1.4550891811106226,5.900959408068783
37.71277244511144,1.3841357268161432,711.7835413414125,1.6182798619085654,9.874161436958454
29.968062816514845,1.4676811614027032,426.6440640838908,1.526766654265283,6.328302301395597
21.309205869072777,1.4712546411955727,281.82325729584215,1.4864430216630955,5.74646182966821
20.81957146804597,1.4638844947993113,286.41097397377484,1.4515704461891488,6.497674361282579
25.93585609976849,1.4733204567109195,420.8153092373156,1.4461870861029045,5.793346193415638
20.374273291036104,1.4590707871683195,284.92422502470646,1.3455597028187578,6.082296328446501
26.135468282663524,1.453773802027291,416.3359986394363,1.4468425511395202,5.970408738896417
29.884148200735833,1.4420538617525849,404.58908223109114,1.5529609538724347,7.461933620541838
34.860172576939526,1.4289528098343334,479.7881953159952,1.4185010374747733,10.818624351150394
31.262832798667805,1.44897752530669,502.82317938237014,1.4123416936376942,9.306515721450616
42.41148185932392,1.4114053753466729,638.68334556393,1.5490732853075455,9.305433078418428
20.657802179087295,1.4689150593227682,316.04722531578767,1.365989060523367,5.467036072530864
30.29535254754663,1.45880895726288,1069.0850574886615,1.4925933206675082,7.561532738095238
30.01586693853307,1.461695129524473,860.9001296520938,1.450516157766718,7.520685120884774
40.53778247709411,1.4054450175297502,449.44561798126097,1.4799624759250667,12.728227036715536
29.960206098807443,1.4500799343620705,988.6585842838974,1.4760544742286867,7.404806254822531
25.677806140190548,1.4526470902931887,432.9511791752929,1.4394516919241676,6.718205777391975
20.535448790088928,1.447938423160792,311.83470138663347,1.2862752161652862,6.425854766803841
27.899994311945314,1.4521468628547665,777.7637739704346,1.6166572168444135,7.229419849537037
29.768921608945316,1.4704690717699858,751.1509530357239,1.4774747700949846,6.9153073559670775
28.90358675715934,1.463637267452975,720.3226470056552,1.4782434975977177,7.447840760030866
44.27588170427047,1.4198753563894284,638.5960389979683,1.5842027624989368,10.39934441137566
30.88660747467482,1.4499527384940183,670.3814726940843,1.4701243305551357,7.928101629273504
27.458384885044502,1.4697285748670093,393.1516649087663,1.5448306603771451,5.920428463319089
27.486408689905737,1.4596642122026822,734.2003808223656,1.5872519835624426,6.670869212962964
20.11346093834384,1.5040056802824755,387.7701670706429,1.3761449921231823,5.417716692386832
20.055568070123975,1.4381807199758505,337.60979368965127,1.3636817853216705,6.817930491255144
42.63057103815556,1.4070492904802538,752.3936514782762,1.5792335162295816,10.354186005148597
31.450068370278913,1.454845943883998,631.0757969040823,1.4609803445555218,7.941001100671751
28.570912643213305,1.4460340675485486,338.9374969461115,1.496066251164542,7.056442117671808
18.78975049929133,1.4889087356576312,336.07824207887836,1.3752320558505282,6.357342755809459
26.378765664528387,1.4814457559594096,630.4184157191992,1.6143339754525328,6.5837533474037775
26.1518348104093,1.468229732186433,722.3152723637999,1.6570771189768323,6.097907615147199
47.8224839417459,1.4035141926239594,900.4938243868233,1.6321670852684165,10.410974501964084
26.211292351117727,1.454097684945894,359.5951565309112,1.5064551702530669,6.2405113260582015
42.66914399548581,1.4088612947984114,649.4988863341529,1.547389397299986,10.925750607700577
18.60628897330199,1.5048139435906318,334.9747416749021,1.3302672102473758,5.302271572788066
21.22284678434776,1.4695696530619702,326.045107822882,1.3180979153228145,5.95246486441799
49.22375346660834,1.3897477081971532,679.9999999999999,1.6521562882829282,14.545733346193416
31.85273750797865,1.4429296312927031,622.5878181205428,1.4778089146659408,9.214588035300926
27.59566077252988,1.4717772074945148,610.229496135907,1.5575959291728714,6.51239725712816
25.18960721197348,1.481950238767879,381.1035004039762,1.5845119818356208,6.188763064674523
28.815910051761204,1.4244375765179864,493.46620187407984,1.441973980768063,9.31993363737749
26.37812287077234,1.4838372569661382,766.709219025467,1.5915771230519364,5.94174286265432
26.037352288123493,1.4579654651305347,367.8564639152618,1.437514612775375,6.507719907407408
45.55001521278199,1.3918807154838977,685.1806931380305,1.5751312444208765,14.388379629629627
26.218633705933097,1.4597702132954915,378.6151204196892,1.5228631084147075,8.345959924768518
31.835468450382702,1.4384937536106672,756.6024145221982,1.471340922780166,7.606405671296296
22.762728881101634,1.4490448220777317,333.3333333333333,1.4063180056342215,5.274709040637861
29.576410594913,1.4352170578596062,651.7423866019074,1.4763344865110064,10.575845618096166
27.893473460187785,1.4418420351605123,1013.3388217060634,1.4464606243018752,7.991157407407406
45.52037060545444,1.4094916539117497,707.9364885107753,1.580819289363453,12.459070859053496
25.893635957481425,1.4576840639451705,370.61893304613193,1.514103315428929,6.561344960016836
27.327958403952007,1.4486869956364057,667.5007636796933,1.5688420144111892,7.780454282407409
30.076280910036857,1.4647229453499222,628.2940459416427,1.4228769500191472,7.569615805041152
29.32303950815084,1.450918639850245,350.4350077904666,1.526326174613059,6.325297958214625
56.568900435006626,1.3482292012198804,756.3675249808446,1.5141825966591174,26.391281092518195
27.50116260001666,1.4575158902957746,1250.3023214362472,1.6046805218962412,7.661305679291637
27.986851852522378,1.4628463164184304,612.0370158887525,1.621916888784423,6.826025553740015
30.312435116897444,1.4544626697916123,468.7246484805928,1.5247377042787158,7.674653380594135
28.431727231279822,1.4679203679717432,1098.7580301994892,1.56022502452646,6.555499011381173
25.316369231490572,1.4607089534336293,353.79933651983106,1.5825121055730895,6.8002898253367
20.253797427373563,1.4585802188336243,304.48785759001606,1.280104896279161,6.345896026234569
30.204033362250843,1.4491837837175237,358.20666190229105,1.4062816699775151,7.338548791678863
13.136618484389352,1.5042239469594791,242.3586756757564,1.1350859537448086,6.71135440779321
22.77651103109437,1.4502154266313187,326.375271022122,1.3638633707333372,6.0437171286581926
24.873746878695208,1.4794951562258205,359.86277999785426,1.6347612221361705,5.8112152777777775
15.737640136246846,1.505869468847863,258.45033489056414,1.210130928746011,6.683448431069959
31.648072946704573,1.429221407580607,323.06712609928087,1.3808866666216792,10.285747530864198
52.070384761280955,1.3820430552161125,1025.6983812314418,1.6790216397863142,15.042429510379051
17.793633198164418,1.4605043093566898,294.07961477418934,1.4027720941226427,7.723762400793651
13.987453488224476,1.487674391554247,246.24752955742645,1.125670495033655,6.117418430335098
23.384523703810306,1.4580294078484912,244.33135766664483,1.5530584223803612,7.545470827397911
23.04167576544136,1.490922908419612,350.4106874331171,1.5779406698196643,5.968130787037037
22.786189046648545,1.4945066799517774,347.64692092089746,1.5707440572852645,5.48941261574074
23.03005833352227,1.479790070489322,272.0686237985252,1.4954150257816186,6.52475033068783
32.81391893572694,1.43368204802523,661.5454417630278,1.402018336496022,8.531345991328632
15.976016566617607,1.4780033701180042,230.47177714381388,1.262113033713092,6.758682002314814
22.581773959169546,1.4838123244012906,338.14883415218446,1.5916138205353825,5.7928395061728395
22.980837528296583,1.4669922543734777,279.29796054196186,1.5025293557892463,6.143856481481482
45.34575529481985,1.4027823803312154,656.247358670251,1.597119463651664,11.684038182367976
13.89693579870287,1.5114049101078977,234.6856471680698,1.1397513284127363,5.902318672839506
22.964534597336925,1.485661114269815,339.13993719469255,1.5623803532145342,5.962226631393298
14.624915941375052,1.5031747718381885,254.40019977421105,1.2001517494779848,5.748886959876543
32.345071684983644,1.4368515360420444,674.603155177442,1.4579687959597984,8.200759373223327
23.240221785777862,1.4663901288238583,289.9926386996327,1.4580437904987171,6.464154979121279
49.532804626702045,1.3907503536317385,762.2902108149982,1.6354723657484649,14.917851011353614
25.961019294775944,1.478182709836957,439.2837100659193,1.669639242928785,6.173188954178538
35.03163706448089,1.4091144524402963,321.32026018123713,1.5472981263705785,11.311249517746914
22.412051108260503,1.4810773707655318,284.1432231296021,1.4661356117274775,6.154198173868313
26.314429352164353,1.4752103297476111,431.7948015207275,1.7051565259871635,6.05568359375
31.28554302794317,1.4349471642558769,282.49413533810025,1.4851081804967932,8.016427763948204
21.441338564065536,1.4949402817508115,401.3793755049703,1.5322494228744712,6.084466520919067
25.578203092819948,1.4736463483737705,417.9810715136773,1.6311999894072338,6.052873560660018
32.03415528292033,1.4339506862206284,481.7494825423721,1.594939815422222,8.710230597350824
27.794283964166787,1.4283474055430918,868.2354596060792,1.396909583224138,9.072928179176516
22.125443280823145,1.4636534929108798,270.3749467652749,1.5003746747380466,7.82719688201459
21.57867178910018,1.460535582043058,402.8521525967932,1.4384571568539153,7.262369678195352
33.364713260269966,1.4331965322334137,425.0316650639609,1.5089136646804762,8.859832451499116
37.273455633866654,1.420118218994036,524.5510162708692,1.476296167593563,11.595185744598766
22.82991325025552,1.4700206756756626,242.3989415201018,1.4809047528470565,6.465926422792743
24.575834126949623,1.4743346043715526,398.8009141406079,1.6047440740830368,6.3485446204668206
32.277181751973096,1.4224636191207922,753.2535579173692,1.5655215325646026,8.589997720258138
29.230374531630243,1.4378330474475092,357.52193469729644,1.4745732585610574,8.54625675154321
36.57957055326038,1.4176902019993274,405.8319306750377,1.5117408918517437,9.662087094907406
31.267080784218056,1.4294706240955888,484.4738954406481,1.5777410508119931,7.816883329826037
19.33103832977964,1.473355070302555,956.9258357611868,1.434435610012478,7.39745720003858
24.62017693393297,1.4436217320616649,300.38499722023687,1.4620736417272704,8.973161115397806
26.80857325824465,1.4735307604117245,334.6535935145704,1.5844151516002871,5.494416795267489
30.864176164437467,1.4625650438088296,382.09798543928065,1.491224554373874,8.082404460305213
29.346271979039237,1.4406525975783275,371.02802074051453,1.503840357651483,7.374335436779853
31.10787262624937,1.4125024621657762,716.4854063152993,1.6317009244849838,6.534766118712025
28.114412974821956,1.4607311708347974,448.7694473260632,1.5351201060665698,7.204223060752078
21.292485924480467,1.4873570573902068,432.4525364192561,1.5305482575656535,5.778323527520576
36.104625914102854,1.423641909075729,407.394722895516,1.51582762499809,9.022600753798672
32.3807845284226,1.436383946711668,664.7341745933064,1.5330241828601414,7.797851566499923
26.45026004494637,1.4396885465418827,326.44561479481627,1.461004476727389,7.231721978998925
24.485245175708695,1.4895014827534447,384.1697694508131,1.6133686861480796,6.086886294056152
36.10160738964272,1.4142548386161915,412.55611320679327,1.5027158142415282,9.678603847798056
53.14455582387954,1.3734717601707098,974.4894772406772,1.5359307684942418,16.372820219391816
16.63749973852431,1.4882880135226255,207.50695623121732,1.2640083556336343,6.441165580328135
26.73166021787248,1.4747449680513585,349.64217745386816,1.5295800539859905,5.795664807800224
26.36507220934512,1.4364682433598168,304.66515496294215,1.456297866430756,6.8564959230063405
31.312250559703937,1.45766803664349,358.00848592329055,1.5770071686830782,7.838799599482471
60.61744388349859,1.3779716282392729,1091.754762517965,1.5213233392657193,17.8049681105864
18.107598906682348,1.4836621486625037,195.06927168887435,1.2904762920086532,6.0384912712191365
28.88620042866408,1.44502628457727,489.55236564653177,1.5031881877755713,7.993059102932215
46.37756752447347,1.395331205967086,948.7091942278884,1.604195004347637,13.990711298014592
27.130293566123896,1.4643588560051817,437.77966039876986,1.6796816383493929,6.198608074925987
26.93309505526053,1.4631547941405738,307.8204252647926,1.5508459261297065,5.950226417824074
26.98260306760448,1.431489581567074,311.1111111111111,1.4434221732993038,8.468400752314814
26.690544048299778,1.4646531710822213,294.9561710135374,1.5712359371768772,5.898195352214961
26.585600922627368,1.4666009391729944,444.5289242835464,1.7162489809842971,6.2669423225308645
56.988513207671915,1.3930677402177356,919.7193861029468,1.7572333660095474,13.320218082505964
27.320529159229903,1.4582692846433185,420.5683590607626,1.6520741723581578,6.331568865740741
25.69664577146974,1.4448108583331758,298.3249138916341,1.4446591590564706,7.478199869791666
27.27600465535046,1.4676755651617173,378.6092005163647,1.6989642155541491,5.904886295438958
25.64155361388384,1.4572450575520652,314.3349299309258,1.4419627165539608,6.509595384584148
27.338825779130794,1.4567037732027055,306.5384997452745,1.5467849481609963,6.234699556327161
18.180958762668094,1.4897937002908506,186.66666666666669,1.3127932365816064,5.463595357510287
28.54668996427219,1.4317156531641575,416.8575202416195,1.5194610252827765,8.519731806455258
22.34804808797702,1.4563124933368314,767.772475317891,1.3998153513980662,6.317438432355966
26.677089343953178,1.4705310676359038,364.3094966214148,1.7129788881019683,5.70034162808642
24.942466798203924,1.4632832958069335,1876.1478523976723,1.5557854999148522,6.135468336640213
27.447890055448315,1.4510268414754526,308.968205098854,1.5006687799654563,6.206828177609427
31.069111242079188,1.445271641940808,515.5238554747212,1.5044714430597506,8.285358903463647
27.494176936178032,1.457141388160201,359.99999999999994,1.6323680655286543,6.301903452932099
37.03816776092202,1.4048775734492178,440.3485035472564,1.496714667738125,10.303466194058643
21.538581776195223,1.480462875305312,363.23230441298847,1.5018522318434864,6.649927718772695
27.453163438992593,1.4866572108664289,347.15637307565936,1.738748907886438,5.972953076774691
25.56861513521152,1.482400202343964,1318.0648886191104,1.6828482454772422,5.924465342078189
20.931795239906695,1.4499454228140674,253.2033566614902,1.37732207025931,5.510473786865569
24.758964597067543,1.4686730341369476,1055.552679796695,1.6607771044258997,5.815617283950618
24.702544852360415,1.487989139192522,1317.035507427874,1.6652775966472244,6.03550507973251
26.83470726062411,1.432401639219432,336.3534291649647,1.4254683189837896,9.192553793139732
34.52946274274648,1.4140393414118635,461.2491600168192,1.5403297195091683,9.320792766257652
23.75225388722586,1.4679643924579744,490.46817359701055,1.5887046245573635,5.944715099715099
29.17396638134635,1.4567382875234465,179.62847939999438,1.5039074513754895,7.958878922325103
26.628742133689855,1.4536623766774257,337.29411387704465,1.6452257621404185,6.236384387860082
21.865344776590323,1.4992511566782638,346.6448780798396,1.459599413210354,5.3494241898148145
24.859901964674407,1.4828700731540685,506.6246029377388,1.6073221122597323,5.3787117814429015
28.062005319256077,1.4488988151635072,182.63483842369607,1.4330665979929629,8.882050440762958
20.94968789557489,1.475867981903254,218.64460850224228,1.2696523371982953,5.197862172067901
26.41908124459059,1.4696451291622286,342.3299666284599,1.6984189075521656,6.075869617136978
23.533738409197717,1.4721245042716884,505.6788971876152,1.6162341645812843,5.606491608796296
22.214651458689627,1.4943548007088634,346.66666666666663,1.4866411885009072,5.358786811985596
20.8741861752481,1.466874774226559,389.09042725188,1.4393640879955942,5.311376993312757
29.10999499993437,1.4570533656631963,373.5272609891896,1.55506011967791,6.445305587703891
57.953583719327625,1.3910705691070613,818.5304863977433,1.6652603723451784,15.39640533269457
24.84704236394038,1.4777471557349753,1332.2400779569673,1.6652276176319776,6.108508391203703
24.561125036269324,1.485916996468812,419.4254176766073,1.5871371851175402,6.752031142832648
20.88603800161701,1.450343725418639,234.75321931764148,1.331871379879396,6.10801384066358
48.85950161283075,1.3881435211015134,667.8934236231042,1.5699950741665274,12.651843932681375
57.136494842117905,1.4121291776512266,875.6400801734217,1.7582521946286749,14.662960819615911
26.817608441249952,1.460671414199472,474.2675666204307,1.506454550113169,7.387365516819709
29.131809908360133,1.4545831187391265,369.6963673981834,1.5001670792447532,6.525096557784638
27.175133127213325,1.4655555139549905,330.10068882287254,1.6251738279408643,7.244964335720918
23.00432123974165,1.4546331702236437,494.86363005958697,1.3789481037421465,7.440449053768681
47.030904345862304,1.3911782726642046,588.0412786113322,1.573962450393214,10.265932891811834
29.146559790575925,1.442492812006988,389.9112197251184,1.519581737162118,9.073495563271605
34.672443998365516,1.4255226414940938,468.4767089830055,1.6170570521316214,8.615570900344322
18.042646527762525,1.4803944856005933,156.09585752823395,1.4217459984243266,5.957977706128749
48.69687592323565,1.37628616431147,1058.2748888328551,1.4995812735259904,18.420570420297754
25.631160954235465,1.4691220511327878,291.39517791507626,1.5776838800031,6.374374079335016
32.231508374551,1.4396080031831888,455.2669370479569,1.4177648729956924,10.674396540637858
10.814533458754653,1.4950988520172668,304.7554810569592,1.0916670828042123,6.539461529982363
29.852375595345908,1.3982903636332211,436.624644327289,1.4259020873661044,15.557085262345678
33.72350787996748,1.4454032676411348,440.7552701112433,1.458332697904991,7.774425729640459
25.593140450956863,1.4535134258892897,393.181517032425,1.4296677010592376,6.669946630658436
25.286317575518535,1.4668938981022046,295.7135961964167,1.46826094041919,6.084253245279593
14.435208344191734,1.4837567167787171,209.65107297302944,1.2351817422231746,6.534972380050505
31.13728685171642,1.4541273143732705,348.30807500823545,1.4535567992092806,11.765900688014405
22.337185840751523,1.462628292757815,203.4610886165169,1.27349560558923,7.25742299179662
22.696771428929164,1.453279147201194,287.87854695927336,1.5567592229821132,7.104521254208754
12.191123914865486,1.5162143564580912,321.32026018123713,1.2670002776641285,6.043537969393004
14.882710510571098,1.481882161284385,193.79464933458055,1.2429063252640975,5.821871334876543
27.07349308636499,1.48195479801596,306.4058607848957,1.6994571863731045,6.3419020704732505
31.77615275758395,1.4516288108251163,410.31202409807827,1.430442816993279,7.676241198881173
21.918456664905555,1.4975781487454394,313.8467916803924,1.5208764927194165,6.106870590828925
25.211834949107047,1.472194215920086,273.2323000329419,1.4315018416691343,7.724900977366254
14.047340603225797,1.4813320052651897,192.55357920149672,1.3592827339610514,5.8352763913001535
20.17185610415143,1.466335338282209,192.02169200160364,1.4810945272256757,7.632094907407408
30.61681668755104,1.4497789157447074,432.093727791722,1.4722708152618769,7.1039722222222235
26.232844617951923,1.4733664723071336,305.01821108824646,1.6711104274200954,6.461333149404249
19.183143022831857,1.43943075073412,148.1964123603481,1.3897952887806104,8.060271387924383
24.93597659326112,1.4772774055377076,257.3838569117925,1.4803987810734327,5.953737622170781
27.83250881000554,1.4554423624315591,416.1689799639331,1.3566715063352224,9.069571116255142
45.65069321052901,1.3860421336871651,966.475780999916,1.7262421226218976,10.236960199814142
14.36254258465617,1.4906865066326056,177.7777777777778,1.2246726365928595,5.599631145282188
30.11811139583481,1.449429958985485,387.60929754272,1.497846611087484,8.235768561932977
36.41798486708196,1.4097263001072335,481.3261711417792,1.4235752560927235,12.67207713293651
31.1753068752672,1.4452040670150814,409.3555757996749,1.5503706876553502,8.307805285493826
27.041103145394807,1.441801009724761,468.5173578800743,1.4058329706148978,7.609262838852273
32.93148330745903,1.4364116549417536,481.0729396885747,1.395870397219832,8.011123201948958
34.307427269558865,1.429371962151696,477.859775793961,1.434984423211742,9.22781367418143
31.76185338004609,1.44465114842481,410.877482130771,1.3733148279336709,9.72743077703824
24.573827754178488,1.4678860591617997,254.10073126182465,1.4422391176083114,6.57543785824515
26.56079118057793,1.4187466758369538,548.9750406160009,1.4408813479357936,6.387078010688158
14.486911378349118,1.486473191058914,177.1947849414735,1.31796886896735,5.9725226980452675
38.330658268531735,1.4203457438664129,431.73692649976914,1.4521534442478363,10.415966917438272
56.66797862718573,1.3888612044849395,920.0,1.540968343294149,14.34264859853296
15.738943399249983,1.4696674114633943,175.14595126152477,1.3313614652827113,6.810155858169367
36.07120786373385,1.420047493596375,1057.4604908764295,1.5158852400710148,9.16512210069888
38.15529906860617,1.4156954181722503,417.0823083138096,1.461221593525078,8.944510513117283
25.2600035654091,1.4566719966878838,255.55555555555551,1.4658697334304869,5.964199830840457
21.514786672159737,1.4944392299622171,377.77777777777777,1.458039297669167,5.775859237213404
13.885852123327968,1.5116826967070969,268.0345069513074,1.0959717216182494,5.265379464285714
17.416863733374136,1.4588750284103251,212.95749525889485,1.2307649834795786,7.079545993165786
25.04860018201434,1.4528542910794278,256.15716555953026,1.4865638738571805,6.15462279040404
32.303224252343746,1.4447361397507947,540.3813994934225,1.5124824440592866,7.661803184778267
18.54495737867444,1.446683989813612,318.36184090596504,1.2261485142012074,5.522512297453703
58.65318973697237,1.3721731169895472,903.922463350163,1.476938958901604,16.720328723764155
17.53220109703923,1.46936794187805,174.29545832154338,1.3638830273926852,6.69919374703229
24.31981934899499,1.4034610876333344,421.17900451642146,1.4112700774967997,9.87020436814129
21.74200810923756,1.462616229359628,291.7921908195685,1.5090066035526408,7.885476741622575
24.830735817723895,1.4703791651256282,261.39098102995695,1.4818866952858518,5.840953414351852
20.193270099645986,1.4992085190319948,324.281928704043,1.392043814323224,5.317606738683128
28.05774357524346,1.4570784556490517,526.7973547143405,1.6608927604389412,6.137699749228395
17.263328331248356,1.4650395658261863,308.51939580990205,1.2005521375455803,5.4513875385802475
22.816617931409425,1.4115087616860869,383.8927886595916,1.4097530921488062,7.5183472773368605
10.467435573298175,1.4919698719451304,309.6283351894725,1.1746705810669356,5.510584812242798
20.40714773705225,1.4814785178022432,330.84832817364804,1.4362574352264756,6.622062950102881
28.149792810691658,1.445105128024088,347.386083768265,1.5014776384539648,7.947797016573555
18.758599720206295,1.4514623139926708,151.88977302011966,1.1707292036121144,7.020276706104252
22.693821459093545,1.4658910128297766,237.76328780851136,1.5400009361828326,6.420097415123457
17.930546612330765,1.4440756296934516,332.84689377299327,1.197663382002233,6.661213831018519
45.73281138705631,1.3987396911372318,1307.6714069105326,1.5841466173048406,12.91198660452861
21.810991669789697,1.4826482274929749,241.04302441321937,1.472758485598689,6.142204447751324
16.342091582908004,1.4751049205898965,184.3553768873608,1.2924838456449852,5.897145061728395
20.359246351732903,1.4880215033211153,365.439875064867,1.388657816030071,5.468409850823046
28.10855862963085,1.461782270523044,528.8006587003977,1.6948444078647666,5.6780632716049375
42.38901187561045,1.411960680179258,654.110816127852,1.5586490875043055,10.221883804699583
29.853219622526176,1.4235455689084349,567.1182628505292,1.3200415373723002,9.894619559506204
30.955615187056555,1.431155779886613,316.928114573752,1.498778707520867,8.586242883680544
21.616203073034058,1.4971989215680324,284.1811838246952,1.5098835625873923,5.520373424639917
23.681369554917467,1.4210179261061433,391.84061514013456,1.3932300362084935,7.7168591814468765
27.27392987204559,1.4541196768792124,337.44848152733624,1.5362517639640207,6.905904007744365
27.84905720994149,1.4814080663802531,522.9139749810951,1.7587864149977548,5.399339726631394
22.20460019417616,1.4631369464347006,276.36197733245086,1.5025440592432158,6.985921987525722
48.4702313064655,1.373846866710812,491.99138334183147,1.541721464034848,16.951041744869872
28.48580353632031,1.46014859788738,533.92626426951,1.7087735007796676,5.6707804060571
20.871289158246373,1.4870503857568813,364.281928704043,1.4476154836991508,5.750897794495885
28.478915746897027,1.4652366053130064,524.2542220116563,1.738068014918677,5.81121624228395
21.596225169029605,1.461091139103771,209.1163856460561,1.4269293145123043,7.822995595421811
25.671269589905148,1.458734086326245,457.9188553331075,1.4901077700387075,6.989295837700908
26.86827546376786,1.4469735288355765,323.3632525220796,1.5193719195231603,7.710153201615595
25.355305276623593,1.4693053798093594,345.3640281144247,1.6519689276651184,5.883371696906863
18.367600855893393,1.504743516234614,429.92510117839,1.2862314466026843,5.663638117283951
34.31314108328538,1.4293661819495516,422.35189851949053,1.4978386322234192,8.276442258230453
28.903240668322702,1.4639826618756917,517.2588984322124,1.7566818123239376,5.590695301783264
20.737371704507233,1.468273954042296,309.3071870291409,1.368811848222906,6.0248416601864045
18.24394919121084,1.502383243162994,343.31699189321307,1.3534487973692493,5.8354773233882025
29.200045201921476,1.4442920724646573,567.0942807673771,1.6710874821244366,7.210533070505401
46.36122876811647,1.4003404925574172,547.4939257659521,1.5379396458503545,11.64992095838696
17.652002044123524,1.4649494625879662,437.9521699430793,1.3298487090130533,8.763573407687991
23.63860095379076,1.479915796378337,433.2159555433423,1.5639808524297107,6.862800604423868
40.394905235150226,1.4175184630884212,832.278436911968,1.388186130601806,11.15903464988426
28.503785899637705,1.4537354511043572,1484.4773656048214,1.5014447641824191,6.981495949074074
42.55396816525649,1.414068677282175,658.1892231984664,1.5487763068265157,9.864483336301046
27.948088195707296,1.4148605028575658,487.2220295371706,1.3421534487636295,8.304549682784636
38.67818190826664,1.4221886785049216,857.012051926411,1.5595661332611437,8.774992985409652
29.464341645440207,1.4524854718916338,432.5216534416712,1.5279503151145115,7.158350694444444
27.067832762072147,1.455201321581463,347.11719517098913,1.5758284864568188,6.875843473682015
37.78947367366717,1.446853575495071,507.3014392412195,1.4806070260037447,7.383139742418244
27.87075264098566,1.4132662383972054,592.9563756439431,1.650914542627499,10.901480344741657
35.92967931649219,1.447563520229044,548.4034523644972,1.477828674658875,8.093575589088065
22.7290867737002,1.481784045083732,1522.960868273733,1.4371179558005902,5.409796626984127
33.36623099386056,1.4397915588118015,405.5647122061038,1.4831213441445434,7.9983693415637855
29.331974553962105,1.418561766943245,408.75799339447696,1.5325928382390208,7.130554857120051
30.58626734065866,1.427525189629405,269.07078015064263,1.3828988767967345,7.68044212962963
18.42045163382364,1.494547408008862,870.9720751921346,1.2664118549385777,5.889838766718107
39.87439132952649,1.41405942471017,655.5478789545929,1.313177296843025,8.786393550668725
27.428021133297225,1.476060729136716,604.9009445538061,1.699286503133415,5.4993229166666655
16.496676366156102,1.4705487009703746,510.7950024012361,1.224401321847457,6.9395694444444445
34.4413740769248,1.417165281938686,606.0965774657254,1.4153430387374042,9.033513971560849
45.84657500390168,1.387376555451126,556.1640557235498,1.552499823420166,15.10854642489712
42.11471023833321,1.41383492098019,618.7711064308888,1.378065892820364,11.37791436118969
30.413354831355164,1.4489287125828338,507.4853921185504,1.5091223547182184,8.121429737028695
16.841167092208043,1.436782057164235,137.75939597409075,1.1037537977194671,6.579254023368607
10.258845480191088,1.429248391920459,193.0221366599815,0.912665053674829,15.320616126543207
26.82786357410052,1.475805462537791,368.537922772278,1.6127548670187797,6.337760499864613
27.41946796909958,1.4571154254578371,509.0602061944619,1.561744087614651,7.350688386644421
44.88833416273715,1.39631044266253,564.0529998274009,1.5888658574822814,12.190542578563411
34.24046163776113,1.4349071222993974,409.6270438897647,1.472438024558387,9.098281491126544
20.606687159723148,1.4661841046410264,301.48083426140295,1.4198774407704255,6.209194725028058
35.99152349312463,1.4170099104292195,1133.9682527027371,1.3705615959481248,10.87704406415344
33.13159055056103,1.4437801681987952,392.21314157465656,1.48553058326033,8.619252853482411
44.23244481434625,1.3766340828987809,581.9088224528903,1.544859243622261,17.531492760832922
20.563891117743104,1.4782919300780268,537.5593525057494,1.428331349979051,6.33790485146605
34.28968669203272,1.415425560643654,420.6240481961565,1.4035139320174594,8.063033613040123
9.94144222737158,1.4630628925167717,187.12077376671928,1.0619410429196978,7.875820280349795
38.52354097745798,1.424276616196203,1173.4419224784494,1.3840589389451867,11.011831900352734
20.596008599236235,1.4720644541223216,269.65104546951903,1.3878551807826174,5.998842753343621
23.68289129810076,1.4572042339813482,280.4214312230561,1.5862967230900278,6.7642875916280865
35.11992258943357,1.4186302552878678,604.2076729960063,1.439815211859986,9.302519772376543
16.230712896918277,1.4590366381979674,137.5744656647773,1.1627908355578889,7.205818568969611
31.767653874514185,1.4528166531828444,356.0026494832355,1.5470986790749706,6.247869446051955
18.869808199226327,1.4627554710222672,867.5803106781486,1.2111404657119706,7.154315361368313
45.72103163987577,1.3880038178852168,523.5553482710407,1.5036347331169866,14.802101176697532
30.08008905867241,1.434637209298696,488.2722721307985,1.533599476439487,8.73482048128858
33.082021986002275,1.4309406756951313,512.1988303338792,1.4016067230258606,7.894263937102042
35.796776483858224,1.4004775339157591,1145.102056759647,1.5852048384927209,10.284421702404158
19.892030190382144,1.4787411000820858,266.6666666666667,1.350281650771114,5.506665219907408
13.648472852481834,1.3949355173094653,270.77018752058865,1.1801768206167491,13.384941165123456
32.73125082111252,1.416900468685871,1069.1851330476677,1.520990771262355,9.231717391639336
46.454536229645704,1.3983339510918678,1051.9239530144132,1.508633514591423,15.396084122886434
27.60254138303993,1.443828771896556,380.7171619354358,1.4663253505464966,6.838383625440918
27.79929327926834,1.4496513649513962,373.6242740723088,1.4724371485276075,7.160226675298179
33.68678644524587,1.4427557711569825,336.84332516232337,1.4906551609950995,8.071341179319713
23.27674793126691,1.459738738676062,326.59919275515193,1.5386564346310825,7.365467125568553
25.254662935620814,1.4572860928433888,1136.0269638490834,1.54978747372938,7.423288494513031
30.772758828549343,1.4450034870576576,516.3131368171607,1.5178240236829916,7.2399723260921185
34.682525599394644,1.4308108915524589,345.0767943626054,1.5675565792357455,8.403346682098766
19.929310282308872,1.477942380442599,244.37129433613964,1.3421881866244263,5.835690800754459
28.35476851434803,1.4577946691185646,448.74841515251626,1.5626187456234797,7.762107185273053
33.94338048786804,1.4334593947937595,438.4930631261878,1.6118995539439849,7.271987043467078
23.197821249248427,1.4668471639932672,237.87209901559663,1.490616788078888,5.8457692625661375
20.091004150468414,1.474376535657478,254.97474167490213,1.3388725492146991,5.6218492798353905
32.13353708538001,1.4394400805159084,520.9840553210579,1.5753024810568683,7.0265731095679005
23.333580942420955,1.4854190252755042,236.504258730956,1.492606765993573,5.437654320987654
16.96187296883825,1.4819887373336262,255.1632621860973,1.275571138613156,6.16466595936214
42.558352586360776,1.4112108226367466,744.2759495257211,1.561725979199991,9.741205507687472
32.07749460969581,1.4563239123829348,334.5335698617307,1.5508905173058851,6.788357767489711
22.648795248046035,1.4756516341140635,245.99924778131103,1.498339528752222,5.980006803678679
29.768586930149013,1.4494468710434054,778.8568265249149,1.4919498049943014,7.855876297699214
22.339588824818787,1.4859565987820362,293.5177094934204,1.5238393800885426,5.421634087791495
27.47568921897883,1.4584564308217172,369.0178761377203,1.4773591863596989,6.296219932269294
22.572745303100437,1.4639918809653398,320.71895215391373,1.5211364815008674,5.848681327160494
29.325836630160673,1.452951265697458,425.4301195458979,1.4484397591387703,7.763396508487654
33.76161089035573,1.4378114288304542,627.4157057521987,1.621197554132564,6.8466767250881855
21.975855889171537,1.4920709067866624,294.65359351457045,1.486533203046604,5.333921360596708
31.86273457171892,1.4317754351829264,322.8010944426401,1.442577323724719,8.509894079685747
15.944405461180136,1.4701799853718631,236.06901390261467,1.15068464454054,6.38001102292769
23.61385397767429,1.468965545724224,290.122917440058,1.5520481937512414,6.1164829653371315
44.49322281913989,1.4073169260739742,640.144839562883,1.563688330182993,11.225752085408672
31.79931033609174,1.4488773497164176,328.6258096048475,1.5598823361535732,6.544442423574367
32.61435414098176,1.4425477698327518,467.45630902072753,1.5214356208955546,8.800815558862434
27.186116743865433,1.431081673479722,326.6386527693177,1.4679696062594871,7.271283494668911
15.274185229614172,1.480745151203346,236.06901390261473,1.2051962508758431,5.87508914792769
22.484287102400614,1.4753519106469632,289.43602500274517,1.490652233725621,5.59909897038966
29.57072909797946,1.4475769274897696,841.1073563462925,1.3946416566856428,9.327541473765432
22.686744783582032,1.5036000132795526,260.2718308896196,1.4889527721061404,6.030462587877229
30.028201304029437,1.4511428255171746,417.08154366950544,1.4703955720051454,8.46289840721135
36.03648638827713,1.4169145010191693,546.6666666666667,1.659661163278767,8.593018810823642
33.44478858232585,1.4418254459642394,456.3885116815895,1.605464165342832,7.50913113222872
28.79326129499711,1.4439219849353573,374.6552733602555,1.4888905628290934,7.076429616288243
23.255783257034608,1.4900432646033153,465.818022099245,1.5448546941070926,5.771744621459695
27.99066592350949,1.4427487139418256,866.4018205051219,1.3792077867248151,9.236627775054286
22.46048476641229,1.4934627245613363,278.67902070248726,1.478257705799065,6.112554615162036
26.605738162421098,1.4374582588023364,321.46896913787174,1.4385539435499706,6.15566521248813
32.624935251618595,1.4382785259815356,441.8135544250058,1.5765941757496091,8.213592423804013
22.787896608849454,1.4672058940532016,300.0,1.508742621714414,5.483758359053499
12.282430946104713,1.4700070315011062,257.7196915428368,1.1532529327428316,7.636556391460904
31.53246130332144,1.46431537438139,320.36875232017405,1.5657609198201787,6.7052761702674895
22.810598651369254,1.4371924414966453,484.645712688367,1.448544532692443,8.561719622648441
21.79873027009936,1.4688904123012358,247.08792716028483,1.5027135049713067,6.036947820216049
32.76220974826748,1.462442973951632,438.7720743987188,1.5883906568819133,7.181748408564815
26.864764280418846,1.439267595549873,321.4235904000567,1.446299285535214,6.84944241898148
22.299073477998103,1.4741988044293748,249.9374384677264,1.522118029204836,6.772467482363316
26.704480350233155,1.46586867645759,402.3153806965829,1.700462134569497,6.44651541456229
32.129038494369105,1.454674137004848,299.2566703789452,1.411214571474928,7.7188934603467
31.820296871403603,1.4424993837773388,467.5750816534645,1.5626579909572729,8.698659456983027
22.428311455115256,1.4742200108682657,323.4612245332586,1.5259075629971632,5.794130979938271
19.8976089185187,1.4680926085570063,303.736191632339,1.3818267678047873,6.229797212577161
22.386420342042836,1.4877331778319456,490.46817359701066,1.4528404854473342,5.468173087522046
26.455377315926565,1.4873309214835355,434.7975813077067,1.694414779078424,5.636696164480451
46.531103893721294,1.3800543491489716,732.2052587567725,1.484747787459831,11.666436251733083
78.2053138512068,1.351866098178304,1253.341574380357,1.6123379247773573,25.59248195526576
22.8142215232594,1.4786965399031995,244.60044652075212,1.50766040767732,6.066432842813051
21.87356075080521,1.4760659345238156,304.9361142046765,1.4581014452505678,5.6398565641534395
25.69615979974188,1.4388091283136757,315.92348125613364,1.4312553329150128,6.529109117798353
26.526087865044246,1.4629943450817564,458.2271170368016,1.6468292203867358,5.719810474537037
22.853833690162514,1.4760285722208102,326.6386527693176,1.5692028259861548,6.064079861111111
30.93488875647741,1.43910277726601,507.1030931038931,1.577896673697246,7.008392424071466
26.608475388201537,1.434099325344795,319.230320761798,1.4627799685451064,6.427294560185185
26.355493052621323,1.4710154157324749,443.9462128785953,1.5552852371169037,5.55345228909465
91.40545709026212,1.342910488920441,1089.8949105575066,1.6529668863249665,23.44357796018641
27.126708434441063,1.4262220131050591,954.3891294212708,1.4289565071497226,9.230153534833708
16.112649322777425,1.484774363348184,356.47513922553577,1.2762075540525006,6.568096478174603
22.65065662932946,1.476483452965948,387.5148269587213,1.5190795418023264,6.089024198952242
24.31973663126316,1.3943558732405792,608.919504338877,1.395845192723618,15.230576292438272
23.301299641367436,1.4741102698673745,303.7020856535074,1.5476215039308334,5.804151877572016
66.88199530154532,1.3749809104145574,1338.9767948431763,1.4591621844473643,22.065571523491084
25.885457934374255,1.485505004766439,461.45159974736777,1.511344243682879,5.565246141975308
56.25230142061505,1.37872036520479,1282.5878426741046,1.4539148547367888,16.833264590347923
26.09809473137724,1.4645938765089224,374.6120357680431,1.4899509632597636,7.317711041369895
60.29233220929786,1.3755153608208144,1231.572935850151,1.4129679790603786,19.688375530478396
22.15644842066943,1.4830518974546985,312.0145352736918,1.5432617638213009,6.126367801276657
55.37803975394254,1.3816593763453595,745.8991491629591,1.5787478429297543,13.637734636720326
24.194290943557313,1.4812216431218344,305.9343392915967,1.5333281541078692,6.452167124807099
24.799782945998135,1.4884824281386793,422.2222222222222,1.605197584740354,5.459487020502645
55.11125470354031,1.3813308954175088,1455.5505475555235,1.4207099834807684,16.983603997878088
25.623309888735157,1.4346721325230851,850.4560993314384,1.418537070848347,7.1253181584362135
22.64237103373919,1.4514452559938538,359.252758179296,1.5946414555774764,7.031895640432098
22.960876580681138,1.4312294953895563,359.36148877546674,1.3513027356277838,6.244747620884774
70.43481810551523,1.37802867216698,1291.4641355368617,1.4022164599324622,21.181293306327156
25.10542582749304,1.4800020824067208,384.8563091060771,1.5439780599483033,5.9923827160493826
24.126319320920633,1.476262618614243,1253.9549339460275,1.5298982640759728,5.886694155092592
76.11384479513055,1.3607335048500528,1330.0930793976322,1.4048833445212396,23.924722485269356
26.622253495212004,1.4463722436701838,332.9375638809616,1.4680895958701077,8.685337898662551
22.340734522507635,1.5047892134255292,264.4694196166559,1.50437917841663,5.9574236432613175
22.577636209820273,1.49205047247667,466.0013162970187,1.4986541266316566,5.614740668402778
23.40623717017268,1.483539891916746,322.64236786851245,1.5778440621559102,5.583162271274252
78.14431010765556,1.3525055584562415,1470.8775430877256,1.4114110692795103,26.197945739638445
64.99110411210557,1.3629399421852355,1237.9342018032598,1.4464167454982286,20.143427851549394
24.05289886397717,1.4445905030784636,343.8571402149897,1.4194032659166769,6.530089343721762
26.193464863944083,1.4533122781962624,379.26851154490834,1.4974210203903855,8.019542477564174
25.21205196624334,1.4754243371163418,378.9477669363807,1.4918973091392325,6.435379107661584
36.50743971695809,1.4302617683047048,683.0963980317536,1.5459863679067036,7.945281427133387
35.226094935776075,1.394502042083151,548.9484560603146,1.5009096904348571,12.165450931815055
65.91113013375384,1.3724322814912948,962.4551287862928,1.5250766420741697,17.634319452499316
28.65271948743148,1.4397827537179462,500.90747434255064,1.4887229261538997,8.448962248120836
27.95134820560383,1.4655919330179004,416.5821811234376,1.5966975167370945,7.622748417169521
19.52860381895112,1.4835879898365292,271.5908916913731,1.3568124076537755,5.911544978137861
22.996105614060625,1.5044510155564828,429.82123829949217,1.5236157954150344,5.5025445280349805
36.23980787137443,1.421478720700079,966.5266784758576,1.4573286810255297,11.80617917768984
33.87396150367869,1.4310138361920726,556.2268257400272,1.3981833582553325,9.148139199674212
29.13685515806651,1.4426880507073283,410.0501165010821,1.5333371715436666,8.569399690023108
35.21472894329896,1.4300625764929604,551.4233042634438,1.5081553788058075,8.603570582731098
39.60569257463573,1.413960486098779,665.7739377532367,1.4781720468660304,10.981456271285651
16.141983434113712,1.498200634810866,346.4723602275131,1.2786896597317223,6.139861987934904
67.26749300119111,1.3638777806835367,1014.2590186157802,1.5573011334911435,21.550055196508797
31.10776045034617,1.4622977184345085,406.7767201136013,1.437753832099984,7.042578889687684
23.61570505779556,1.466806263696393,417.7068386268563,1.5453104872586634,5.748334587191358
50.70232403333825,1.3884255423321366,635.6374445303065,1.6183436253298502,15.831198192239858
28.150200322517556,1.4649606375921278,393.4696812393053,1.5910220903279972,6.8755770434881605
21.354535075432192,1.4806279212958982,263.37820711960643,1.4103062482066062,6.160015324931412
28.066334815747737,1.4397726929336008,503.3197109489585,1.480719287221523,6.960227400509794
33.520549905246284,1.4379026237299948,484.73603240722053,1.5492258477173655,7.735975274726326
22.82640215091413,1.4805498878428038,353.8548633447899,1.578116102662322,5.932381687242798
28.279950313886285,1.4620495745584876,602.7022429342101,1.498240209486824,7.680783991228069
31.763601963184875,1.4493876370890877,385.6204705239126,1.4059363324669325,7.514284972504721
37.51563766311701,1.4056365657190393,494.9654098987377,1.576183858967127,8.996566003640698
20.40452943534793,1.4778701241711514,281.8812986316998,1.4234119561264005,5.723775214947089
34.22468205144375,1.4425736139023555,444.7177258544702,1.4325514643356243,9.30767552525042
22.623282144169487,1.4781431894022548,327.09743585550575,1.5396762965917876,5.413072554976852
35.005759110273495,1.436081726808856,457.78045777454446,1.570769680328554,7.683593961799792
28.86746489106436,1.4569463677526122,601.7475419661085,1.4992695133027971,6.349620149911816
22.81616767248269,1.466878501885401,321.32026018123713,1.470541771994178,5.8682912892635875
32.19169634130188,1.419745723635094,683.4475258632608,1.3727869115217417,9.91477867262517
35.31577469682956,1.4238235740983347,548.366176058552,1.2717592772396602,12.057346294654586
29.173324434101175,1.4588187235223125,436.02165857074294,1.61831662481441,7.111820987157719
93.18846952553577,1.3447193330235283,1447.255489101006,1.595992988261094,35.29935363506671
28.925302556152335,1.4641560579061228,601.8461712712472,1.5280198449118776,5.762567928791887
20.566039753402137,1.4752403826865634,310.73183559344886,1.4099879077306927,5.490510866769547
34.40873417621392,1.4222570164076556,683.8953382293824,1.428888117918402,9.582281405132132
19.77792604976971,1.4710739744804449,313.57916821344935,1.4129329120324334,6.680124007936508
26.024663137962,1.447214336107788,633.1783518868191,1.4519293565458344,6.940042476851853
28.180239845631156,1.4564715212176065,602.1022096359126,1.484285545643648,5.808018229166667
28.686217732738363,1.456723739127349,607.7094220386772,1.4989283591904008,6.119396005349528
48.70795577645519,1.3779771281332576,799.3818728958823,1.6068421002534472,16.12198202069618
88.63719318341104,1.3462839558400084,1589.5070636137618,1.592197095879099,31.35220453960905
31.604378855060897,1.4116548928105468,592.344960153141,1.2316758049089358,15.059616192746942
25.69178970181415,1.4589446521855567,489.9120548803847,1.450214319894668,6.0645031635802455
31.14066863103947,1.4414325409654658,374.6286208293643,1.5058888820150331,7.982068965328922
16.60355949834059,1.4974904195324863,325.3051658725566,1.2694847868000827,6.098724371693121
22.757970846459035,1.531314877659444,336.2672448471936,1.4976704411471355,5.293323591820988
19.869980965702737,1.4703007819442673,344.43748968142074,1.3989038992851803,6.770630883487655
15.3678613288611,1.4863119815185988,277.36291072016826,1.2077058268288767,6.009874793748166
32.43637652854729,1.4299148693607855,493.84732051879246,1.5541595444112604,7.517620782109141
24.424499645519855,1.4704690203747854,368.6864671543444,1.560891901532797,5.988722856040563
27.1189155174346,1.4622419919158047,488.84675112977715,1.4746150317136597,6.816676613112126
19.79064450996449,1.4771242986803057,333.3333333333333,1.3896512369708656,6.168882481812168
20.141183762134503,1.4622084536780051,527.9118216326376,1.227809417694969,6.26470091540404
25.926164297523883,1.450490129065571,423.84511682252287,1.4423146151594477,5.758465119949495
31.77420929703879,1.45709803911399,335.5337669687285,1.4620803833113152,6.749585537918871
23.873059030440185,1.4667586430416018,351.0472456984055,1.5311205528893792,7.024362307098764
19.107017746863622,1.4685206731417064,540.4842462711183,1.2272043701966395,7.221204346707819
19.435551489573708,1.4830622248757674,336.6339837864261,1.386706119977531,5.904579061948853
33.90307592360758,1.420402496350473,546.1175283687231,1.522624461125642,8.74066885495135
32.96228398110506,1.4414898051492888,462.0968205826589,1.4715723847774067,8.079722290787576
21.13667647537143,1.4741043953646322,296.59535013386187,1.4321414845214937,5.608605645576131
56.419212335522694,1.3817287317554705,1053.1349547037912,1.6175035528323571,16.8793309043449
32.92947161862124,1.4346323801431045,343.8712047849102,1.4369729143414425,9.03490665723594
28.508370655579192,1.472585270998454,511.8262043667538,1.6951976453475306,6.4634894761659805
27.550028340135068,1.4537095954100387,453.5285133778924,1.4908401469990102,7.623335290713508
24.2974006136288,1.443952252401565,547.6142374915397,1.385520789969468,6.947235082304526
26.01845235580299,1.4464475170524338,374.47192871021514,1.4165130502389214,6.481795245328894
22.142317735716777,1.48087198969231,289.94524074686564,1.486636809229385,5.783221088927469
25.729368842394635,1.4505397479920672,608.5629088796328,1.3108871284628374,7.88149528463649
30.749936018855585,1.4533903534696757,584.7762337799958,1.4712107782721724,8.418287318346975
16.611020547834737,1.4766847011458688,247.61904761904765,1.2726933244516347,6.325780647183642
21.725818800124156,1.4792497605439898,277.2762801070896,1.4809072388209097,5.831365390011223
50.8403455399025,1.3949551032112424,610.1423129513845,1.650000611885262,13.857569826092966
31.898014735254197,1.462437088152437,354.8327068044362,1.45055225026085,7.633819444444446
37.731104126708374,1.431723586121607,572.4110126460344,1.4802093736196935,8.376750600703527
18.22013220557575,1.476964045881748,284.1035208539221,1.3568668314033807,6.9953891782359845
21.00924188670791,1.4851925635211485,257.1384438104805,1.4392095927477977,5.593257780349795
31.58868402704033,1.464458309529991,348.4873143384805,1.483752085979026,6.884816213156175
36.21601302232927,1.4308718227076194,615.3144335025388,1.5384949086362512,7.91532934670782
6.792014493197897,1.4328675668371151,380.2336377011749,0.9407757502764484,10.348733241705249
27.702653040974475,1.467846603909047,370.1130682024916,1.6337231713511202,6.871593747153853
21.413884470270624,1.4897804295984822,162.39027483754282,1.5105474622977109,6.385903527949245
23.485049656914512,1.4518439510448835,559.256418968957,1.2528198603133638,6.776507308813443
29.9486870236746,1.4696239196741263,514.0064781823157,1.595827530432525,7.300308883101853
17.043727030179834,1.4627357435489894,294.67116519471756,1.2857204778653313,7.040564898303272
23.967589574198296,1.4453220938220956,425.2816871057372,1.4412649493690728,6.547049431870473
28.099387819673296,1.467951735951517,392.9418011111331,1.6891862545194063,6.535392953593474
26.646269504747313,1.458424450975699,465.8846586823625,1.4660571932701014,7.46586293002589
17.437023125962757,1.461977112924661,316.4476454991056,1.342235561535707,8.706957196759056
22.155464644190932,1.4754010842541865,339.90856727933163,1.347420455603363,7.229145206381909
28.033376429507285,1.4562313093907857,458.403334232546,1.488047594538461,8.001269762705755
31.484027980302,1.4451519875433787,368.47721352604754,1.4060345009000992,8.53772643637227
21.839705902409047,1.5040490351280027,303.7037037037037,1.4680267205432531,5.729993055555555
39.93988788224639,1.4104925336813408,639.7761547888615,1.5170767043457407,10.248680985914502
22.09514116168828,1.4861916567925917,304.10798356714054,1.4881383469021032,5.814443479938271
25.53176964316043,1.4434688492825725,492.7115261278147,1.4215587484726493,8.523432105909922
22.003013415618145,1.453033960854667,360.275875100994,1.3238561955815038,5.749858899804276
46.17707288515119,1.3728229259306932,899.2967133723872,1.509779968894992,14.571119027481004
24.386045328110015,1.4641433183711507,296.6161500164709,1.5505900330319609,5.825725630144032
23.99893652016164,1.4716448165827245,297.9364101977081,1.589497714278375,5.786509130658437
48.9518325185783,1.401896243097729,799.4552474304287,1.6247604513992615,12.024471567320443
36.65402675909821,1.4180870054454395,504.7679983810651,1.4670212235782771,10.481089485044732
22.447459505117937,1.481577887350375,269.94948334980427,1.5129811954027892,5.600159786522634
22.082377065769297,1.454909319123105,398.3532219392916,1.33519929825983,6.577177391597072
32.62932191127486,1.441545484650682,363.5898921725396,1.4401577032564516,8.198027241201931
26.094217679320593,1.4677322939237476,332.66217976242075,1.5804724074654368,6.540759381298816
38.23824487720518,1.42468472740463,572.7121420403597,1.479335715246117,10.544404895361742
29.217319350324008,1.4617898167770214,362.97551078720153,1.4246143148844093,7.207287194865319
16.735828451436856,1.5055291960637724,230.99407093782344,1.2423491376796172,5.800469553755144
25.920831944415177,1.4705245062676071,389.0823282734782,1.6870719095278233,6.12076731016334
35.76540107921464,1.416741478048841,369.4761095084054,1.4855266237512088,10.121671626984128
23.809428404092017,1.4876946087382716,296.72106615491055,1.6229554574141636,6.741913258744855
30.51837044456829,1.445370624915531,389.64404600212606,1.537063967421701,8.139171129056042
34.072387830492204,1.3868286342876428,929.097532569192,1.5386288890350015,11.83315844936313
29.686190916267417,1.442876465487304,360.75027947656554,1.4989328371612185,7.115884314509548
25.679757495662027,1.4729829313350906,378.1606184881539,1.598315981224555,6.813245949074075
21.46545439000042,1.5081137395445985,256.61615001647095,1.4433067780549182,5.238215663580247
25.50796329785132,1.4608288054876215,495.1110074688537,1.5079506262980464,6.252335390946502
16.146867125466517,1.4640603082497234,194.63115173047905,1.2215780624499255,8.220182365859447
32.68272752071723,1.452061296053433,362.6405203624742,1.4529162536275126,8.363995949074074
25.58022141720364,1.463131798484875,372.35952224072463,1.6850723735984792,6.004147201178451
22.661124189901297,1.476634719696186,327.8972869491616,1.4908201798797815,6.399391672178131
24.478747293356207,1.4455994475687224,446.92816677988753,1.427258209290781,7.584830660273367
37.59760042376261,1.4131850228431837,434.5628321157062,1.4021683403722909,11.268650799695871
25.51633627606519,1.4645495582643953,341.77253604536975,1.612364652968925,6.114343910751028
19.518723341181293,1.492907721754701,246.4821415847931,1.4159764006900928,6.198973042052469
36.943553271025614,1.4314730534125906,390.12662740800835,1.4549485232096775,9.083865058550964
24.813405431252946,1.4660652594692765,356.6557723732531,1.4939441175864272,5.934831349206349
25.16907962973203,1.4647744180863551,359.9899437291567,1.4791289188886994,5.72394359016755
26.061919642300783,1.474629086241321,343.28631241037635,1.679621602558877,5.6732189926822
24.983177253298372,1.4696188084321429,286.9197644090584,1.6058543908780325,5.892953622482131
15.324790186678062,1.4840909821624255,131.47932544617296,1.250064921657643,6.371444492669753
31.998405191982048,1.4387657578204147,375.58549911742745,1.4036866894166011,9.668775717175354
22.29671619167026,1.5009841450362964,940.754157255276,1.3974647575156411,6.3350790895061735
39.42969777395051,1.4060649530263971,597.2549118488025,1.507701183157476,11.098780184920988
36.33456449194335,1.432056516267989,486.10239318009104,1.5149074058895144,8.49257087883824
23.252199203949484,1.483594886553827,250.47177714381388,1.5207147917620245,5.827770149410775
25.335975826047232,1.4736736540552158,274.3568523329382,1.6599873114969024,6.193715084876543
15.185163831307786,1.465208096349115,132.25094778450168,1.3169973983306913,5.913440031828704
24.107911194979433,1.4334040957119132,408.6010904515415,1.4201505479706054,8.168657946289999
21.434840632009468,1.4769594899614504,841.3413961029745,1.4616977262838309,5.670103309327846
15.376605769470096,1.4818207540272113,120.81611663248307,1.231028760776362,5.754692059483726
19.20540739421716,1.4948152436844693,188.5399169079651,1.3551315395486845,6.061503062307099
14.007470938938091,1.4386518771238936,296.2729438972022,1.0674688950848246,9.604891837522043
25.67734402141309,1.464144825025965,328.57142857142856,1.6661190717520171,5.560096514917697
24.1842513997625,1.4528173666388795,355.2990374199362,1.4738195179432352,7.062892661179699
34.755475222869116,1.4158756310144898,387.0160501939678,1.4737046477527904,12.101529575266552
25.052444389237237,1.4548353527469593,275.1131211800635,1.5641175709828326,8.235078152557318
44.4915715772196,1.4033755611745258,707.34081733195,1.5720038526153428,11.343330319251542
14.336582268286548,1.4842277561786863,109.8142396999972,1.1507907096597876,5.622278284143518
26.324236539157944,1.4551211814091196,325.6362574035224,1.6458597022602943,6.359447654263233
23.302983440685427,1.4769614195265173,366.80828302291394,1.4979889329739202,6.052329057355967
28.466655124658168,1.448143324783418,365.4444516985706,1.5169881950533102,6.352944437792678
31.32868305268216,1.4265021594516258,429.5112166316799,1.5753427807324163,7.790550978319136
19.042667278567023,1.4894327178982103,173.7157068351995,1.4208831693305926,7.862478918650793
24.29289069933907,1.4820647885358111,278.5353452498602,1.614510364968951,5.932122275270062
27.713353565364283,1.4592927320381304,413.6794442850916,1.5210535666690714,6.18396209611058
13.42034601100542,1.4652858456972346,102.76142374915398,1.1227888163259352,5.728007067199776
23.66630439375621,1.4602451946451198,370.52153001145655,1.518262860119423,6.047477387688614
23.56416723215883,1.4818635345187996,276.9514016268573,1.541107824450458,6.956466333061002
28.544228746105137,1.4588883514653874,367.5862503366469,1.5233014833540592,5.658468364197531
24.05466799364675,1.4600905791505503,277.214977237589,1.4565322063962822,6.869423395515613
35.004102974368564,1.436017129487761,507.2710572155229,1.524533309165228,9.147733510899007
52.76542173352281,1.3859972888601555,714.0388452585935,1.5619850993313875,14.416994105534028
36.939010924249246,1.3802002518857006,940.567574009568,1.4958977560224525,10.687913320821966
12.513862118239722,1.4805759842523143,195.47188059515088,1.1209608877172332,6.614750300068587
26.74360141246887,1.450937838278914,306.92703909821034,1.487341210152934,8.211291198192239
12.791493337979263,1.475364395660689,153.45830742654317,1.1798093135334762,7.4539586950231485
20.063960115829016,1.4677200775831567,265.42020870682813,1.3292276850366855,6.957474065500686
21.784116780648674,1.4313593120151016,578.4312901117263,1.317581201450055,8.335114293643032
18.934182872886147,1.4547363507338296,149.89679983333178,1.3504274524640292,7.450324749228395
28.381793528298793,1.4559283167060613,366.6666666666667,1.513454541658047,5.539691082451498
16.18645636065373,1.5071679750421385,190.4041553189103,1.2345906995446403,5.679345977132435
28.19390984626179,1.4482919286403215,400.8119711899184,1.4942286179731952,6.409685278040831
39.41191071678166,1.3974680384952634,704.6233830111645,1.6574758757129784,9.98701717493656
61.72679582943657,1.3646037106124935,999.4062231267368,1.6148481351761736,15.11979342708636
37.114988431551126,1.433638919594184,635.2896120105096,1.468956266324257,8.531635187480358
24.6971548889772,1.4698056746574817,256.38926732666357,1.430904619230254,6.095406263778659
15.129128728392615,1.4851737414643995,209.2730091524788,1.1904029191831322,6.377893518518519
27.638190779742445,1.4721958642329498,339.0341781526593,1.606189127088185,6.645520086618877
28.98623874811642,1.4326631445469773,484.232638297741,1.4509073144601208,7.926314837835832
33.40212860219338,1.4266699625349373,534.1634366439807,1.5445322656098768,8.730427436985597
28.55405986273642,1.4703705810528966,379.63861770461693,1.634999402825074,5.535706225045324
14.097703459793363,1.5179184571346296,198.9733772241506,1.1522807915881172,5.877911668771043
33.21090522614607,1.375389292658611,525.6010659931578,1.4848256283001875,8.048936806701478
33.27942294190609,1.44029674867173,463.1700037368083,1.5847294471149584,10.015315384514734
40.82184020868046,1.4008358142598123,844.7624766077483,1.4703064147364333,12.120326209766317
45.581511393874415,1.3752888110731027,503.8735588279308,1.372660813654777,14.985343799170902
26.291689684899993,1.4708670367658685,253.43622922913576,1.704279044375302,6.69388342335391
27.66315676765984,1.473346451074977,338.68161504947693,1.6859610971913002,6.214302793560606
40.24828296065145,1.3956308614885304,689.5949075028574,1.5833980295495966,10.683908772554606
36.28995498977716,1.400211957722409,566.8341105913315,1.588808642727852,8.287634329150553
22.33392863266825,1.4882071079308816,849.3315434307218,1.4967059178560984,6.382067074514991
38.28726372492409,1.414454657684359,550.4243584618009,1.487332437022843,8.073380930199988
26.081916291831295,1.4520982790994863,428.10725393641496,1.4478013285083788,7.173685202721662
29.67028777241459,1.4546520571521946,336.90160725336926,1.5454140941836616,6.906438078703703
23.30018403356841,1.4572447454806483,233.48818991067745,1.43059718835035,6.478722511574072
31.65759386518876,1.4545574146034983,470.2236404510472,1.5199162432704278,7.525593814087691
17.22077358642814,1.440682309384331,186.0521953337249,1.3169676860302184,6.742396964133674
27.048544007389104,1.4745176769834654,336.20481629486585,1.6934092771525877,6.025592206790124
30.66726915287792,1.4542575186111335,328.55545105899074,1.5325006136846069,6.853769367798371
25.68467693481185,1.4415490890470652,409.2327089376763,1.4322135181711129,6.729196178338301
28.09835579045327,1.4471014182215296,363.6360194656285,1.49887779417848,6.026925142074704
27.37383731363772,1.4722475238866422,341.1252350531464,1.7023775981422968,6.02774684468695
53.75359107629315,1.3948131434180857,520.4080340187784,1.4348652568819134,17.44070664857351
32.99865239204172,1.4485072394184637,357.5756158583961,1.5325949585084346,6.884675226720355
45.158413890619,1.374549601872053,492.8195527452594,1.3811955613225566,15.180911164787974
22.700746095326434,1.4663663001499516,288.2252981352295,1.429747846567092,6.341654808186926
14.50772358531852,1.4971407273989374,327.88043950733845,1.1975817779724924,5.921515078446501
16.940216850642837,1.4434486821293413,182.69169409842743,1.2327808659501864,6.330698642883079
41.258065301444496,1.4212330205443964,594.7002225040635,1.5421060459121587,9.138129040901717
25.047845072088062,1.43847240164801,1118.65536710229,1.4564367370747084,7.060221836419753
34.24136926937262,1.4409323734193582,364.3094966214149,1.4785435408147451,8.193473427601598
27.016152388011683,1.4504564029609912,394.9927917750389,1.5004289507505597,7.993461555918664
27.71120455084463,1.4721245094325217,342.3233510754532,1.7068800565761792,5.933517034662868
21.57910690877943,1.4560458333844917,228.9993178458089,1.322522301311905,5.257800374779542
45.993196326501014,1.368424896432153,481.30394565783473,1.3581894066866986,16.679278374017954
24.168659410984105,1.390604906600064,918.3336633845528,1.4996071081625846,7.539880561985595
33.720029910269616,1.445668263854644,379.50750986679606,1.4886019615224413,8.309082910666591
28.894341172730325,1.4240713930850484,698.4791959508148,1.4601835021510217,7.372050688509022
32.44330632149757,1.444108753256874,448.01687606476224,1.5451002174388162,7.339064181827309
21.70900320123511,1.4406188705093248,236.44058975653945,1.3194304250355366,5.612999453446502
30.857815287230046,1.452348446999214,405.6654464890243,1.5170844387983788,9.208470420597484
22.369002484904215,1.448202355768926,232.1702432434315,1.3156457268036532,5.523628472222222
29.248610669824952,1.3906918843032914,1005.1465833432704,1.464155366886369,7.648168563528806
26.78892308691464,1.4101027256843093,778.3294484834546,1.4573131150385037,6.702489776234567
44.68025508182502,1.3969176284700353,830.186066882327,1.5755895257464168,14.19386715481244
44.47558018580879,1.366453649488797,477.78507300098767,1.3952159659612315,15.041067761917011
23.683715146066373,1.4612753524809492,249.2516292958632,1.3620434934860064,5.461954732510288
19.769704435075656,1.428981158634642,332.98760729307793,1.2759669621976295,7.456394572585979
24.131126082833653,1.472464077724169,357.57535604323334,1.598196464721949,6.0118457892416215
25.77709963236507,1.4351942681200294,234.2353129251262,1.43132118524762,7.7821983416868035
41.254487420904766,1.4073679706996878,605.4889834784507,1.5382784799933236,11.562857032459585
15.709426259077595,1.4654326643796018,179.75638809643402,1.3917755222322017,6.271742112482852
25.828138289042144,1.4093610510681194,739.2727284474777,1.5078867321686198,6.8749018834175075
32.05096571452397,1.4227407042551243,501.1844635310913,1.4302339631804335,10.442076367298604
35.459648629137185,1.4196895219160428,638.5505462969293,1.5295559152434146,8.342708148128894
24.72677342802309,1.4664224383265652,358.8406492466537,1.554997894402787,6.3139226925338034
25.71973677966235,1.454266087032512,417.5914053701351,1.4407920995333157,6.030023469650206
28.760817484089372,1.4398283764669588,504.6295216689448,1.4896410822981747,8.661824634650714
45.85237890553927,1.401423743127158,531.9849709780135,1.4630904965375626,14.942863739390432
25.198689307405832,1.447414918489235,410.2081034608694,1.4409401410928282,6.203625371994505
20.131159172828443,1.437377712158098,315.1933253388444,1.311047291115077,5.3928790509259255
22.20777475355757,1.4671587676048936,310.347592970715,1.4599314701678396,5.895919855210603
73.5661171212295,1.3721215346415372,881.3862557281902,1.623362025252154,22.13940684691812
26.777718714467778,1.4634181296084223,434.9545439385496,1.6227639230341326,6.698148399758454
21.35582553508881,1.4357624496301549,325.60218888528016,1.324030245509529,6.447973411779835
22.91305106608433,1.4628772984881415,314.54521362594,1.4018065075665922,6.011834929152638
21.47521145280933,1.4442289515182218,315.2287572723122,1.3508969405985467,5.743279320987654
50.89723767993318,1.392976658242442,774.7249719953647,1.5426368017210832,14.378881688177778
47.569324423472445,1.3948356251298053,387.9209343466572,1.456110806221636,17.10662997091643
51.87573893546892,1.3966311113332217,739.208319809383,1.6983114204204697,12.776378254629844
22.070274516491672,1.4406672391471225,319.25199639698354,1.374323451219423,5.636031732253086
19.67206662837496,1.498810646543027,257.903539428203,1.3729596133485238,6.308835165895061
38.531650675981616,1.4336040951317195,504.1617372195346,1.5521890318836316,7.30934972264289
22.21810711886702,1.4413851219410034,323.15845244123165,1.363839012009057,6.272269804526748
22.82737339522848,1.444084574898599,308.6571793887768,1.4010355973772144,7.070926685120548
25.501953801515533,1.4320503978738903,350.0394960630522,1.41829280600846,8.457648811411298
24.8779125494365,1.4701361928689016,422.5248566412858,1.605647378568178,6.6563703002244665
31.49839769361383,1.4246084792575011,377.7587510099406,1.4657296437511644,8.181039951989028
23.69453254035498,1.4745194180364187,276.0258802134805,1.5267894050118505,5.758343406958628
44.6730368267416,1.396650358108627,689.7100508109178,1.4141072916017812,17.45413421792328
40.68581675801438,1.4069939538792418,652.9675687144116,1.6157537448061032,8.511923514660493
31.948038296148635,1.442406431732697,412.9502784510715,1.4552465490972506,8.897927689594358
26.957681098439615,1.4492062502135334,840.9911321144946,1.4450233084683588,7.083710568212324
32.056559884616235,1.4475957181458163,413.10742705242075,1.4708923177495254,8.627744502314814
40.696703838105286,1.4180408037833616,763.8874414836944,1.5447239741329426,9.646078068996111
32.60251865917293,1.4304126772560632,406.8015680687961,1.5205586804255322,8.333220818810052
54.1935668814604,1.3752004391511212,373.3687011254242,1.433363543103877,18.92015674383301
46.28722691246524,1.3938980627692386,669.456965382917,1.432307618641388,15.646343188145297
40.56179751109061,1.4087899531187085,634.2564189689568,1.5864211126664536,8.265139210390947
28.70557234591383,1.4566045198032431,391.32790376148256,1.533693775769406,6.067518429888222
24.362836009114705,1.422408792178408,440.3773874537758,1.5043585546063971,9.526099537037036
24.836728122467033,1.4319898123303645,416.6319697906385,1.432296891864954,8.609237869916486
29.004046744678178,1.450878209037212,393.7357299241221,1.5275128331287418,5.851888181584362
30.47184543066294,1.4519531407920112,350.07938542777777,1.542590409606184,6.7941925556792055
23.401549874748632,1.4568781253106224,271.5000802380618,1.3026953901518317,7.636805796682099
29.102756556699507,1.4569336104365556,386.6027440136526,1.523328160582983,6.157786217206791
48.73548023741218,1.3873147785109838,749.6691185575048,1.6248975086588269,14.871924952009916
19.445861007041092,1.4812827555713717,243.14757303333053,1.384056078522172,5.804868987911522
21.04627716510286,1.5066230423628122,322.6405203624742,1.4482258608331386,5.954948818170855
28.322631332124548,1.448356190679961,387.816122027935,1.5243703347852071,5.8354089863397345
22.51451248366604,1.4781049064341285,401.3793755049703,1.4843154806940129,5.6084814386145405
23.55031949116166,1.471787612903226,973.148205727598,1.5625797861511284,6.157800068587106
29.203072212010035,1.4152756771525548,701.0742784253639,1.4948142970954017,9.226211037068918
36.06638671164648,1.4312133656519526,408.2722425025652,1.4605765738203078,9.37367485978856
38.16244877528647,1.416301799395959,475.143154857331,1.461474439734819,10.87467925785634
22.03576374181545,1.423429240680388,354.4344839183795,1.413830513042331,12.265804285238076
27.75505471620806,1.4576629876613858,386.5139336361954,1.514621953071532,6.121719312628602
50.96604555315355,1.3911018056825717,373.9480435637069,1.6343302310766394,12.89161651234568
27.89448436383639,1.4528957736034347,394.49147240275664,1.4960174656412135,5.820177613175003
51.734820172870606,1.3822465306335578,710.8918779317485,1.550164287300865,13.03661908436214
40.11548177976458,1.3996407073864394,413.21507659085034,1.510258150847781,16.263263888888886
37.363774398412595,1.4234837106735545,476.03135072686166,1.4645856148731011,10.717459366905793
45.84076395079094,1.3977479279599654,726.7546675693787,1.5787659766180484,11.764198086425788
20.911526458478303,1.4878412299241637,227.98692684790376,1.448186112037656,6.242612204218108
33.56101790821353,1.4387647722191264,468.7855988504741,1.4005700685972726,8.761891610939644
21.226561196411712,1.4924639986062511,411.93190338815697,1.504590861102179,5.691153669945988
51.17490460908582,1.3788496497494998,715.6677358040861,1.537850019661939,13.386554783950617
35.00504441925416,1.4206641809339045,819.1042950997393,1.5850294057087562,9.096833298464048
35.22413470134387,1.4325303614232228,454.0441923399604,1.432486242976435,9.97778732131254
21.147565992957805,1.5087791933562935,350.51507581618796,1.441937964516841,5.421512827932099
35.367627149754995,1.427233065075433,814.6004564412603,1.579482980328486,8.255306719850536
26.42515387223338,1.4619000305963528,402.05107122884925,1.4771777180955186,6.195675958076131
20.51950671798136,1.4922815794656707,233.3333333333333,1.4441699602903388,6.397505722736624
25.82814116338327,1.4603491126327413,371.6101560360122,1.47336143104056,7.551519016846708
48.74880909340048,1.4018605361691543,840.8840003457481,1.6506504388081178,12.781916367145683
32.14917996543313,1.4319318520973066,460.576121044056,1.4841903317875056,8.222801821488025
31.499835304664124,1.456416493108022,459.49908596440935,1.5876442596818898,6.231700606856858
32.94964622102333,1.4349105551396184,454.4793828888399,1.3920604721669814,9.562229751592987
33.12293362924208,1.430426090961397,458.5619403136619,1.4239504812191688,9.707673201597864
31.38320818466283,1.4447499734077118,430.5489901814903,1.4719352734356563,7.754877247492945
31.051068229219155,1.4311924138343024,807.155560387306,1.392962417779022,7.485232897304851
31.4451148517179,1.4536468269211609,441.97726547689433,1.5760476202319762,6.020534803116289
14.445170879389446,1.4962165745369094,243.23260623611145,1.3559603698720408,6.734156057098766
50.27690069347083,1.3884216539988232,796.3915052919531,1.657523564211148,15.006196442487663
14.520130122981437,1.4733348396737194,310.50520989402014,1.26673717053644,8.010577417695474
40.81757214551096,1.4057693826197848,689.859627118172,1.518779957657483,10.224226489686874
28.272067423720237,1.461727030234074,371.337691136917,1.5571686372196794,6.8920983501006585
30.6507555318248,1.457957916359322,397.6070406937915,1.50937202061807,7.433128221574435
37.7276803041374,1.417119600041084,906.4075065559732,1.5471127274118122,9.037927117503322
18.514030726993976,1.4789515903585446,192.05981428651157,1.3382522289635723,5.395877838403881
30.39548142698906,1.419443895543191,347.84403246454013,1.464490991842683,7.480537075579933
24.854462770122623,1.4777309072488385,403.31050121192874,1.575509458847125,5.968818479938271
21.268314849825945,1.453361960934005,381.8173787531334,1.326659853075849,5.701167190255732
26.77133853017657,1.4624786026174317,384.70511199111695,1.5059274644492535,6.827644875478927
29.060628813304685,1.445702661909645,359.7497133890299,1.5107509589477246,6.413156528924758
29.77592049332198,1.46509992336308,300.19523450445956,1.6439817344999297,6.132778018904321
19.4145051650874,1.467968393912746,348.26404817255354,1.384525533871701,6.623025568181819
23.664658119949607,1.4886777610033777,329.41745946583643,1.5841606873531944,5.919750675154321
10.483488970770152,1.483088232812822,144.1674560005502,1.1123247302634542,6.14017248585391
21.405346588670422,1.4652892527333168,376.54492990500694,1.3953004339126474,5.467308449074074
18.73417350944807,1.4545382923465846,401.445960331073,1.3323047484991062,6.169328466405284
23.93262918580531,1.4910505653359452,374.8910865503048,1.5635489663909752,5.614830005787037
23.9750707119604,1.475122248479676,326.20679281763535,1.5405705245698649,5.468818257359923
23.792695317868255,1.4967779053496633,366.38950815833175,1.5531871497684289,5.3597999614197525
22.109130631283943,1.4654784296397436,375.23010487356646,1.4040092377608804,6.274641180179163
18.967769895648924,1.478949366407492,386.19967647433265,1.3559466077523274,5.992134902263374
32.425310630595824,1.438623043909113,415.8107096408005,1.5924944106460095,6.6619621539255665
35.29860538210165,1.4390508545462766,430.1794520988208,1.4832873460089084,8.135924267511044
23.533818857106464,1.4851352240577185,263.07396652642944,1.5915782772011184,6.496772486772486
23.84371316114188,1.479789591654244,324.281928704043,1.5353174210175922,5.693638760288066
10.169430697588268,1.4070375732202856,145.80463883191626,1.3139431292817356,11.681312003968252
42.78755476604406,1.4224162265989715,715.2051262530157,1.5700414067470534,8.980294101129083
20.939980949657254,1.4735089786960782,322.9248534796319,1.4147297444749585,6.588979107312439
24.08737705233853,1.4137624725620237,378.2622823764316,1.6007334363964287,8.415953451448244
43.70439235818951,1.413669918103707,292.4485500273281,1.544430537893631,10.827773196373458
18.723489803965467,1.4499029502153924,399.1327829977668,1.3294734610521093,6.602978946208113
40.75637616413566,1.423902434997801,367.95624419506896,1.48967150155087,10.420020392416223
23.450952453489357,1.4874922106134556,295.47236134592214,1.5978339607974867,5.998156863150352
29.402471703415745,1.4411803556867733,330.627447210378,1.514616193883671,6.682370317760943
24.01405343264825,1.467464463050716,360.88776922382,1.430090488956266,6.230095597400285
29.205467442129617,1.3934220243376092,291.8133655028251,1.3169486781399802,12.50356460813492
28.008328316500496,1.4531742356993338,391.7166815520512,1.420202258398551,8.237289796802429
23.68246435941871,1.49250453058873,332.62480360832075,1.464078519080913,5.669774498456791
25.602057554790655,1.461850184441568,369.4245465001734,1.5096895051317876,7.53630990655007
18.524758958465927,1.4648545877546122,394.43683373730954,1.3625191282148916,5.839157810746352
41.678302320557265,1.4064232249809416,418.00051581322714,1.5587345913902202,10.570604959705076
19.881839424071423,1.4694114842662709,392.8855388675508,1.3957021758239752,6.739474481922398
32.32202855451923,1.4385292038348236,362.1257553995176,1.5119595245592874,7.62661528973374
29.36105304658104,1.4356457626429997,325.8616269258398,1.4940638187597055,7.0917766203703705
23.679266697548368,1.4860448570955551,325.2810407249484,1.5302705361697366,5.692637763631687
23.144102941735785,1.4585819830754598,165.78947613588215,1.4916231420435957,7.039769883498528
47.94527714192821,1.389859011534822,837.2642658848798,1.6091265715565888,13.46150651951001
21.922744215476737,1.446364215478597,208.04566721894523,1.4616861003456962,8.655391773221632
18.473692046590852,1.4583717433885264,403.1726425922302,1.3735194117583815,6.293420082153232
24.45525921452237,1.4656761985552336,344.83367890603114,1.459755834655459,6.678076160914703
17.37872111992765,1.464161684672882,215.4970354689117,1.2816364524592256,7.422470261059671
24.610682866622916,1.4889940751487696,350.9244870480008,1.6578565408160475,5.8654386788981565
23.81652176056578,1.489100636618766,320.7378638575953,1.5704652279990412,5.4363501478909475
27.577440960668767,1.4682852428034712,289.06598804664213,1.584824013758853,7.147975767442182
27.05257564781929,1.4767710213048026,348.295203306386,1.64386995617721,6.617773771367521
19.56849516836059,1.44155294054049,810.8119459924027,1.4457968685572795,8.430179811507937
24.64182261350091,1.4843237395087794,296.56068366284677,1.6426065091247228,5.789605516975309
20.82141541921295,1.4829094087054289,705.5866240393104,1.3428891565172056,7.314251462834363
19.93926843571368,1.4944930691227896,201.2711147788489,1.408563192406042,5.605747974537036
31.529850696712657,1.4283823456562958,319.34287210669356,1.4889851318296627,7.665993977194788
25.017466131646124,1.4566232850916294,288.2129577573325,1.563383826174768,7.681782338514109
24.394032499080904,1.4625650480844743,271.0477186375069,1.6510134432040455,6.9717095871913575
18.81166268695924,1.435751668230292,347.9869268479037,1.3583233539677562,8.694254115226338
21.941626058627804,1.476124966936556,177.40196179832142,1.5091464736059186,5.949361083553792
8.343762840157563,1.4776525481337437,169.68153654525975,1.1575663814011024,9.146324427726338
18.03101792124484,1.478006421354353,699.0681569033677,1.3438726259652725,5.602914094650206
22.518664810593283,1.4838254013795162,213.70298886485,1.4496500130185344,6.451840374228395
31.167800650827537,1.4438925384525665,272.88441831523,1.5611127687852862,7.917702428673593
18.2914646969708,1.4566431333964651,392.0526196247279,1.3988069820933065,7.1208989197530865
21.818688359809,1.4604121842557254,247.14719720892543,1.4893492660029957,6.910568351337448
18.009813544495792,1.46888543181653,196.485876927269,1.357538956909918,6.8608869747151
23.042915399428654,1.5003248541858418,351.73094761435425,1.4882232771168669,5.417603523662552
15.86410729783401,1.4454575769111258,109.20474583051322,1.2151834816825569,6.021468253968254
16.716712070818392,1.4966977505899894,243.8051104771472,1.2555655922428806,5.484670621141976
23.084656024781648,1.4673817338612545,215.63682430742327,1.453429688948544,6.377569221866097
18.31649499143944,1.4422129648115891,405.2356303242634,1.2880296591653018,7.438415132642563
21.70812637145274,1.4799912402463822,258.2575583580398,1.5215456288397344,7.02137940457819
34.48015143206073,1.4328183702396573,351.75949323857714,1.4862774530814156,9.170136485997654
25.79404275025551,1.457833471613531,316.08722309595,1.4417596424012902,7.149772905465949
22.270322886690455,1.4797560489572803,185.5367131729014,1.4849600453193403,5.925528742283951
27.4904637346897,1.4438421504320826,299.2566703789452,1.473812255984828,7.345723701131688
27.47582164633701,1.4621112267734628,307.9376725931088,1.5804135535209125,7.13818029835391
17.509187212579686,1.4687808178443094,224.6710434828649,1.3272165919702066,8.200247985253773
26.766322123252937,1.4597142827871648,318.2476589511828,1.5604317428745575,6.87348613866843
21.386888906398504,1.4487072236059373,214.28203650873377,1.4202900705292685,6.255302028218695
23.08696654142457,1.4990532204225089,295.46046684514914,1.4532350617271113,5.564736276455027
21.738008086151297,1.4941971804978875,184.8453191409139,1.5151492693562991,5.721440007716049
17.2845863588216,1.45475894760713,230.93417371359607,1.2995111096999328,7.233877314814815
21.733606707366175,1.4792064154610451,164.40768083707042,1.5351588294422116,5.931289682539683
28.07354718348709,1.459729230119198,305.5518164456063,1.565343565469581,6.575341756687242
24.71496623144397,1.4722506872948182,341.5592584785127,1.588025996209484,5.483063324284988
31.85870324562423,1.4657790119557383,330.9026984611737,1.5534655415904268,6.722758763227513
15.446166809135969,1.396427175663386,244.21478872718853,1.1726110114239627,20.15949966242284
21.292302830337977,1.4970808475460309,185.23896302656223,1.4368647349041204,5.6270727237654325
31.8612568207646,1.4372465089035529,315.5440763615597,1.4270772231180038,9.402894858110423
25.64624824749269,1.4775224975786256,341.7259065312723,1.609293138986283,5.8664748906893
17.377434974234415,1.4619094855280992,184.8998480531939,1.4108115596520854,7.911687334656086
23.235707481411165,1.472434044753065,194.2185460544276,1.5087895826615771,5.856654248649692
40.27178543112691,1.4046641333209144,538.049926137424,1.5286009455579548,11.503684895833334
29.07158185428959,1.456326389245589,283.83250428391347,1.555574802800222,8.244331888817113
31.69639681300478,1.4416680168881646,314.8364940495869,1.573005931297553,7.4751447723765425
20.947207227783,1.47326688243813,184.3558073402566,1.4209381475942005,6.447623011633429
25.438579291823487,1.4819516687848473,338.5502693525991,1.585439274268989,5.851722500857339
17.01599840974374,1.4828053626408966,165.31127516890894,1.3420068184247196,6.162921810699589
40.63019397782084,1.4065507385168117,558.1617949843907,1.4854203129430668,13.160568416626717
30.72287156620828,1.4494451394023404,337.26256046239826,1.5396195666012715,7.373675215118266
18.148796800900296,1.4829801462095225,207.4749773044873,1.3538752126168598,6.518471579218107
21.932064362321857,1.46968558921708,313.3878240823191,1.4648668594572738,5.77562217537478
28.29100679529675,1.4668212766584527,277.19674359355906,1.417819384446493,8.799949604552467
21.7442928471726,1.4724089257980293,138.3621318478891,1.54339704603099,6.245070709575918
21.834511784165706,1.4232383836010385,228.8204869706853,1.4728825888534265,8.430205666403705
26.84205858164883,1.4579038222556997,335.541555139848,1.6392746855736886,6.460822469948019
30.209413382304685,1.4516495035780992,339.7852294350314,1.5721129285053976,6.717139143167788
25.324560308748783,1.4715871077431308,287.8297632305757,1.4468762949407776,5.948499469521606
25.299967443147526,1.4729532419003106,210.2377191417649,1.5460626350908795,5.740911779835391
26.47707792815073,1.4585798624344963,298.2365636600733,1.4559986408231331,6.3627828492134615
25.40001849396348,1.479867697408705,329.7717364029704,1.6357583869872876,5.908481023341049
20.379748749116267,1.4497049373855533,204.1527651691596,1.428066612749351,7.195264178240741
28.72735746393094,1.434632002682231,279.24899669336406,1.4999668831855146,7.660970293209877
24.7997956212616,1.4797984951630472,342.0141518823842,1.643180857354085,6.706137514467593
21.374402238652586,1.485362388261488,301.9803902718557,1.4517550458010129,5.587819865319864
24.97872712072874,1.489054491054465,325.6063747630587,1.6385909638582847,5.589121736754116
30.23081324100448,1.460584076298837,350.6059401463033,1.6350796095089957,5.958740906084656
21.15327332616398,1.4851464696339818,309.3071870291409,1.436758552202684,5.439905156893004
28.08469691815657,1.4483263804429964,270.2766730785399,1.49060336853479,6.397618228151398
25.07612915433369,1.481464154955703,330.505208841345,1.6671431674207533,5.699811824845679
18.508206401839892,1.4816935091446382,241.6414083415688,1.309854127936681,5.690232606738683
23.952085450683693,1.4783292437590057,198.46904824231075,1.5396135629956704,5.467770061728395
26.527148689189136,1.4497573405818696,456.6969623128351,1.4210606000511168,8.031412434186636
24.640931803297292,1.489840591384915,323.7440207664505,1.6631298817416,5.964933127572016
57.53256167355109,1.3553275180590396,539.1919244180419,1.5521722460392493,17.045861580521645
22.98940674113001,1.4867486186922658,287.412045529016,1.5896909597642073,5.988124421296295
24.628754165194348,1.4589533805978736,202.82957684597227,1.5339389205477316,5.7028110531327965
29.95176232799072,1.4601978584847175,540.9316018581164,1.5729006331917057,6.087494598765431
26.78719084234006,1.4507102926232138,552.4004256138184,1.464419671369087,6.024714506172839
24.632031845329394,1.4766051257562356,431.5977731683594,1.591476806680031,6.744443034781576
22.244460496609346,1.4627078112946983,320.1782732457903,1.5420373390060318,5.902783323688272
27.96331344253058,1.438886042801548,715.4170825353991,1.493674267431114,6.00002298739712
22.924192288827832,1.476632628576347,409.02302108581847,1.4708915219997425,6.126388353052126
37.17183362701994,1.4202259895055258,426.70780554090715,1.5622329026794746,9.524827169679602
14.312534243117,1.4592477897822522,174.62946957221686,1.1665375636736752,7.129853670634921
24.800854391326883,1.4798329507826176,540.7279197986047,1.6328796673904915,6.0689055748456795
22.59570859538436,1.4775619429333862,277.19696389712436,1.5802055350014612,5.989905779803241
28.119349453547407,1.4472713073733623,161.55980963934894,1.4367627890952095,8.09513424879287
26.47493563869136,1.4534758535379206,913.7676835779272,1.4592683366720998,5.699052694187244
24.098901587846132,1.4734823408034587,429.92053056252735,1.4675919063965732,6.578205214763375
47.314478508228355,1.387311797085217,704.8721773121263,1.567571584893858,10.294458896254987
29.665991838579696,1.472490185598601,367.3563544191518,1.588334068092658,5.657905199759946
26.3282754208208,1.4776111312349869,336.16246229312713,1.6886658057646464,5.62184328699282
27.289813030282662,1.4540382358503685,793.7607102191902,1.462106242701952,6.716871744791667
22.14401843843358,1.4782112240640837,306.26096862835635,1.5017407191757617,6.094631172839506
30.42631709660375,1.4420029754136352,360.60579291771114,1.540845934619877,6.956270306765099
26.14485680440161,1.4468918607848955,644.7007432692021,1.4353586138906798,7.716434045314252
51.61304699090819,1.391286665306466,668.152391395876,1.6278974955841807,12.345485577624409
21.790412147569864,1.4896118068695066,273.8896867251472,1.5124824376768726,5.759250992063492
22.37099106517299,1.4952730785201698,302.46805710233826,1.4881377110930785,5.330148809523808
26.10114285801448,1.458694224324652,612.7441861920644,1.449158089650587,5.950105388374485
27.062440395568785,1.452904703795108,565.1285530377899,1.4639010904206506,6.448917473344556
54.24464921958184,1.3917250315654492,643.7035759872176,1.561816665498832,15.358389147145957
15.870568778079637,1.4587704913218402,131.7105935315072,1.2738952335555231,7.82193814977258
22.23673485162369,1.5100237966211956,307.1728621514501,1.4886259977063971,5.719634837962962
26.75891270901664,1.4600485842960669,468.61812969132694,1.484937255308678,6.195656292866941
21.46708575797689,1.487045597970802,262.6965738099224,1.495025608304263,6.348926430436848
21.498004840350863,1.4123104865145113,389.7672983749018,1.433110217770006,11.956406310281636
28.08581109750177,1.4450739750149877,507.05368868021935,1.4934654235289857,7.188667741402116
27.154923128924555,1.4645235758184922,548.2727480747818,1.5282253566271775,5.912414480452675
22.182433500360133,1.4811273606469344,242.39578913415787,1.4022642646507066,6.546618561921297
39.997105533998095,1.4056105134937031,385.1843761600871,1.4952892757867733,10.116628193587106
20.956819936696725,1.4978207159682495,269.5949691237325,1.4897493312371437,6.275607677469136
21.580187254627315,1.4328576215344344,292.53180027172255,1.433057825535988,8.91516975308642
36.16824467374162,1.3607401937407286,533.0744084477383,1.263660614223712,29.83006081747256
38.03252096520496,1.425271479473594,327.0543186561366,1.4865309754437803,8.922563832772166
31.91187545362027,1.4365578151474674,502.4965115728371,1.454746646314186,7.514164926399917
60.96571038150211,1.370665064319402,670.5371738913249,1.5656647494638178,17.161050651760576
16.16223823039901,1.428854778348301,803.4563870932967,1.1746486193400736,10.081041666666666
30.461570641755905,1.448384561832547,321.07578344317113,1.5465957638996868,6.929051022376544
16.375825462125057,1.4706040260885966,148.8809143595862,1.2492114916826835,7.901625570316691
29.732081476586593,1.4425811804536433,324.6535935145704,1.545212129365441,7.1657702730011765
34.92512861710859,1.4383561958262658,383.8749305723183,1.5009252246411044,8.230932606580318
21.512225056892134,1.4972690611860695,289.2315893033617,1.457388307540902,5.682944757908951
29.33122578805835,1.4573979361240297,400.0,1.443924515724829,7.397968653549382
31.357879778999713,1.4370866475890882,340.6183400243821,1.5366365192768332,7.106390432098764
20.53164073188846,1.4715403959523412,340.0224533381072,1.4059491760250886,6.848235304433221
26.253712106574856,1.445133274160295,517.2637891680027,1.4476724649356625,6.897668664248895
39.62243468717182,1.4256220954752157,689.3868131417377,1.5199659262225111,9.376411876285776
20.17017589460968,1.507082860059859,268.0345069513073,1.483173961249329,6.101157820767196
45.47683564447817,1.399266705474136,779.234694949328,1.5995957428602254,13.052757737859435
21.77547988247254,1.4821183865384358,280.37964661358757,1.4436022508312143,5.595120043922128
15.776753788349245,1.3691042273364475,623.365042978599,1.0809600380874804,28.440230088305896
19.376217555074746,1.46255059338521,354.7890462452998,1.3339437108139962,6.0769241898148145
38.657238614752146,1.4174855056271962,724.0354202157847,1.5575229698242552,8.331765659509033
21.709403917544577,1.4559018939019748,303.83589738697896,1.343920452362043,6.1973622134038795
29.329700563978395,1.444455109557229,362.7667670213136,1.5330536103752377,7.150124903549383
20.097894339058296,1.44633893087806,322.74490874554505,1.309854628613927,5.598089634773662
34.07265922308087,1.3944056992154448,1234.2342327960066,1.6615566599719598,7.11389668002211
29.324504601989865,1.4395115684947306,344.4444444444444,1.5312287594289091,6.333529327644117
18.845462621524252,1.4914958003713024,413.8698621210517,1.341569668392529,5.425620453042328
51.20693294422154,1.382195408147088,711.0922577675975,1.568103413062325,14.98494127229081
20.18967680699,1.4544660444532436,313.57916821344935,1.3830691067144445,5.711357335758377
20.46190215807832,1.4697079230098973,420.5480194825795,1.343269252501842,5.490416747042182
49.73721642051014,1.392970439826473,726.8541269935961,1.6354628177423551,15.585834508825233
27.157511166233142,1.4601658178645425,695.2500433281175,1.4613772309173612,6.530421833664021
24.891360133118912,1.44094666591287,386.4112967451588,1.4092874448956278,8.56356992669753
21.335988544211187,1.4968427302710203,253.90536702095545,1.4725437493191358,5.58973058127572
29.109341944094137,1.4249353613012272,682.3391401520997,1.255145409006922,10.334644257971378
32.42770209839815,1.4304242851449072,612.8692902187654,1.5150621364132053,9.699216981738685
24.247441603969037,1.4788280721551277,385.79824096517194,1.392613271190649,6.260053144290124
20.589612833231985,1.4696685301801378,307.6923076923077,1.3424168508941172,5.6906072255291
20.618604501772214,1.461137017057056,449.5206682763298,1.3402017500451846,5.770224086934157
31.402865217157007,1.4423228310461322,525.864597614172,1.5043873592346306,7.34606075525152
33.67953398209778,1.432198072433078,443.20616788138415,1.49920756613661,8.187363389742163
25.9938522659311,1.441290288519219,383.53198423451886,1.326908340955031,8.640377899741138
21.29085569301743,1.480004828318659,243.42119634417787,1.440110944323196,5.4968015221661055
20.716633421560942,1.485223089061372,388.93449767277673,1.427517848373728,5.387817965504591
22.569037774121508,1.4765363426715064,221.26708792133772,1.4484595297151868,5.8145497685185195
29.851293878691894,1.437086661085952,610.6923512799648,1.5282759530521226,7.842861264297386
20.822331064529187,1.476554190020821,316.0472253157876,1.384033043843972,5.769971064814816
30.946565477983945,1.4236922866665942,468.0354958281072,1.405386685865578,10.040241491333148
34.23511267032235,1.4164034467788569,527.0914037216666,1.4030910652084891,12.167911201131687
37.528302112431966,1.419863307941657,629.9256211513828,1.611771625486425,8.891540438063188
25.710123609399876,1.4604318905120606,368.8694457208324,1.6037217883447203,7.211064257274082
29.890211428278675,1.4452802488866054,413.1838725307349,1.4812190169903554,8.341204919820184
22.25975672383309,1.487995463513993,217.66073760449012,1.4667925959959571,5.479279031635802
31.584594027274846,1.45340414236127,521.7895829021664,1.4024003341423648,8.22389202949931
24.04005598875162,1.4630126453703776,735.9264525559923,1.4594011853961064,7.7027511359739345
31.79022442831663,1.4476641724763877,411.9281649519772,1.4412253117696447,8.0618541977869
29.620663939986738,1.390086835782626,491.34016949427854,1.4323270744733518,7.523017814009603
21.59039312865372,1.4896407346778255,226.52745986462892,1.4571352690869237,5.864583333333333
16.657356606456315,1.4828008809023672,238.55689027214845,1.3491156735812564,7.472717881944445
24.737160196736276,1.4300379877784828,593.5762751447498,1.4241461414343122,6.507656584619103
19.014952993671365,1.4965539492445834,249.73795409530064,1.4017536590399184,6.1066575641396605
22.081495338366473,1.4668596145370587,329.5664631596456,1.5150937434554366,6.496206175250772
32.19625277817466,1.4436544043840502,429.7826001785196,1.4609970649527275,8.895723526402309
21.57874411348331,1.4522897421130343,219.47624387739543,1.4606376293690724,6.256305941358025
25.419114987816,1.4798911309595622,409.0230210858185,1.5573339301399958,5.846468514231825
30.19745762700837,1.4407063058717096,507.0278114893126,1.441405034935091,8.083974022704547
23.23165416995732,1.4684728643581983,305.8824320851346,1.4129243261218942,6.343826397218161
22.512508160831104,1.4617686024792325,219.37129433613964,1.47875769045813,6.065118419924554
32.95309016501474,1.3934346637586168,290.5367268780879,1.433124415556667,10.884523350235158
20.879398930317283,1.4743561314721914,388.88888888888886,1.4388071590382625,6.1479228670634924
28.10589677565808,1.4503359049229652,735.1477740208236,1.4935401478193329,9.258180941358026
31.299798766004997,1.442476409723105,496.771264938583,1.445544944864524,7.800978928117875
21.80763126603027,1.4702849481071736,232.63547927939223,1.4339231316579997,5.4589125192901236
21.996894584499223,1.4685925447644508,364.2694056275682,1.491992861090281,5.633274377893518
21.71817745865048,1.4632085228961274,227.36201627547953,1.3569044256994691,5.99267505787037
21.510280781374135,1.4650008377836403,332.38627360789815,1.411596687294609,5.986112878307551
51.92605401157234,1.3750083338504815,890.2112619426108,1.3844452621652985,16.132523425414742
36.09572059093133,1.42691433112916,475.3755419431025,1.4887349952745117,7.7054102880071955
11.469552195138016,1.4852031588847303,276.7167228333099,1.175537989778053,5.933211454826039
21.591434575312228,1.4787892128931484,293.70949267670215,1.4708258602111874,6.708865687157064
29.82330047591366,1.4473303572666942,513.2690588215844,1.5183086892387143,7.894702000851426
20.934138734022177,1.4691589760618855,678.0058467478055,1.4685844019259642,6.647753661648398
63.40103555962057,1.3583639166521944,802.0940741606465,1.5741144002425351,20.458733754493664
74.00830969582839,1.3521156711146172,837.9765440863404,1.616908638136889,20.969099975636443
31.63649221421168,1.449132090862342,430.5215336132096,1.445436145070398,8.552338016834447
43.52060269943895,1.395898944287024,524.6445801760505,1.4810587174827263,12.068461178545707
23.271887425331165,1.447838138968487,308.09210487459893,1.3320869803755877,6.289703231428268
20.53756587466027,1.49043070915801,649.52854664349,1.4284361635308709,5.928354552469136
25.09382500438131,1.4729527298901923,406.359500490844,1.6251216609950536,6.718108024691358
39.95797103403861,1.4177143758997512,440.43328665620936,1.5203812688253109,8.889983738938605
30.158290418258993,1.4482383884244057,421.2604292738744,1.4186909496417244,9.105161795910494
38.671780225263454,1.4223303897296742,614.2445542578199,1.4538222729949406,11.639870205026456
19.565625656185578,1.447116559805562,322.9616685228059,1.283494114557416,8.812894322273664
51.81779377531969,1.3866596222450225,824.6263718235216,1.594129089266401,15.343458528241912
19.89050745467986,1.4445787118027191,276.44577505014325,1.367962601010122,9.696091017232511
26.560982637930874,1.4683539268178178,481.3880116086405,1.6624663635858905,6.439385512533813
22.905897571023033,1.445155760012637,297.30810649127005,1.4026994062760576,5.927086226851852
22.00053679694762,1.4593042410534234,316.35431578669,1.5378596674174827,8.57763654192387
29.143380550359705,1.456548760958497,294.97474167490213,1.5127246260155056,6.168338477366255
34.993850107685404,1.4263688791967908,429.7304762979784,1.457640048040515,8.596436197916663
28.614777469073417,1.4781285291929758,281.6414083415688,1.7468420490478718,5.492088477366255
27.45417246551387,1.4699890918418914,469.6339875897763,1.583978193509719,6.57939849317281
22.56540103074713,1.4374056006414213,302.46805710233826,1.4400327220424611,6.013081046075838
30.73946773890215,1.4152865903344272,401.79403024480433,1.5311747183513935,8.13586582677034
26.960458936355913,1.4636363209048169,862.77142049602,1.5291120393881776,6.257690489969136
27.24868627340874,1.457649087701803,701.0107552236344,1.4786988206427885,6.501182484567901
43.88872471572723,1.412953495837465,524.2259987499883,1.5393146199167709,12.986233052248677
22.74657819599592,1.434228845730549,277.5600775947264,1.3428555273380334,6.246107896090535
20.72476976831507,1.458271163093376,273.38233316531904,1.409909023156659,7.340111081188225
41.31828552820986,1.412451325956635,534.4652923933071,1.5194695090904682,12.393589088220168
53.318566316742135,1.382734649542504,796.13330529126,1.5712939342906616,16.87389340299842
20.671688207272695,1.4409683738381427,240.5284337156328,1.3948822906494291,9.20566660739876
41.0322851750084,1.4237601772450936,532.8653322791472,1.536103596293623,9.437164457392374
44.75342556836874,1.3854616362611722,512.5681681979345,1.4592395123222763,14.779350437242794
22.138233630124848,1.4387176778182449,302.6724886916988,1.3540582539133112,5.850022464956275
36.99543146774716,1.4269321625812958,563.2609811835409,1.544136404080554,9.342833788722254
47.16480178688193,1.4070488539235249,778.2657613703005,1.6212234422730951,10.747675566224457
18.0290363313629,1.4963321542811765,229.383965432261,1.3140327069244715,6.73981963734568
49.71589152095736,1.3918238663411402,530.438787146844,1.680360630851025,14.890977330532694
16.633778432812818,1.4754018067349617,236.91347272014187,1.266231319090513,6.614730227623457
39.917909861616934,1.3929217945476342,495.1110074688537,1.4856088496830626,13.854762088477363
18.545332931071105,1.497839232485548,296.6161500164709,1.4804010453306082,5.61670524691358
24.10413943207455,1.434940613911118,293.5009200976659,1.4031604734736376,6.269365580673759
51.53357839270907,1.3992379554283476,520.0,1.7075764905018451,17.19566502700617
15.131492725089933,1.4144727457131034,468.24838048885664,1.2406362343488413,11.93653688555104
66.49798742158413,1.3713316334889838,938.3509181769184,1.558202964395501,15.045020350916433
17.410802841588882,1.4799579016727886,266.20507381298904,1.3288541734726096,6.8560694404225
15.615337848380042,1.479064469331277,818.8815588202447,1.2835399206713456,5.584838927469136
31.45921701849761,1.435534019316345,438.2836880454421,1.3820873414143495,10.587284461238198
33.09040921272049,1.4417521311538175,420.1825000794318,1.4938234429555786,7.536555301379099
16.65230107951228,1.467644406831317,231.6556064278592,1.3588232666695037,6.689710889274691
23.92780897244184,1.446948663051197,255.2915492461676,1.4112018393544712,6.693453605875334
35.66867825747856,1.4368663463325957,524.3318606623587,1.5385325981985996,8.260385567361826
17.86673372634865,1.478289989511532,219.67518412857865,1.3877488522101358,5.856844015239197
26.53303426355738,1.444720859666705,365.1181488573619,1.4934120620755114,6.280821702551847
31.486007513999304,1.456370540141133,340.6489399236439,1.510425138972494,7.267120091097353
18.89567657839587,1.5032546293090892,245.07074092836416,1.3769927673768467,6.295442386831275
18.361202656189857,1.4755144410729524,194.2314090129011,1.431243557158056,6.492616239623244
26.77674778641046,1.460221314384023,379.73736721621646,1.502778286797335,6.234747395833334
34.29762745191371,1.4415351291024538,402.06906325745547,1.4626510702809332,8.735655971364885
19.528849839795647,1.5057814749421352,231.3930541314372,1.3810324739127957,5.895072425645342
19.910944301378816,1.4459946560692143,191.8540056344365,1.4321115907652775,6.908455493472292
42.836498365257086,1.409192179220831,547.29949170504,1.55474195682857,10.882348974408435
39.32184960600395,1.415566503222038,570.5155243484314,1.5133681757125823,10.32353215920141
25.067208613980757,1.4656191170294808,317.68680060952755,1.584477558383761,6.1511135625643005
31.893097984711176,1.4299367339476765,523.1437610168537,1.5143974589602245,7.123729810658477
42.409736846941634,1.402532415244052,539.2147620127064,1.544369517187089,12.166453510802471
37.46771977972393,1.4270950037788253,744.5984043964712,1.4728212831463885,9.404820900979631
21.626715789848177,1.4778512697718291,389.88541829941136,1.4530331751789556,6.070821788252784
44.30641709956365,1.4126285833016994,752.8205928269675,1.5487120176898177,9.928767112110224
27.67292176291009,1.455443754285133,542.0135931293115,1.463961926204569,6.626768481124733
24.641180262383987,1.454522076168099,850.5191027825027,1.502128723753542,6.39911484842295
37.35934959041369,1.4151182706946726,539.6788144147803,1.4754650628776893,10.331158452793364
28.821614171294183,1.452028999197869,543.737767913704,1.4847521205360743,7.0792669067391465
23.63151761587137,1.4689572787079488,323.9607805437114,1.5208953611281604,7.20624598122428
27.03626414661015,1.4769791588523464,320.0,1.4762065752264364,6.658760288065842
28.124390385617374,1.4696741413391852,735.2710331765011,1.5104904339053573,6.366890625
20.763183169352963,1.4886520620335175,381.7405955266496,1.4015238210506389,5.621672683805837
38.65116796041845,1.4223699715335718,549.229830344162,1.4975522172377709,11.507236667066236
50.67747938961086,1.4107465388141711,553.8515191847207,1.658979111409609,11.232536933273124
23.905440980528883,1.4669974309888405,320.0,1.5010708373797668,5.65513470936214
24.09234397600989,1.4720578562187008,373.21222105028863,1.6475858116446944,6.757269758597884
27.69169069583692,1.456831793481826,417.7186902672024,1.4937294141828827,6.989495177469135
27.52516461815902,1.4714655431048194,736.3517386778681,1.5209186464587865,5.934531870039682
27.232532197942263,1.4531204928162966,334.6609156541402,1.609864380244022,7.0417411090067334
25.055806431060347,1.4701367082308132,333.9588631900464,1.528193745253446,7.0096324723846655
27.091910105941643,1.456621474655288,736.5628899776603,1.542291310418744,5.741794688786009
28.92122379287297,1.4615009541955253,402.7587510099406,1.576875618929654,7.139093777557319
32.59519951092598,1.4447372055437138,516.8423566438685,1.4306473688102264,7.7902283216250545
33.03992045725548,1.4371227978297123,509.3621527864855,1.5643802663144375,7.502564183001558
11.983621380100631,1.5055490474405149,157.35864066853756,1.0806511030231385,5.785286320546737
25.76650074156241,1.4757083520301326,354.7828786184747,1.657702716041444,5.842405538676697
28.80545905333876,1.4547351961685249,320.7165850568567,1.5299066593211992,6.861211020230194
30.971308195974274,1.4463806329897049,399.99999999999994,1.5190787793070253,7.717932741769547
25.73302047427012,1.4697553031958688,687.3686481166894,1.624786251809744,6.0235749957133065
30.07302372986508,1.4549568330396934,402.9472436860148,1.5435617326565876,6.95320888979934
20.86266620166988,1.50790110353722,298.14178732865395,1.4099874633216376,6.526245418595678
24.303824688647143,1.4972126180410863,293.2054869868874,1.581400486910091,5.737333424110385
25.598789997772784,1.4732538531374533,572.3999077315506,1.629523968295273,5.721472479423869
23.643304048306987,1.4428562477102322,370.9834261503571,1.2746026680827809,5.97636149691358
20.70322885492628,1.4767963972443563,290.70439516179425,1.4765535650980657,7.100253604841821
27.8347066349351,1.4620949885034444,490.50232475698766,1.6268028257266285,6.748184620770463
45.157900357562056,1.3984856263906782,485.9960421109873,1.5519432676323155,11.311869270728227
47.581434335029314,1.3995173375361567,764.9598208353168,1.621075204729077,11.572487977881265
40.28505458992683,1.4190393559377292,429.6561086137857,1.534142269190223,8.395641782407408
31.89121450393645,1.4502861883760836,540.726945936974,1.5639381591227413,7.196975815796971
40.017859032129245,1.416407284214256,567.7870751089139,1.5098633088045377,12.000369148662552
30.064889161374165,1.4496957166670048,365.04721918725255,1.4703574593505562,8.296674993673872
40.493568637743905,1.4186794460515522,428.5043297698502,1.5559230173633327,7.686631477279632
24.945098655001225,1.4816845668380263,283.33333333333337,1.5520615452069582,5.607276448902606
22.55254678331864,1.4367961257026676,355.5555555555555,1.3722645383515584,5.612058945105821
25.660410129612075,1.494468199479592,266.6666666666667,1.6006413417618477,5.785895383230454
21.7448768979165,1.4651227346279645,278.5905807471818,1.4519949893072008,6.957650973583878
39.89849320120708,1.4377905991784483,581.6703160738838,1.6015420796612496,8.99760710964704
52.65176528396763,1.3932598630068709,556.0735859543411,1.607869447445851,11.576051368464054
25.81508457691907,1.4633708993516543,278.48660343337775,1.4924512139655115,6.5428760090218425
41.94898061882128,1.401609784684218,452.86434567357,1.6570414312712338,9.717051222150932
23.15451068441176,1.5099728429672306,325.3854291080193,1.5289515414380035,5.698138985339505
27.633770647734185,1.4617341424235508,494.2957159021457,1.56304811230075,7.2118845072751325
24.860896007744557,1.4811732676810685,334.6535935145704,1.6256034177387584,5.8116451260288065
37.88690577764672,1.4195692894735583,536.1764954989957,1.5239350378702354,8.331781210556152
19.99354846976815,1.4560113697670862,407.48737083745107,1.474514753682073,6.0267992859753345
24.890747564176504,1.4794739827254932,296.1811382246932,1.629053150491681,6.893970734126985
23.298183416275208,1.49800476450503,324.22574300694805,1.5520906904803042,5.62926995650954
24.36359443803749,1.4638262755731937,312.2113279288087,1.5245478874167306,5.759862488977071
30.87848308871862,1.439034218359906,475.0562680821663,1.5041000337376509,8.543392212534082
39.28577147629027,1.4303656399006084,604.1416360045253,1.5177224177725266,9.877638176048013
23.67973751155432,1.4705673332846787,332.0736733863168,1.610354560780576,5.946640464248971
25.548128184070777,1.4783507910171092,306.66666666666663,1.629427848169395,5.368960423096709
9.318325275910016,1.4675297742072315,191.9779418355756,0.8926426989774137,7.283560796039095
21.843431418264952,1.4395997187698315,302.7356805692813,1.3611495184937947,6.033725336199295
30.712649194718335,1.4305517761224968,433.8511989516789,1.5575452330268889,7.704560105490191
22.48635524887837,1.4344237476510704,310.9927691911428,1.3667732012896048,6.039920178799489
49.81319271275307,1.3907386767694256,856.7338083330898,1.6313847094295564,12.589754418350603
32.228193730886034,1.428435835086649,543.8876571661552,1.5905015325035006,7.606656650559823
24.501459163984787,1.4743383536768278,302.67813026009026,1.5195508154498094,6.957490121018136
23.076696252541097,1.4276718237947297,318.036983014547,1.3917604531466576,6.559497404601572
48.20136795943604,1.3954365758081604,647.8367405382182,1.6235523957206628,12.60694141313933
41.511895039106115,1.4221386517660397,613.7888926237111,1.5444444074081407,9.185264917695472
23.37940038869147,1.4334605338067774,327.28644867226353,1.384147857569512,6.4034137421189685
47.7370028321447,1.395159941798081,670.8135287627476,1.6347090154437376,14.76515223122428
31.798750332563664,1.4385949501617463,482.0393317998784,1.534748009869732,7.699692084626909
8.73794409826201,1.4107916652039023,223.7234843212378,1.001798132580866,11.61539263438786
45.49407402938928,1.3991069625575854,584.7752335381115,1.5796001661237908,10.601164585843312
23.000513465369743,1.4746897101704053,261.83259526162516,1.3727645584537131,5.533582537615741
28.606713825686555,1.4677293197829673,326.26681971445316,1.6586237032559688,6.1060779428155
48.10741960406418,1.404114952724289,762.3932765512686,1.640626642396876,10.756411026245202
23.73608360722988,1.4919456751820368,386.1301032171225,1.5418286140344946,5.539136338305899
23.511783874038727,1.489780413608161,375.045914962634,1.6055594961330883,5.622278525270062
28.62273918578648,1.4587931289556797,328.2585532445964,1.435090414807471,7.796405423280423
24.0474155550356,1.474984032742728,375.9738536958075,1.6131004233856638,5.445476466049382
28.61326483122947,1.4427049262750038,330.52886092194547,1.4727494952630946,8.083131947240114
26.89393820129604,1.464211978108868,382.9274174436803,1.5904202073235778,6.774305084782686
29.752037274554553,1.4812367060409142,428.2535267885467,1.673266209286138,6.1083788794581615
26.548966301951634,1.4730327414674145,297.5749287586226,1.6820540273544946,6.2478082358674465
32.20768472515102,1.444740888414387,870.5916696643602,1.4532980197348198,7.727318810626103
63.81206379023508,1.3685500852050416,567.5263924297649,1.5549337348816357,22.260069926697533
30.26050377597555,1.468117357048598,428.5562731626571,1.6192131465260708,6.05085435153035
55.76884287193406,1.3865366173978066,558.9222917816909,1.5617158177325066,17.42715619064578
29.38834176896184,1.4554296592315046,347.7701670706429,1.546181479157126,6.92057871446029
34.836348525004006,1.4466046339607934,426.0338716473467,1.4724941151383997,7.165351113505746
33.31447952322184,1.422570367925847,548.4247526507875,1.6314289069925378,8.305897843425194
30.14864426629252,1.45420852578762,418.57850711046274,1.5637271943193438,6.241174062782294
30.458314851438978,1.4549414921846455,849.7066264071967,1.518779325961102,6.488061744470165
31.19018368732285,1.457401373742512,429.29229911541546,1.5290283961823627,7.109382296698872
28.50987775622397,1.4633721658640693,303.6644998362653,1.6276595451532294,6.075646427389441
54.94894969470946,1.3751902323256808,544.7003310569037,1.5300689695026304,18.75793891816856
29.764257708124003,1.4575663472074505,836.0685464621671,1.5486134186072609,5.74030706369248
17.840783651571233,1.4181922412737702,359.7127088383036,1.0424323152099098,10.346138331618656
34.32379578963047,1.4376491921412624,542.5438396604859,1.4131826591574237,9.33428380058299
28.9575172582177,1.449796557098288,850.6270758396674,1.5324691468753977,6.8676328125
31.218580431764256,1.4526022980552735,360.08457595910653,1.5884734429494407,6.943530595813203
30.50887835366373,1.4258243029144784,325.74034766117865,1.5051431498491197,8.24718302576303
51.35286007811812,1.3986656482428617,836.920292868223,1.6812944524575262,12.570776170568177
48.15865189474791,1.390745013082893,556.1940064407364,1.627458216546104,15.40770574343746
16.830924653564264,1.4746512930217524,317.42895222560196,1.2954143890755254,5.9368556027091905
25.53192946251872,1.461379731718874,247.6153698420671,1.4729344156208524,6.591281277557319
34.04910726316894,1.4451103982731148,438.2040836310684,1.5168626155582048,8.35596161265432
31.147388154077035,1.4454987841877072,336.6992265258454,1.5354330315767823,7.60239315414952
31.36887581994215,1.422612013791326,347.98692684790376,1.565813671802583,7.740970614711934
35.51255066177799,1.4423238392143816,475.67426920457706,1.4446825479132543,7.814323277465058
25.29533010206264,1.4444558289193945,334.65359351457045,1.4220416981913804,5.49638744212963
22.7748254558569,1.488563168537339,313.91026389351566,1.5142048584366667,5.479847125771606
29.253524715580173,1.451245188144039,422.8067902739191,1.5337652569142028,6.269904768664103
22.383354050197603,1.492893046339252,317.35583579521943,1.4897327707624843,5.691951617959106
31.31210030786032,1.4567689169480074,365.29196426805385,1.487177350073711,7.003518947175097
37.50332120340367,1.4180162767018936,496.71180959595665,1.5003713836577937,10.758493314954272
53.23808412245584,1.3844606883286217,512.8896750800714,1.6692425089015046,17.86987043467078
40.67788290614878,1.4240508703806918,579.2673168214939,1.537682428776212,8.85649435811196
32.399146379895065,1.4355742448683733,607.6035966254498,1.422574896551621,9.065686220199217
35.5396435642955,1.441012242508919,431.76343289213185,1.486675323468688,8.141443287037038
20.949431945453153,1.479069073833862,707.9120985379558,1.4457595926834153,5.703715966710758
50.931817955515854,1.3960226612096425,976.3413995213904,1.6280615657641468,12.411944211247109
19.083331932049557,1.4957775608417088,325.69985864392936,1.343941208710515,5.379607796717172
45.97568134318715,1.4056781204261592,1051.09805604341,1.6101235232098972,12.815517457561729
31.403826277180624,1.4617238484665582,760.9695311474159,1.466067610947522,7.038943727954146
42.35925954786027,1.404986372092158,676.068227591915,1.53979299326727,11.249021000514404
53.57510386858944,1.3873614735033102,648.932527847221,1.534559911660907,14.787174575617286
30.06442104174632,1.4523980903225369,426.37165504186305,1.5221230043476563,8.385252472728094
52.5849539051441,1.4008969317998687,633.3210015171277,1.679243615915201,12.002003915259124
28.909229403821012,1.4673831886685074,831.2398916449984,1.4790424430542704,6.47178063914609
35.20519035556446,1.4424311946696984,453.7556532603299,1.5026316133265076,7.291032347634398
41.15073552890672,1.411538224845393,632.3651727164131,1.5399046392973714,11.299156099229748
19.283171802404464,1.4949101071722817,369.1988071405104,1.4198554685393434,6.106751718574636
34.36233567731399,1.4238235401207384,485.9235680979895,1.4205137180668883,10.996045863114578
37.50235360327767,1.430732077999613,349.5642126643165,1.4926654072014416,8.754652378573587
66.31607739560279,1.358143684969451,636.1928859112244,1.4130069928957731,22.95107264154523
61.36951422976225,1.3743670605136502,873.8243757819533,1.4991720157955497,22.903670111350294
37.79149987400832,1.4300648819286417,374.17535972681327,1.453695647759942,9.791380947788063
35.90560179277998,1.4223245809028782,1087.4293966008222,1.470661556857453,9.316685796039096
20.13220800380033,1.4782021016223013,376.4173943788188,1.4243918015349533,5.675376157407408
32.90748085178619,1.4235444331308278,724.0386474045089,1.398566719178281,10.757281143912564
12.78915001040126,1.5006827844092785,197.3057693420625,1.2118548558418536,5.948178874559083
31.073913473109588,1.4306250351070795,431.8901478023929,1.4261546400475276,10.338026746175524
20.8780072900485,1.4762576242403933,377.86246729992394,1.4480561717232625,6.083698559670783
35.17419747006995,1.4446638065495172,332.05120584615867,1.4932675316235955,7.936106963734567
35.42711012112413,1.43111476730735,370.3190214910003,1.4404634235562852,9.530859626610305
52.42679615070083,1.3801763603432262,585.3136980022681,1.6391789154347542,16.101447209103817
22.492571210214024,1.475782578025045,382.2678310061101,1.5093811451298278,5.5267966996352405
30.70598056007595,1.4481521558530404,434.3815704232045,1.521262924147349,7.630502121913581
27.60547328183289,1.4482318377257286,388.27507929205353,1.4677112295464625,7.920012776774744
29.22962649141534,1.450069024923395,759.9409218819696,1.5657332560706172,5.790497388414055
26.677901933149418,1.4505424907289617,770.6637885816832,1.427656012869611,6.262273147349928
22.270504918085415,1.4748995337843342,387.4641532172399,1.481085594151697,6.0061333912037025
36.94736627977329,1.438889172470465,373.1598289894381,1.4709796715129824,9.40765407986111
71.37169845285068,1.355334551941162,849.9691706461458,1.406259718791958,25.73042063185871
29.650099173476775,1.4496191915975545,1105.0524315930704,1.4938163511209512,6.196090285534121
50.712125831634374,1.401199828794375,628.5952643104206,1.6602641608112565,12.029152451789612
21.15273332769384,1.4825645160099117,397.3583613505465,1.49242896261379,5.903856509038801
30.82528451277305,1.448254277017824,433.3333333333333,1.5206747000463698,7.0569892403978045
39.96664361260149,1.416442260082029,570.0055796077513,1.5103041463819034,8.79096018518411
14.469226293265663,1.4996814376148844,177.13844381048054,1.3424224011869084,5.790548482510288
30.867250324978,1.4488058325902835,435.69257521090975,1.436329154350548,7.630810162220754
38.92032755677928,1.4217441929471506,653.008379951571,1.5044431781376215,8.986181037808642
49.06770698031908,1.397013934068927,591.5311454883316,1.638787539324989,12.57025420616018
30.69979534657584,1.4482363737229986,838.3493283230405,1.5761975244028896,6.229658511231139
26.62444759185505,1.4251979423214534,445.68829791426174,1.6757563174747243,10.067690998212974
38.23338996024596,1.4188233669053394,744.9589062462499,1.489061510604321,11.04292872012459
34.24632604391979,1.4488369046298917,548.1681914198108,1.4240368664776235,7.3560776427469134
27.24980103849018,1.4703621116130388,417.62393446262257,1.6374050479134443,5.444505950261159
26.14480819277128,1.4737677166043222,421.2995689601837,1.6456755994114305,6.770244555898491
38.478595872712965,1.423098768028095,428.55445298021607,1.4554982872920832,12.27459446899551
30.843289606734935,1.4422516733921336,878.5854557660332,1.5523958609742912,7.876229123517211
36.218141952177234,1.435066621945999,771.4912002119148,1.4455862461085518,7.94036397659229
23.33342087319837,1.4780947979587151,456.4778967736956,1.5552178726836778,6.608700086805555
39.19214456181744,1.3780658056419322,529.4738723247614,1.4346750588224615,21.731653324331276
37.25466738036666,1.4214926166727149,417.89272074437946,1.4594084301956356,8.70108431697143
22.21094339340164,1.4849294042113497,447.7329551766072,1.5359322691416697,5.665455384700176
32.225856514788134,1.4498476638742652,456.84373835451544,1.5329108111104437,7.62007799684883
33.8721072088621,1.440761510977166,465.13526686182746,1.413148029446007,8.05538515213413
22.066652094856597,1.4733765753824657,398.2616173242473,1.414697276481678,7.605606770833335
23.683703616770902,1.4625664055187415,415.5790881450928,1.5448386171528126,7.011681547619048
54.45882818422007,1.3891987034050792,501.0932509034809,1.5582553129065533,15.154629093444845
25.45923081292971,1.4698613728769077,484.2303875080106,1.5167781904311946,6.23942627957819
20.336679038423224,1.46113463445788,351.78724576112774,1.476967772582382,8.650479392826735
30.42688501573964,1.4483164230642835,563.8343917513776,1.5436936236749734,8.21177015817901
29.195528228517546,1.454001294289253,559.4906179690956,1.3699895549307783,7.1238326997158286
23.08477504776236,1.486838083440564,437.5191465108665,1.5638216077564566,6.012001201923076
29.164789984531136,1.4478977900966616,579.7836302595781,1.5456422651566497,7.65179054542824
20.25893685334361,1.4555040500224503,402.6493704809792,1.4873767630971808,8.085910011574075
20.143033984124557,1.4666012380176192,345.07821455355344,1.467875972514221,7.596973024285251
11.480013787667655,1.4574847190755342,325.261794600794,1.036646927071162,8.612742091049382
22.600850234461017,1.4900968520956863,431.50153032692754,1.5479350275273311,5.935120081018518
25.39705579729242,1.4499833136626332,992.3245420122562,1.4437232987224518,8.791032848324516
34.944716448167554,1.4390448615957758,585.6463536911004,1.4856130188893286,8.433809413580246
22.39826335905589,1.504058300332813,432.4350258977249,1.483448601237794,5.497957079475308
19.970315636677665,1.520105533745625,335.8013904356716,1.397344438782796,6.020724481922398
22.473043879225635,1.499531897541853,432.5554479962032,1.4968855696293777,5.952499807098766
23.979263588256817,1.4423489261593585,962.1489212255192,1.3480181497029269,8.152050432956104
20.16836411028858,1.4681836239041095,352.05209577468594,1.4218477088327257,5.752938689557613
27.858838087342587,1.4471667213642805,575.775954154356,1.5097357864081498,6.853424899215015
34.80486736932387,1.4212599449365464,958.0856113344016,1.3575318839597594,9.820322330543684
24.173917144143925,1.4493149498167082,948.7090253259644,1.3441251026786756,8.672122981997767
35.69906433915273,1.3987592427470688,788.7307328960212,1.5151583424323338,10.32476835918827
27.677974997086004,1.412734555728516,760.2704957465693,1.3917424332009485,6.41659265588831
36.912961692187494,1.434382467562428,642.5552626716988,1.5437404948754878,7.940348987442006
23.821887294998113,1.4774438065692457,265.256513407812,1.563697804050205,6.165372045565301
28.60400324429739,1.4711221264845384,468.7246484805928,1.565291034733677,7.065396162682701
51.216992281793885,1.3852383002615258,889.7011400139139,1.5724521644311138,12.223361228656977
29.05747639216877,1.467094599121432,641.4769370169977,1.521300629217362,5.863510480967078
36.975397993367224,1.4136224760177545,960.4829108720536,1.465758910935794,11.274602788598813
18.51811845654355,1.491278020647226,392.61791540060767,1.2963044837480222,5.743630539021164
52.967845765638494,1.3982960008919971,675.5968847069439,1.7309900406012464,13.918826195987654
32.630103366920224,1.4085479040649982,1237.4562413814567,1.4425749783729618,9.415862750758276
21.121067311740468,1.4800305680879149,361.67530114961227,1.4626378678784284,6.877413757073044
83.55753950620618,1.3307845783339811,720.6430348664246,1.5228155217866497,26.564699496705856
20.00586036763076,1.5076636732128017,367.21677507551544,1.3968680637619784,5.68964550688509
33.48389062704995,1.4153693210265532,1129.4084819890504,1.421628192619762,13.416737867006963
39.86544005803384,1.407933787763266,568.6846531919422,1.5119577982033088,8.501807270233195
26.677858384830127,1.41734048154555,762.9539653078227,1.4825897347458776,5.720171268738977
36.64488458064831,1.4100739568392004,385.50223752848336,1.5145754551044643,8.54860843464068
52.506377020627376,1.391355478523284,676.8021974403969,1.709896730646237,14.143528455854844
40.80176689444538,1.4137626425677554,573.8987912541342,1.5427770973954429,8.272576856852375
27.19255538680959,1.4763524982144645,781.99129952224,1.6014909004681035,5.757594609287318
45.58592302965902,1.4154161796712896,724.9320023973252,1.604771749830294,9.560811280184316
21.204671715598693,1.4856392255659396,365.61064116199753,1.4444339517072051,5.535749145723104
17.906481731650917,1.450055985000667,278.4924872046267,1.264024532335165,7.136605838477366
25.07639234586812,1.4732502584297684,461.46748862867247,1.592151049260918,5.500507571373458
29.146881725048743,1.445461469166488,318.59816862479994,1.515970544902246,6.680518778935186
21.06542428096147,1.4722648490807766,285.00839298428247,1.4104270517139208,6.325475018392742
21.85196013453549,1.488401570485384,357.4498618808539,1.4844214235508912,5.690583686985597
29.84705137312903,1.4596051831022734,442.8549564355484,1.5241423101591065,6.784798016332304
40.98238153076802,1.4152488571729664,540.9459938739433,1.5278288657139576,10.896975778634976
24.49874929447617,1.4870979846328485,440.947570824873,1.6391951252216457,5.647217560442386
18.210333731694952,1.4566275058968237,1197.5610075113016,1.2758438177551683,7.4884800347222225
23.753608256736538,1.4676431342440572,534.9019051524795,1.4862899607478226,7.566051954732509
30.340577237501755,1.4594482616730762,430.7496605134306,1.523233051581998,7.164946722516166
26.392172310948332,1.4771993825931635,351.57469334351697,1.631605107233001,6.9272295995968225
20.64357933844659,1.4838014638977173,673.5557676472314,1.3416069303554898,6.643386541923868
41.08279551498913,1.4151472562905032,486.77912213623534,1.5223804865095691,11.149982923294552
17.54232233280301,1.490950560527086,693.0487198373879,1.2857922204504737,6.147990933641975
20.356328836629327,1.487276189946475,836.4369126388423,1.3873850547125466,5.48829877186214
20.78872475392171,1.4801797333419962,291.3569459912272,1.4813742881656513,5.9668300815696655
28.669663288665564,1.4711829337586326,432.598354522381,1.4980478407538074,7.590323189943415
21.23113301549309,1.4892072551310442,278.5353452498602,1.500793183334076,5.850661289544753
29.11265745725485,1.4438988814561002,313.28776343271767,1.4228680471431838,8.199417801995926
22.518382152130076,1.4929589030195778,313.84679168039247,1.4631662337283555,5.7029201113315695
24.146053420517703,1.4849130377848023,523.7297758976517,1.555258600225112,5.999473299254116
19.078652176593955,1.4572718575669907,269.402347235948,1.3528481325392037,5.7443193342151675
29.764169905821145,1.4559470793345308,433.6717514850737,1.5277403600619632,7.4733842592592605
23.16701902145477,1.4775606250030853,327.81108729900967,1.3630254382274805,6.068788700810185
24.436405875296813,1.4926040501355171,443.35654752826485,1.6212114913488975,5.7112373810442385
45.54323388504561,1.3863678009562692,736.3737844330379,1.527228422197244,12.339458141293235
22.82688518841079,1.480342559032708,328.7394153413079,1.4189172163424653,6.235807195216049
29.27009801009932,1.4570309159889938,441.83691098479505,1.5305812967929568,7.1720823688271595
21.225902813095217,1.4716286395925546,299.57781853927685,1.396386171103843,5.693454057355967
24.028715626809085,1.4769150562559858,440.0976398197222,1.5997172920606912,5.551629693930042
22.918372682461804,1.4617981864783447,233.33333333333331,1.4908014806263583,5.890348401063101
28.185257523753418,1.4730616570826671,329.4380527803916,1.5933730951503284,6.175986022079772
20.25560993607525,1.4651625801764514,288.8888888888889,1.454156750421071,6.1835401510141095
29.362599065955425,1.4470626988140085,316.00323702379956,1.2679959858380352,9.165653091242284
42.18505694589232,1.4157645496170292,457.97341823311814,1.541228435024355,10.737800048778812
32.408084162836666,1.4418433241726831,306.7311802614921,1.498537484930652,7.462271251286008
24.224163959790285,1.4627871386842806,286.41097397377484,1.5735688239335857,6.393344907407407
22.85030647791163,1.4841449823963937,320.0,1.481154727016596,5.775109778338945
21.6129884456852,1.4694653259200474,290.25672917352955,1.4580996148578418,5.680907186948853
24.127111660988913,1.4734739468966338,434.1229756873941,1.5306183896013337,5.932490492724868
54.000137004106584,1.3840656300307494,676.1962021789424,1.637861983554899,11.807926721087169
24.362546862929523,1.4823596181778704,270.0789343778891,1.6087755264649664,5.923365118195846
23.849636841708076,1.463616806145842,315.57002106287587,1.3754400704162908,6.311959072788066
23.395881146905232,1.4625340703045115,262.88900382956,1.5438991035748844,5.859723615397805
35.098537183388764,1.437075314838798,323.2425084591578,1.4920703515831049,9.195272571759803
20.7334055650529,1.4654124843718894,288.6342459077912,1.3927497537047762,6.06930151891861
23.867048981271413,1.4726012067631398,234.41811744734272,1.57131970561113,6.211303308516849
58.06423148710288,1.3861921913572588,934.4554792939804,1.6203567608977292,13.185097834298618
28.81247364466436,1.4610862392643988,314.35104282675366,1.569182159195017,6.393765715777052
21.403903986966096,1.4878239303567398,296.29500185613927,1.4561946773238976,5.716864229681071
52.72634063561691,1.3831610690520166,689.9470737589794,1.713990843520762,15.01502411265432
27.74651274277324,1.456448213415171,304.00131784934354,1.5499488153462426,6.269552854938272
64.43804186609144,1.3600730807255998,946.73724128508,1.537239038375829,20.551783211162547
22.303859187843557,1.4754197238896474,244.3274042711568,1.44402186360363,5.460471482767489
54.027751452425115,1.3842267022736563,691.1672012353764,1.6698632500833186,13.993135288065844
24.25866830936928,1.461519896809112,308.38285748400943,1.4052449259593849,6.1892112957451495
21.87152857852308,1.4721804159632224,222.2222222222222,1.4775507755578932,5.281821538800705
24.004507339551157,1.491405828838778,227.05176042696095,1.609258890454233,5.766005444101509
55.28770793728658,1.3801110810043544,680.0753633485765,1.6461642676473207,15.31227595408206
66.87566839190228,1.3608378522514175,912.1315773839204,1.5225687691779717,19.030417147579215
24.18609133850518,1.4793847277220784,219.3021459460589,1.6265197562698603,5.660600887345679
23.02111493741553,1.471119928320906,314.2857142857143,1.3798704519133431,5.540933159722222
26.37617403132621,1.4765853975700185,323.3224390399198,1.654721052468674,6.174057918595679
23.38935516354483,1.4809199995765108,227.19623273282687,1.5532426337378415,6.383065476190476
25.95703134165403,1.4609152854339236,498.5736375131175,1.6470484042094111,5.877682467031425
35.3575687470969,1.4380464440593077,387.7701670706429,1.628854092244448,7.185199331275721
25.497220337862895,1.4685861699593403,403.3245309501484,1.5484218016219933,7.212922932526483
21.549586158518192,1.4760816224033195,281.6414083415688,1.3720474924151518,5.816050507973252
24.966181800292052,1.4714608310187622,314.94700849809004,1.5549482693427714,5.838637428350971
21.79502187437644,1.4721591567046144,285.1253706583843,1.406943695697172,5.541087641460905
26.66337996499916,1.476594450186978,407.95139201817426,1.5371299617996812,6.597712584304983
34.68894249861038,1.4313468174217945,378.39083355776455,1.5235180009773506,8.4075994130291
23.506099203439135,1.4707184757333132,231.9779418355756,1.603233348972948,5.698319990997942
26.309260588349087,1.4769353640059328,628.849694216241,1.5232974745625256,7.1756943066578485
33.946862130627174,1.4244725885187592,461.21424920062753,1.461696902635958,10.35367577937788
24.138839327697248,1.4779358481622067,430.00092933019744,1.547694291448661,6.189007957175926
23.49043186297773,1.46019135440192,324.55646759108896,1.4999028603520952,5.825163816766176
22.829468350156414,1.489382553424473,238.8608240832246,1.5308724253667785,6.086073881172839
25.96818140600334,1.4715110916582392,281.4814814814815,1.5311304708741975,5.988127797067902
26.87483650557729,1.463136741557722,317.78762748631203,1.5586246027453976,7.359486537993741
24.633388217340972,1.4823592215388874,318.2980829090231,1.5925674351991874,6.024884762479871
23.52824494831151,1.4873265649367682,240.3315161372062,1.5441046751950542,5.685785349151234
26.789958057315875,1.4600896673535424,276.4518214476283,1.5090406928444382,6.756009129844507
23.625996481007064,1.48154960556922,232.11318548538264,1.5286243138643023,5.540951806841565
25.09640841540478,1.4601909918820368,306.29176888845285,1.5469505667035113,6.833899970390789
21.510991602819924,1.482379952790258,269.6283351894726,1.3962960446298192,5.686286651234568
21.361994610504716,1.4745633062552583,267.3267967572852,1.4182445110009771,5.77138336489899
24.55587493354408,1.4906867211894774,251.6414083415688,1.5914357417968858,5.499133735670193
24.312017114207833,1.476845797805183,211.06931104922265,1.5963566718747455,5.208643180941358
24.225888353740174,1.4327123429975996,243.76281692587511,1.4507828507836902,10.296020511831276
26.23085166052864,1.4678396498831423,275.40892613718734,1.5484983852707852,6.551079999604305
23.17022665186587,1.466370603689149,211.01357763337137,1.596269904689657,5.988811053240741
24.912375244293745,1.4680231530993229,268.904950768806,1.635818765179447,5.630840888631688
23.32841674718571,1.4833053222412522,200.98350097071744,1.5516718698425749,6.3800453317901225
39.953268982597194,1.4192212068008374,337.6449262493003,1.529429544584357,9.953071263800773
50.20859333339797,1.3885079968816516,599.5983411547729,1.6385846836701423,15.004851862185848
24.57924761212661,1.4678121262817767,270.7259762737265,1.5975740175921604,6.021820505401235
23.675744612826424,1.4852068019753597,208.92203609090657,1.5373754075314892,6.029199540252058
24.975408738122507,1.4532194562275305,245.81228472908512,1.5314938087254506,6.686718198853616
25.973941646374215,1.4569632204507652,246.93716807917843,1.5733659691898696,7.229884232467421
21.755594972057395,1.481114855042612,172.7744838543464,1.5018723054849543,5.757846064814815
36.80796738466863,1.4336027996367855,373.5192971262413,1.4616286367707856,9.191155048147618
24.07721313324165,1.4918756130572228,266.6666666666667,1.560423094054597,5.474947702331962
22.47924056473228,1.4782245752960872,186.29165045558616,1.4906938292545586,5.556154996141975
24.719528216892204,1.4827792141286882,269.13472376900495,1.5375925786361704,5.718658923059964
23.630150643455725,1.469185708371176,164.48065953335555,1.474598884983708,5.643495772247943
25.365222421695393,1.471334139878218,549.0842825784107,1.6204880865676743,5.625680727023319
25.48152079675155,1.468890748474776,225.10421483030177,1.6223959423294636,6.008397506571519
49.52995474153727,1.3813473100700036,594.2973492801794,1.6095021731691446,15.254882691936729
42.85617960523971,1.4067537905094272,961.1077980889808,1.5741653624225331,12.97684510030864
26.11793761890923,1.4740926194075303,240.23188934554707,1.5534556849630894,6.012848765432098
25.499082096209,1.475203844775714,212.3902748375428,1.6789636824987657,5.659266225137174
24.542021574859856,1.486668121651383,214.1603141000489,1.641618327235671,5.4210183979552475
26.36790162594308,1.464402886873137,231.29415953124845,1.4680229979558723,5.925244660068024
25.009269388734463,1.4937031214563987,212.75298964361608,1.6370764868104255,5.8048532572751315
34.89971669286586,1.4393084825558236,322.43862648057484,1.6192008677884084,7.174432385674601
25.41028680419389,1.488825524040214,202.1637021355784,1.666236112861417,5.754813689557614
25.751326946027444,1.4698828575432177,207.09770380301768,1.6461648043961277,6.630624879436729
20.146683986390354,1.4543424262016529,208.35010631366765,1.1987079073924456,7.269418322402264
15.191180105969655,1.5045729405956774,106.66666666666669,1.4407047824660466,5.958524787808642
28.17401190337533,1.4667575360733702,229.9740122278099,1.5430430036708056,6.8053683618092435
29.44671166561643,1.4532887004770876,173.33333333333331,1.4999061511403573,7.681843522025815
25.85163182289785,1.465941681431113,163.62011345973298,1.4966981978881948,6.3583810228052124
25.374764665872867,1.4807827729980327,179.58086289075973,1.5818979324855424,6.04019427910053
15.55413323616068,1.479531838454605,159.99999999999997,1.492476207719659,5.853297968106996
25.83358404592667,1.484301480952838,158.77728987569807,1.6064617675229027,5.7056891680283215
23.86728381072829,1.4459092448987545,332.5015546578388,1.407225371689247,6.588033454837817
13.402350731176872,1.4455090427959552,116.53398073809323,1.373449260577112,7.81619514371142
23.30510073400421,1.4773176549824054,166.29514606666106,1.552608223568292,5.393362911522634
26.454735066334795,1.467242042593836,204.3274042711568,1.6622051561105122,6.761946694958847
39.204002774549586,1.4327462287303638,327.33956580571066,1.541471103456972,9.391137988683129
23.336186624576182,1.4710246404555205,136.48090636666387,1.5338593430431855,5.563310024434156
13.357040020778223,1.418369274123829,180.62520592132464,1.155510970012198,6.72421836419753
26.450694028474693,1.4654490771805695,195.01868792333605,1.4884765479530142,7.609709254972565
22.40532719150547,1.483826272768891,136.48090636666387,1.4878134732121868,5.828129501028806
35.73534550891776,1.4378924721895203,147.86980324384817,1.5549173844079387,8.180151533344638
14.5155006008221,1.408634708068898,161.90990954865302,1.3136710009964216,7.383752572016462
38.44878193621866,1.4357664853216476,327.64866829800013,1.5739936064469215,9.128600033068786
25.308820248648537,1.4803193879852836,203.25585201644864,1.667993778150639,6.957505979938271
23.094312085404596,1.4722897537085569,178.64460850224222,1.507468921107071,5.61925234696502
23.02924748113759,1.462099382399927,201.96541833980095,1.5601641585792052,7.297575231481482
18.377326048247173,1.4078335709921042,138.85618083164127,1.527614018800476,8.282731157408076
25.402416542872523,1.4888000636064085,196.28821220314197,1.6122860744604874,6.60401753917379
21.61766927059903,1.528840284675698,170.27283689263066,1.4612193987685147,5.74209904100529
18.33633944959584,1.4892360529894215,154.353216300553,1.3023486966737905,5.971042791923868
39.48416088062794,1.4212848697046525,304.7619047619047,1.5164142774499607,10.772919680748457
46.00422242885572,1.396292261720266,544.2980342451614,1.540343559138593,16.015891479276895
40.53759751039843,1.42557241038051,300.0,1.5237294612634806,11.29844416386083
22.277196709096263,1.4347318601512906,376.53831619147593,1.2875966672450896,7.719260288065844
37.873041748954904,1.4211074534389811,467.7564381543135,1.487424451855507,8.413909060811605
40.05168775822924,1.416134329702743,305.42236082220876,1.518650889220743,10.679408513947084
48.434884152504395,1.3812104952796056,676.0532958275719,1.5734194502210028,13.818175943462403
24.767406276642017,1.495949461741591,224.0253073352042,1.654264968567735,5.653134920634921
22.61913886397568,1.4199596849196612,340.5660906739314,1.3481202821942846,10.416687096661056
40.83445902368483,1.4076257995295796,342.4777548686636,1.5492434071900936,9.509481540835708
60.34534557525875,1.366603569955034,841.607259344993,1.4584374536314142,18.05712796351621
47.7903797696055,1.3890436053977226,658.3986948411541,1.6180729827448113,14.599559909611994
31.16009944684733,1.4556258484632647,528.237926749285,1.5392440976236292,6.432104241683807
32.35231335538076,1.4298764968477096,997.76712191818,1.504845934773895,8.821770023148147
70.87104318638859,1.3617721601257229,374.15041961460423,1.6406398059159124,18.554427987557872
47.30303400497441,1.4009106490198218,660.3744482195385,1.6182848702819703,10.477824676890432
24.080409480422095,1.4520005783837493,347.52457505650665,1.3832694118769608,7.281142095871914
51.90954132479399,1.3994840046038766,428.7670295038111,1.5453157922041578,14.155910129862564
52.97039860098076,1.3827173214010793,678.8640521797721,1.597654816216787,17.526004788489473
30.81034574544012,1.4585294393211563,296.0252880536391,1.5366617522994424,7.095494159005997
41.33206706432415,1.4182903107781215,334.9836585598797,1.5372524315145708,8.717319361772487
34.31327687490623,1.3725001053473551,763.615660436506,1.4746549047923911,13.325712701168433
47.45818608021362,1.4068741433637508,624.6938783943939,1.6169015079754572,12.122521855934728
31.593296115410453,1.4519416247928452,543.1554963839793,1.6157148457091048,6.580539527732389
22.656335789522593,1.4851052382872056,193.01898050140315,1.4575574606910229,5.730741812414267
39.34300873186028,1.4231214585082186,329.2643386765355,1.5247866767029747,8.128133246199102
33.79901550859127,1.3958174028822674,747.0309284272554,1.490226596484648,11.972861625514405
28.121572550728896,1.4420353532195291,378.4107146917591,1.5026580138021874,7.131466285397412
64.69694565871714,1.3599884380310157,873.2506364177918,1.5174343152871963,16.973527612433863
27.48515089427732,1.455288025128172,354.19525511147936,1.517099216921174,7.512510351521168
72.95859787135981,1.3603531748658677,647.8144226834748,1.5730220750343724,20.585452616442208
101.14491714972674,1.3087192883854966,560.0,1.4399982520319297,39.567254211676946
60.93774776723977,1.364460261230365,621.6767133380008,1.401972553658036,21.212418378665124
34.08129073576336,1.4453500690733792,552.0411883739077,1.6498724013325994,6.3389341912473505
39.73297620192066,1.419729455495995,502.7977048203052,1.525945091235848,9.773746890223144
33.89346362430483,1.4107485207477986,678.7424000189092,1.5133797951657435,9.950798141223489
60.256388369044814,1.3775594297265297,362.6929764790307,1.377907141268377,19.308044670414464
22.51620007315109,1.51692101383286,190.69197400187088,1.4496056643786572,5.67263668430335
84.62727900574662,1.340573449018313,592.6447385553985,1.5510243281295273,27.563666853444055
61.676944087954226,1.3600789271696263,446.0111501064037,1.36150202357758,18.959993537808643
36.33126899313691,1.4222050150849843,384.0780158876475,1.5185682470148072,10.18519642830126
25.178776344456136,1.4930561237489648,299.09591837977155,1.6126391722968143,6.438114528218695
22.85619198225039,1.4792329218800038,214.28203650873377,1.4399363156551075,5.640958994708995
21.64609515734308,1.4889736647771634,232.63547927939223,1.4640796081371117,6.011455118312758
37.393642181155165,1.4246738656005171,388.30265694561297,1.470223701129498,10.382707241918457
24.442038373444667,1.4733253960178367,285.6316111274993,1.618026643508762,6.123344569830246
20.940060019071943,1.4907401758610972,247.1225013553252,1.421465581244692,6.2428126071673535
61.296369528260136,1.370145900457499,692.4489338119589,1.3167369001277045,19.019733957047325
22.30507822570934,1.4993319428008531,247.6102209542944,1.4300605198023346,5.724080343364197
32.909021369203316,1.411841528378126,719.8277727513938,1.4732989299468304,8.739304705356941
56.18376498288636,1.3752620366390471,475.41032546528487,1.407392976818047,19.26438147597002
20.70441448349116,1.4505318018351352,102.94722804936131,1.3379452389537592,6.565843264857851
44.18459272905612,1.4126620191756818,414.333863896131,1.5017607372068262,11.458360917911673
70.60107985837186,1.353629875864707,510.0567969786155,1.4472242707535423,22.125417223112535
19.34017179658406,1.4591043501901275,349.1738345828385,0.9595560034964812,10.020417833408006
68.8807951969234,1.3545755423808974,554.012754837034,1.5374730900606215,20.97526190052232
73.30191265969863,1.346782793543417,350.84121546505196,1.5840513901685664,20.408162519290123
49.05565151835823,1.3960964855032083,643.3176458224447,1.527164753379681,13.716940173059966
50.51985577787404,1.3894742299548897,507.74021469097505,1.4463229566790008,14.69617844592586
22.5206819462695,1.4601738401213036,346.66666666666663,1.4231682791810325,7.1310007461089135
25.300697402236715,1.4690815091368108,301.5812326353858,1.4418681708919672,6.2029653053350975
22.55106640474554,1.4875986956230238,335.21941930652923,1.4855455326349696,5.449239245756173
43.4630565950452,1.4026774104131234,492.3688622857716,1.5458175903609697,13.813072183641976
22.223912459133462,1.4873171988100446,334.6535935145704,1.4777688904394173,5.303231899434156
34.20717697144212,1.4194710577907814,395.2538101247935,1.4570528556101503,11.707998787477951
23.251384913606618,1.4879045536016795,238.307343843938,1.4028523026063602,6.826568279822247
18.942908406361735,1.447349576836754,266.77457238415354,1.3880344850690065,7.301707979681069
19.096385869379443,1.4606997565511703,62.97640742330725,1.3363753694290337,6.33744392085538
24.221445835994988,1.469395049347486,324.281928704043,1.3288108181956726,6.829367766203704
24.51137808975599,1.4590581041011133,281.9804438941562,1.4495941299796142,5.694230859910837
22.98474363745778,1.4720307493056708,330.5767001599151,1.5183199954367703,6.249298375342936
27.42336209987318,1.4718079887307325,346.7006646299252,1.4960676834204036,7.889313084926324
19.093146587526174,1.4619990365705502,61.37432522913139,1.3379298019483592,5.824443558141475
41.83533316946048,1.405299384371105,483.6728157852664,1.5416969724915457,11.183519965277776
28.239332204382563,1.462385958080205,329.78110219784696,1.646476267727647,6.414823446175273
43.587575247150745,1.4021992130495364,526.5576103627084,1.5458423637402938,12.008393179381018
18.345939920011578,1.4356520238271866,267.0322987006403,1.345383527142212,7.29115881397891
44.008983946496535,1.3979366132377102,476.0896006037868,1.587134290365735,12.923854844152304
39.83693774014556,1.4073073368850575,491.04372119458304,1.6255402322330184,13.215559847608024
20.414301233172072,1.4603812838979056,73.33156118109358,1.3935731809984524,5.743405623070987
45.39093691600904,1.3915379005819015,612.8078925756811,1.5567841658110029,15.144185635288068
28.399706307537695,1.4486206903584729,56.62378761818284,1.4536334795630803,8.154860427281339
24.851814006372216,1.4594393169991493,228.45549484426567,1.5869929970880583,7.143478919170744
35.68133986052003,1.4191302833762072,478.0063225262251,1.5967110916596283,10.7705788414903
47.482117521331304,1.3842345396463616,503.9611498820551,1.5727037774638082,16.446910028041252
30.651614437410604,1.4455763952261127,658.8109796178821,1.6246167419499442,8.423636415214233
30.075988226257422,1.4538057214015347,390.49992003453616,1.5466820741556462,6.955180146401175
29.958539824391476,1.4474341039654075,319.60338775751916,1.5579182835569232,7.187093822337962
30.61442108993044,1.452491337253287,366.41512936572616,1.5469774700678989,6.930774113390711
19.623158813887333,1.408558239848084,329.76156947298523,1.364375537833821,9.068336869855967
44.99491097108093,1.410019985080854,561.7715191933644,1.5842899945610065,11.1142960918202
45.374743418524545,1.392928994602989,454.5423475423882,1.4854709914044542,17.184458567570548
40.88870281825969,1.40439829092027,653.5898612410576,1.5466567485056173,13.9248268175583
74.70826424501087,1.364053440289486,742.2575855699514,1.5628938351081556,22.740564465753156
27.46446555675888,1.451379399319334,223.36513387003325,1.4789303653590449,6.662009154040404
22.119075770953057,1.462474740171818,189.8142396999972,1.4795384627752697,5.860043885030863
31.150176169250077,1.4358712580067163,275.53441866637723,1.476142770582524,8.441495331790124
21.05215662335503,1.4677889330787517,203.9340038828698,1.5127842904248812,6.254272038966049
40.08879560686734,1.4196174134775223,601.7172128062024,1.5819893874327708,11.908954351206305
15.469458434724858,1.479735788507499,134.19326802994638,1.1517609389100325,6.037618473508229
58.63305702337925,1.3636267786491918,550.476161853298,1.4867365216437014,19.430556609040323
20.347758012067956,1.426249443123288,146.6817857519728,1.3864756079135048,7.1758793081275725
23.82003656862365,1.439495140045929,638.5272477827358,1.4566203607292456,6.6188640208839935
75.07702572410051,1.352716907867059,779.7166935229692,1.6947558473290258,21.579284225130586
31.36715588581012,1.4133315181060764,645.343365524408,1.5417912874131217,6.367060905173633
14.458711255924474,1.5005799730071656,93.68867239266072,1.1535873796224272,6.12392779063786
27.749619850952843,1.454668445686231,602.5261788538131,1.5314709848596946,7.625488315696649
31.747775039257437,1.4551804881720665,708.8793646458919,1.580073125425881,6.178828800729532
21.92478183448411,1.4687946630878077,485.9554524889424,1.369328907250711,7.066635199652301
21.62245498014096,1.4728544457538015,259.68564716806986,1.531648837010266,6.132201003086419
39.60300242668195,1.4194331328223695,555.6669980067546,1.5156608873731898,10.17927733630849
20.002157398545144,1.4437460408012497,914.6671557947016,1.3179385713462344,9.17297292952675
43.60999049066302,1.4063329959931985,549.5247485250553,1.4819412765133653,11.140357124485597
21.033876434716262,1.486076645620057,203.1475730333305,1.469545886413756,7.162498231738684
27.250842335840805,1.4428892831099829,481.2046698379159,1.4467861496219767,7.214008728780865
24.57069002916169,1.4483502202528842,511.1710920563892,1.3842209168177293,8.489661689814815
44.74075919199986,1.402390960218336,431.7009941090779,1.5194281108947252,12.28829673968122
28.49237148983538,1.445974805046619,615.5662545529177,1.1895499990833118,14.185433706275722
25.26912710144972,1.471964890832798,935.3129110350274,1.6556487818047116,5.862212770061729
22.725519561132703,1.4532898670660397,597.1095776997305,1.269620064378285,10.96417807998971
30.770430930764903,1.4175243188856792,640.3089634301339,1.4138991326372463,9.249374137020794
27.04546027447515,1.4496855784519234,366.3103200130932,1.4576456267776017,7.230033206569665
20.46488617659708,1.444663678553604,747.5025573532654,1.2099976932097642,9.672839666923869
26.910213837012257,1.451987448915157,200.94304298659796,1.4290786439123098,8.946962287808642
23.754559221203635,1.4570276515252365,587.9185238715955,1.3862351392497,7.473117283950617
25.163397686320327,1.462969505620662,500.5174731184018,1.4624673939308157,6.764891225137174
42.061496338886734,1.4062769659835137,508.20278206424945,1.524845641444743,13.136173897351652
21.15310454878056,1.4411448811064236,127.68654963388632,1.4382914531483768,7.730136959876544
21.152313311553065,1.440201611929991,536.4041154078704,1.304780315540434,9.019668485449737
26.193497917872975,1.4528014566381935,621.6989269618051,1.626447646745349,6.017937005166397
28.838733600716058,1.4735434308102555,372.78484068607895,1.6788463178193265,6.421361696037435
25.669322843919183,1.4666010067310484,588.2290983352322,1.446394166223353,6.351408982767489
24.71643532848097,1.4613927885746585,695.6682053445265,1.463038133670446,6.976036554783951
20.732296751636895,1.4405201860635302,562.9936058508465,1.277629503783754,9.179588638117284
53.03143407384273,1.4024717381771497,261.0332277276543,1.6161753479874972,13.49970992476852
47.86144449613337,1.3980084245214508,564.337968599564,1.4705954315851617,13.069092363968904
25.588903045646756,1.428788664747885,480.975672503653,1.2791459950929165,9.860890589927047
41.61738083332393,1.4192416606600515,491.33980492039694,1.5452015043904872,12.532929285622428
26.923591293335686,1.4528642681652175,370.7062676420223,1.4332786276635483,6.340972061471194
37.18987737335424,1.4337526375571703,65.52284749830793,1.46280058538063,9.891388099747472
16.73672231098826,1.4756135948588087,248.71558665976468,1.2792377308587763,7.054004629629629
45.48149193679176,1.3991089957662697,612.7420119330455,1.5020466533624628,11.22884979423868
23.38198736409435,1.4837827979310256,180.4007553055532,1.5010435904172117,5.439689842372134
43.67847866720235,1.3967295790051446,763.6820065726376,1.460112130050797,12.995872395833334
51.0644565225813,1.3884677843076478,1050.559184452388,1.469367777610865,15.393554526748972
48.96232132658772,1.3957675074574578,616.0951886002613,1.508467414396967,13.77146854102366
27.972714377010664,1.4298143014511215,801.5104017436308,1.3970942369855597,8.069362340856483
22.237583047905773,1.4381911904848466,599.1595762986259,1.3150678352687597,8.008825713734568
45.244408190927615,1.374867852005987,413.1911382656126,1.247765411471527,23.173658509700175
51.129341587607534,1.3970426541714442,230.47177714381388,1.5947925249628825,11.797388994107743
41.527971168169564,1.4052951692340272,644.5888598358554,1.497890943782264,10.041129533179012
22.77445806623731,1.464713483169077,247.6153698420671,1.524152945053204,6.377276510141094
26.60741101084284,1.4772990279918077,180.2867801263997,1.6712468426875935,6.496791756208742
51.55088429791761,1.4061907708681702,233.5282745374454,1.5462989023302542,12.9428209304984
27.44864309392658,1.4918487242560026,375.6011643394434,1.6139341726586307,5.782192644032921
45.278998090432665,1.3969219788940983,665.4438800706569,1.518640727560595,10.556754018138076
45.43907861331798,1.40652298184933,122.72713826069214,1.588517475021583,10.742644675925924
19.50523791048188,1.4907064254690932,170.1053183976777,1.4174858825946968,6.381139403292181
27.813661967222007,1.4770528475069062,209.84564592383984,1.7154771180605477,6.5178828347578355
96.33263528527972,1.334331653306173,1293.3218828505417,1.621374207484214,29.705363020168157
33.835490076161584,1.4406482421020212,245.96881261272557,1.442480091858818,8.774692804783951
27.53046775918052,1.4780186071161925,223.2455532033676,1.7135222114840465,5.597386100589225
54.02971081521919,1.392688032342657,244.06625737415197,1.5705278453191625,14.331181607744108
29.998111451681822,1.4621918175749171,452.44174111391374,1.5819918105707402,6.8555024719936
26.991582254404324,1.481494851138675,232.0337431136056,1.6364256887019466,5.621633294753087
22.12739172775419,1.4919306601661877,247.4489349765812,1.5617170315082574,5.523024262688614
27.22435277897652,1.473538434982954,240.55435096558523,1.6971160573454118,6.247489787581699
21.213524375529243,1.4757104664006329,556.7208658940727,1.4576554420303391,6.580435411230803
22.789651206569285,1.4942752333293394,141.7747573083112,1.4812139371104562,5.5333062065972225
25.890615233149894,1.469732326282898,550.2125059059304,1.6574923565227608,6.05032600308642
32.23893143964126,1.4400421874924825,244.7922929283389,1.524141061250626,8.020400752314815
23.524621163364973,1.5011901316575722,118.75486939316391,1.5087730844135834,5.704463895318931
23.840960624292336,1.4801747961674037,813.9481620649633,1.5096589906037914,8.569809165564374
34.69575489681455,1.4218828211097885,796.3593486114804,1.4522186304161673,12.32585331238977
23.024023962212823,1.486188682779264,117.71236166328254,1.533061147015217,6.12294045781893
34.96191604888433,1.4446480407250997,425.20087357821,1.5167081330787615,8.55007349537037
34.116701688698036,1.4418637574331925,371.57821225823534,1.486236700241069,8.15781270278687
19.579289115667297,1.492510802483966,200.0,1.409288972045098,5.507245691872428
32.591029369279354,1.4369971941840576,230.77350990154596,1.5144694430812995,8.493368871676164
21.872593677741648,1.4791705944208238,105.9564720176572,1.4321547231186968,5.709421832133058
19.99763231214258,1.5003328938814997,139.62847939999443,1.2923564034903547,5.701342753343621
22.67423270470424,1.4737828501712051,455.5403341412859,1.4592699138493677,7.991945248199588
22.798352167357635,1.4910997520593203,121.22265319993888,1.5062467175217722,5.74837606095679
27.193449568695144,1.4924561608110472,259.6314016548682,1.6770580210722164,5.879535710841049
19.52934291595926,1.4661201712968903,459.4544195137116,1.3562915951896115,6.8836678854517395
35.609691990296994,1.4421710285356395,515.9810024934085,1.4521060609499588,9.258495939905837
21.194670480395345,1.4905983021946196,451.7741966820008,1.4307894413164235,6.561659469966762
27.772935002255583,1.4827108053443885,262.0638412162868,1.7363040768671132,5.665022933813443
25.94800137989368,1.4707230704533858,336.1108528223508,1.6769720119282412,6.023588708263188
22.15708711013134,1.493118728129425,114.89995335472362,1.460561082111067,5.672671802662037
23.14420757480796,1.470341969173905,427.61423749153965,1.4697744601811047,6.096231491944564
19.684482099328587,1.5000086322540866,141.93966044030103,1.2790726266678585,6.147042824074074
24.82163470276348,1.4678642204625183,93.4912618041455,1.515868222837147,6.177184193121692
40.30838773136094,1.4045691286615067,505.701533394283,1.505675738006019,11.899696180555557
28.703235756605594,1.4702340274257344,265.32003508034353,1.6270588619609965,6.1629775109310705
42.47111904967488,1.4224069375085944,564.6589971624823,1.560970834792073,10.519366997886806
41.65208506051007,1.3387940621850405,629.3987509796278,1.3439306879326545,34.76444332068484
35.483205460997816,1.4411119818911065,352.94650590628976,1.5261254604593912,7.957216079174867
42.647289395773875,1.413968398779522,483.39610900046745,1.5554074803469666,10.288622176419612
22.24906470888895,1.4501639668254924,227.18360063085083,1.5128711408201745,8.89279581404321
19.449422046477466,1.4702454430808236,145.62832855741706,1.353516197391381,5.647095379962836
33.30206096403757,1.4394542246572657,374.98124881046226,1.4568447913039793,10.018435142318245
28.338647886428173,1.4618944596326304,284.6030768643747,1.72447915397587,5.682857510288066
34.520796737178344,1.4347018013220874,383.59731623234086,1.491884596024257,11.6953922968107
23.277975976829545,1.490090260180694,97.08567949894072,1.5034903470093113,5.354037101337449
33.21283134148996,1.482705587069007,337.29411387704465,1.5203249784530912,6.890131172839506
24.209014361337665,1.4842756336868583,101.43125276069416,1.551670841968137,5.437402584876543
22.577614366601196,1.4910879148529337,97.08567949894072,1.48889799078965,5.547506430041151
16.504840217400556,1.5028188439733026,53.333333333333336,1.221341106029329,5.960826421039094
22.74421394209488,1.4903056535874732,113.80711874576986,1.490501953926871,6.181436700837743
26.043966283815745,1.4578384339926893,213.55241230296468,1.5351208660182574,6.876129886831276
25.620522897017953,1.462950127459694,249.92592503765175,1.4761568157523302,7.371169505600537
25.60162598096379,1.4477958046749295,135.05085607141856,1.2132894744513258,8.904615403163582
74.9611143456517,1.366853673079155,362.9616685228059,1.5686640787326998,24.83448093492798
25.44990489647373,1.4573055494095033,209.0111089727584,1.6035232439541585,6.506938094778806
23.211307914167985,1.4676118379751222,131.5809978788164,1.2653527164908331,7.629151845421812
21.766470771950463,1.4912747450236878,110.67417439661024,1.5063981241905908,5.853163901748971
60.24746457494726,1.3952200187003905,429.16308731155306,1.6121133192351111,15.159043370627572
23.53637588665332,1.4787214687714991,112.80525881037968,1.5187844063856264,5.658264746227709
24.187114816674132,1.5217946448959696,209.5238095238095,1.5662181594506783,5.222909673996914
70.35506200669076,1.3583231077499405,385.97649364535664,1.4820608741067254,20.98707261965114
17.21059887487823,1.5046073599969385,160.67125326350236,1.2609963550750778,5.216586853780864
25.402774832127427,1.4718407828035165,241.05949738288328,1.6110874546904943,6.765292394800904
34.213051514118504,1.4352792547415745,321.8782266443078,1.419655605697114,9.42055494199441
35.1761322523648,1.439310587359513,297.0243808003938,1.5089660711840696,8.583655511653895
37.552087920720325,1.396336387775198,651.8648897171993,1.476757978607416,13.934911720885916
36.315574013216825,1.4346634273414276,284.6030768643747,1.506124370594563,9.361483571244856
35.42053020650592,1.4219170441848563,269.9494833498043,1.488336530486141,10.180688496656378
59.75319230286064,1.3610350730102525,899.2218162002066,1.5892933546419972,21.48434196566358
24.38955029574635,1.4630466613636373,227.5602573775932,1.5361916727306673,6.347987879372428
17.901633690534872,1.501636621276239,108.70679583212473,1.280633862727264,5.516655454282407
23.953904552304063,1.462945785375377,222.8396639336217,1.5059694569506117,6.51743644743022
55.02855590502465,1.3642655529403438,919.493701510478,1.5885256728712571,17.39728845164609
22.127319930073032,1.441198211434318,145.15132689830233,1.405372921258949,6.601056295010288
17.730156352005924,1.4747855703091923,145.56852528610327,1.3358219781698644,5.636442780671297
47.738923167637104,1.4117650670428463,372.3999937398594,1.6465542977176628,9.908623859211437
24.474635358751332,1.4815303528461548,520.5088496310676,1.455046319361024,6.437580811838624
19.63215982233977,1.4756142608947829,95.71067811865476,1.1465233607551897,7.444630915637861
13.965914054228564,1.4758284098509549,111.82772335828868,1.201850015625,6.227177579365079
23.517155099955097,1.4569768662562743,138.56918216685304,1.3850083809251017,6.13235892489712
23.388173160849277,1.4212684604565171,484.2019654560814,1.275452574950272,11.987900969328704
16.68345701165339,1.4635985537903695,154.47986840830745,1.2472809000429603,7.341269611625514
15.92120952184638,1.498624877605879,179.97964669941547,1.1893320512692058,6.134417277520576
23.689688828473557,1.4612524530587725,117.68008898200424,1.3983004019730347,5.848310329861112
23.602848781057062,1.4824913933048425,115.4515951892616,1.4068415941890564,5.703196132330247
20.3881171462485,1.4843090763293567,216.7460099955113,1.4235987688235805,5.841268432784636
17.1946691807373,1.4864457013628862,156.09585752823395,1.294638173797939,6.075898506393297
48.478921907713186,1.371125177019065,489.5221448828085,1.4919595481147792,11.95742655285494
23.78467920216915,1.4738967583174902,111.07204385701552,1.431857700784794,6.156681272045854
22.402491971815387,1.4919472664541529,420.2058221869469,1.5008214217798184,5.388110210905349
29.688607484702025,1.421476986818878,743.6770399006012,1.369536786938863,11.414867597415125
47.27190949552918,1.369502612539154,466.58958698104453,1.472811188371993,11.56898816836512
23.20256689326724,1.4705382076415865,118.48466023163569,1.4198375571401325,5.804335776748971
21.906357958812425,1.486160105959976,408.36555991690614,1.484443761170937,5.513614647633744
42.215308971958166,1.4226109286619764,422.8049406038493,1.569319351783614,8.353165849673204
35.90290546334266,1.4138009537092708,668.8944155285161,1.5050801606471964,12.757495177469137
23.3956441260009,1.4890909371158314,219.3021459460589,1.5428356846060192,5.6067534722222225
22.2042194384042,1.4079356386341957,366.5108747070608,1.2420799158452307,8.611956104464612
41.59807428710851,1.3849926419785918,251.69953621971297,1.464696800450162,13.685495354295268
32.17984048284602,1.422757121487631,864.6406910513643,1.4336325174250264,13.140965767450142
30.865997676049687,1.423176699855938,984.874333854654,1.38275724024411,12.58988850308642
42.16860904166084,1.4393567470529545,426.0845089295155,1.5649985445728556,8.21103175154321
25.88770239596136,1.4231066657890683,661.9370772125055,1.2342096129158673,11.644014789767905
41.61737054018899,1.3914825791268493,230.17333929096176,1.500082375656952,11.6772156550699
21.735647110776338,1.4686705637395223,364.79322792262167,1.4217490737887837,6.170392554012347
34.68844997199935,1.4073300546587362,815.2815024026315,1.488890507813934,13.614439250949667
38.92518151782325,1.4191793638858516,361.6678619277713,1.6009997239390232,9.204116271583343
34.37457631170674,1.4004589645300154,911.09260130669,1.4884312548037424,13.7016522943469
23.895688254165304,1.470834256266423,325.2652919249892,1.465978945229438,5.5242414158950615
41.74851409931309,1.4308290025819586,455.3992902361752,1.561407404028185,8.383006790569267
33.177353964915895,1.4361884755936023,429.03989843222627,1.4051075861457294,8.63303643957563
26.190861912887744,1.452896620586044,191.97794183557556,1.5441787492844703,7.334958365483538
24.472693208062395,1.481955739195379,254.86694424428603,1.5421290352127592,6.438844762731481
36.82001366458201,1.4339378957712858,427.3164511467586,1.4944964379272296,8.074500072939884
24.75554373315273,1.4674026855065865,292.72478627586787,1.433959319497698,5.5544546406525575
38.84721801945863,1.4380266888424744,437.41368422878554,1.5076064054788685,8.615588252314815
15.943044812609354,1.464541464952126,262.30871809660596,1.3137728325452518,7.503242130744965
46.833582114563384,1.3967989822230853,571.9558432402113,1.6086150879830994,13.838443175747862
17.72018216528412,1.471826745266314,244.8110849839237,1.3472279967692855,6.731047051826131
22.49352309374397,1.4113029579544796,361.64020413939573,1.3243731624213209,8.817410300925927
26.532869238797556,1.455244235895123,269.40234723594807,1.4809586514668531,5.56643532297178
20.146992660875213,1.499979841053051,253.67563889803944,1.4315028739269726,5.732751639660494
26.348286247854613,1.453799729044807,250.21063024680907,1.488629883420593,5.349958201219803
19.599636071631547,1.526814382745072,196.2851295821219,1.3821421947768489,5.492017988040123
28.802668498358667,1.477146074744655,150.5958019051549,1.374631111925673,8.115333478009259
19.49005933244815,1.4685113172721114,217.1384438104805,1.45587821115703,6.153925218621399
40.32382895595304,1.4234639912660685,447.009782687091,1.5234273095079596,9.209835169220945
26.890838761667386,1.4575985083657703,171.01666853089256,1.42977009542642,7.207442719050069
50.358586924642175,1.3915647813263494,318.2753921279949,1.6145701055699009,14.583013906425366
18.06992994527612,1.4799988449765835,254.95514346383516,1.361865271115522,6.367424196959306
41.367086607487394,1.4019191066562005,221.57014570737945,1.5005533549035792,11.852514229960637
49.00906552829137,1.3919426940002753,321.81835994651317,1.590584433292892,13.376660236625517
29.96774289762724,1.4371421223566088,443.1883848383256,1.5377027753057486,6.911910377850788
26.4711515071736,1.4612411135806262,182.31893912936343,1.5584205451072066,6.460827155280281
27.443595660662705,1.4454367883184418,225.92241754868,1.2313885839609866,10.633281582588335
48.751813344528934,1.3855970128338022,320.47301909110445,1.590094847703882,15.16098884576979
18.738147522647292,1.5076305049189669,248.54796529836645,1.3664750643522134,5.34634093915344
47.83361713307639,1.4170127015570533,684.4241066787617,1.6498579031539553,8.851286755709602
22.58128534990441,1.4892459978788286,325.60218888528016,1.499646839773759,5.9272530864197535
37.7944493018501,1.3998340913610436,331.56118384632504,1.5868901449731303,10.449101524858763
16.16081874338527,1.4842301080667002,197.74265871766673,1.304300235950845,6.587866994598765
11.260100040348188,1.4907458026800209,98.7372168596964,0.9862338469693556,5.683351658950618
20.039139222297933,1.482247015525794,272.21816567515265,1.4287262526243876,6.020977768132717
49.10101602654149,1.3905161199898823,321.34122151588434,1.592589828625317,13.136746238425928
41.3633673735243,1.432564374958608,442.10526315789485,1.5428864106689058,8.717333381111926
21.24939511608874,1.4912956226644558,312.5900037122785,1.496660939848944,5.955527263374486
21.675357296930414,1.465848156768247,308.27261159385955,1.4765815494312062,6.389687267188164
21.348390472214156,1.4715299270415754,177.7591417142042,1.3728065118366193,5.786829185956791
49.570950940319925,1.3912718085341187,327.8110872990096,1.6003799964420615,13.6859383439429
47.32913198134098,1.4147780978916642,709.1396313831921,1.6455791443508283,8.337674728512416
21.919845146983327,1.4616622497014615,172.05149283916094,1.375882920775766,6.27125534862514
20.786977380437587,1.4936642399230642,311.91869855568683,1.4345317181481614,5.703910236625514
21.00101496442054,1.4723731667037738,296.29500185613927,1.4538734766939214,5.966986882716049
56.97772062325984,1.3695335283085663,721.523543946239,1.4679284498857788,21.18980147296097
54.87177830069268,1.38360914610065,759.6244764452454,1.5124829180820567,15.383307171103397
49.424258766143225,1.3925586502516965,319.4983194374204,1.6096257676396968,13.767196100180042
40.99514498276444,1.4233769842441908,431.4710065371923,1.5484172447289255,7.980816923078756
26.701240432502523,1.46774978818231,200.04418263355183,1.4905225590369116,6.795577479522792
20.305307091336232,1.4761826533178086,278.34214039432726,1.4400504448247695,6.03435302734375
39.11465135144636,1.4066725160434057,575.3223344890683,1.502677970723753,12.180141460905348
54.69509289875379,1.3657728496390338,581.933113181794,1.5139256608924836,19.647501260248188
18.21093544072281,1.4824292466628537,260.1982994725898,1.3632816519723752,6.060829078159041
20.897614013271316,1.4582574059016775,181.10435756162667,1.3636232366709231,5.782699790564374
49.22495915093357,1.3902090736386403,315.3633051734674,1.617141785040644,13.565214046177584
28.071014213608052,1.4806526821351926,193.15777307340184,1.5987501632946082,7.758851433899177
18.449922245946993,1.4856443040137253,235.03454178144656,1.4187207266706778,6.748019386574073
25.596657619767665,1.4792942621237886,170.0664365592942,1.6222784612087566,6.651576099537037
19.473379752038753,1.4742304571225118,260.8038361845602,1.402945314948363,5.742703149112654
26.04124549252366,1.4733551087961012,170.19506278731188,1.5818846331563683,6.559061656057098
18.06270643362847,1.4672898881626315,255.16785885892165,1.308983598569225,5.77587037037037
29.04517111921933,1.4489860542745905,229.17286882095743,1.5166696561100874,7.392986111111112
25.62696374620782,1.471048270159718,168.4588482022395,1.6208955131348866,6.830835423096708
28.909259761643824,1.4699633341775775,358.1795882744351,1.6810593778625034,6.5261464204240465
18.458181952365123,1.491997825136557,237.87209901559663,1.3399301607784917,5.568277667548501
24.67855586179839,1.4943570676165352,150.24420704830374,1.5871190093036835,6.122031074635242
17.75677239872694,1.4677424923029965,255.5237766912352,1.277796551145876,5.8024401776528505
19.848450609755258,1.480797118219396,211.61746200339425,1.467351591054907,6.8006692031156675
26.14868717645187,1.4877866144579546,135.89206212744523,1.639843650483277,6.3223500728738
29.318650290599916,1.4539685846644987,238.288514637858,1.5312348615862494,6.946933030748696
28.952118620587942,1.4382089797480768,342.75191705991136,1.628632048073044,10.047544981060604
32.949023953746895,1.4535996740896953,274.720389161179,1.553657494965238,7.450610787182623
27.18001172679511,1.4679348306317026,148.22472088559107,1.556459751353171,6.5040332992735665
21.755168999681864,1.4596125719281523,271.47732269651567,1.355535237166401,6.337522055815857
33.718921399459546,1.441240884684613,196.5298964516824,1.5340349997516831,7.987719310332157
27.916010928855112,1.4657544247061092,347.32679675728525,1.652471035614095,6.235318813131314
28.933424774947476,1.460992672619292,188.7867063746393,1.5454755664969946,6.332004016884531
18.63586742666719,1.464456267272199,267.41276136737974,1.3314968291581033,5.5358236078960905
25.99770401774677,1.471766515704276,356.92339584019624,1.4474535390899976,6.835887483465609
57.69911406591723,1.3959769346183304,1014.3870033122604,1.752621820450099,12.633164095380884
18.01677153657314,1.477780396483965,266.6666666666667,1.3074205593894506,5.83032421186067
28.15964395774331,1.466644781938561,345.2147503236377,1.7035057503667426,5.865381815843621
27.291322857044506,1.460817614541141,354.94387465762895,1.501813265171123,6.608608217592593
37.05882902914734,1.423863982319108,340.0567012621174,1.4897990896334867,8.904236066367284
33.805105980715645,1.454657365101557,192.1709329242386,1.5644462102071894,6.944979745370371
18.269111347118887,1.4743551002829896,267.8391011963587,1.2708763984118492,5.790895061728395
33.23423167260525,1.418337604423942,574.5323253691192,1.5078866245081577,10.076124465811963
31.55983292871346,1.4495819741488232,300.0536648306809,1.495220839793567,7.616164836588363
17.62980301917473,1.4824827402379424,275.0,1.2710550908548917,5.486875750171468
26.598961798873574,1.4153945185843086,335.1472926306019,1.3799729316752,13.049257933063272
20.07837166375418,1.489567192952407,106.66666666666669,1.3895239607915963,6.097665091306585
33.43707851122449,1.4478773735362092,589.7776711097185,1.472536046471276,8.233456983024691
39.96877810533647,1.4205617289298569,263.6210555605467,1.50596185392575,9.2906055680374
17.807721661307713,1.4806471197039246,290.25672917352955,1.259615413382919,6.258340084876543
28.70243387095523,1.4505248162071434,172.7897443319858,1.5074727592857842,6.700562700045724
26.440958694224364,1.4611656306176708,373.9480435637069,1.4343150931567608,5.904639515817901
28.597021723595542,1.4758792605432696,336.16246229312713,1.7397296883281197,5.899387900270062
33.96859858165794,1.4461697516367733,351.1735414598428,1.5436485445212234,7.889065987060778
18.80168176461841,1.4562479267606367,280.0,1.3375260069676738,5.4125000000000005
35.59707264369452,1.4183898888771924,369.3869546755277,1.4790437597617858,10.54476967122102
29.209842422300618,1.444751369734626,554.786620964679,1.4473995969012607,6.945043016975309
21.164391614751413,1.4857044909919723,120.00000000000004,1.4428175140026225,5.420815650720165
28.155874149271984,1.4494867719576592,910.1358736347238,1.4137952043190107,5.7688617219650205
21.62356554350442,1.458765411460974,254.2292368749707,1.3951848494833416,5.481960841049382
30.18180922138558,1.4577196485333093,252.34292546303757,1.581989329681969,6.56463395748855
18.85106788879807,1.4636776199262227,287.8297632305757,1.335401613471218,6.6295330584490735
19.52400573366103,1.494362945137879,125.52284749830794,1.368405988645954,5.3887107767489715
21.694241094411325,1.46847199103168,252.9599881617786,1.4421803927435837,5.769997347608024
34.44292737579686,1.4549500771588926,180.2867801263997,1.499163178789094,7.108097672325103
25.842060684263743,1.4596854027266009,397.6850500400293,1.465713215305649,5.829363233024692
40.10245800876995,1.4320852897100176,251.00489631370297,1.521296213596218,8.76438417762065
37.29063925367869,1.4233555327778156,291.80547619509247,1.4744316956508938,8.900630597260063
28.62254233965881,1.466365887583988,343.59476724333024,1.756706663989584,5.657028195730454
28.33264095270918,1.4612374076543713,177.0441029889212,1.4967138531145725,6.768467922132202
22.038219943557905,1.468286610440407,259.19277868132787,1.441483062257049,5.838749480650521
33.67985461701028,1.4107320724639498,391.95300159157586,1.6246065880078813,11.064856288580248
28.8427737461324,1.4544705635379047,340.6908292948445,1.6842004848814207,7.574382988089585
19.05348567063906,1.4739566896973333,125.52284749830794,1.3796953493191244,5.703809799382717
22.49330711504063,1.4659005456468897,269.95740946978435,1.4738369127571795,5.595931616512346
35.150543118171896,1.4444160128456602,201.4695727689352,1.5104809545202642,7.337121769750379
35.17020546849428,1.4213257840348492,381.7372274844454,1.558542510982467,9.933232984916344
28.163108126046748,1.4598593712781984,175.98897091778778,1.5106416662988684,5.9834022516835015
20.74391499942166,1.4681867023649866,324.281928704043,1.3130628977441836,5.6841015625
19.678305327729145,1.4876475605296162,132.25094778450168,1.3781755876450128,5.581267481674383
28.05686869671845,1.4550980044209638,173.2870508906313,1.5103235875708891,6.179577210815889
22.439296934662437,1.4579106218001734,257.9839751759912,1.425623738200195,6.731939571706774
22.556206078949725,1.4442553559582652,320.72706585235295,1.357829388165337,6.92490263080541
24.93775736729879,1.45699588689994,327.901721955339,1.4271803913110943,6.7302252375731
48.63462721534967,1.404170478774287,306.8773822781947,1.548156567098154,14.60526439525463
27.550687698422447,1.458089063001856,545.2250265632254,1.4578927385524365,7.425948573115115
28.41644597246506,1.4487282222522873,174.45959572909095,1.5131052229218944,6.51650427428525
85.4154070894649,1.3441065422817775,695.0146903657514,1.622608168882071,22.58393523398025
20.436531083099315,1.5087643214714,138.68815524448095,1.4075528853142325,5.487071277006173
35.53140993066093,1.4449579244443178,238.47312738659068,1.5227534305142236,7.668407498781677
28.708049775851176,1.4598699209437018,363.7869094871496,1.556222872996997,6.370798762931527
33.32397785576719,1.4461650904919034,348.84874414385445,1.5411322815692348,7.708182407103625
83.3040091289782,1.3591855986134538,766.40804589689,1.58648904501787,21.14505843299897
28.17030862731184,1.4707988254714648,354.11220994181906,1.6139169052432325,6.946232397762346
53.59758692772051,1.4031159957057768,763.0198226908493,1.514957654728265,13.297007977399442
34.92331560117027,1.4446411145734108,360.8702479406313,1.5132989376827628,7.453471817516195
29.50776464338084,1.4508045781130985,260.66016073193316,1.454419330928942,7.53096981095679
28.979454233838933,1.4575224250161791,360.1296354504734,1.5228973304581308,7.237930135306438
29.640298013426317,1.458819340225886,277.8716836008838,1.485805553331479,7.3999541729229215
84.63443265246799,1.365442539088092,876.9153136473794,1.566250524394872,21.697629529649777
38.040502061079835,1.410307999116123,278.18101790176246,1.5131202653011775,10.901757405214507
39.01224788189451,1.4258580512080996,852.1693750679373,1.5205726507422146,11.156612564900437
33.647809990679455,1.4339804622363015,469.96944615640274,1.4766760824791645,8.54620902305411
27.255238863006255,1.463172021224885,370.38605515066854,1.6706783110737442,6.1060350160356585
31.656568614668416,1.453324022078932,370.78061705929537,1.5807978459820071,6.8704446373456785
29.48452859891242,1.4560096723058125,345.4113163678564,1.5388495830628952,7.4450775559165185
23.929317953320048,1.5089457022139456,149.81423969999722,1.5560663988528531,5.983315650720165
17.918166266861768,1.5026264771896978,331.2499320143394,1.3894969008422011,5.894779007523148
24.97217391517521,1.4639062131276674,420.6240481961565,1.5019143451210022,5.900909891010802
19.363210177356702,1.5083921628064323,328.8286934163725,1.4482291418281856,5.310694565007715
34.21652516336482,1.4310030814967234,481.4228125981825,1.4315158901158858,9.334978526532993
25.356097121025872,1.4724143168449513,311.0860062295416,1.4168043679969138,7.096688421639232
25.437412876758312,1.4595211912292252,439.5602889729876,1.4392285875833977,5.320628616898148
18.739910795137575,1.5165331104512882,337.5816104477563,1.3578930110130127,5.615184863683127
24.89403617462692,1.4558058237324931,448.87666581218247,1.4398006007136506,5.95107409244562
40.7341457217344,1.410400155579551,641.4769370169977,1.5038942957455192,13.821162229938272
26.11658947321635,1.4531650959060816,293.0568841861406,1.4395723728345182,6.806876366383745
25.725021756962313,1.4710069210680894,186.6878339060852,1.542465922399044,7.214236177628778
24.068403772688253,1.4935916798228848,468.5618083164127,1.6134388058883091,5.549550540123456
23.628341021949357,1.4800164233379651,488.2276583181,1.579828645470671,5.622284295083775
25.106857162897917,1.4510951421990634,454.08677959139624,1.4233869803138848,5.848420781893005
25.929175998148494,1.4640627760983922,153.2197374383465,1.4555451225700555,5.740139874374895
24.622311508702396,1.490303771360102,475.86917283035586,1.5999482808723844,6.082425225389864
24.760143087738413,1.491717826465323,167.96691275336337,1.5608893678876123,6.153743949915825
25.115528877308257,1.4572684711300086,468.5618083164128,1.4236252396383495,5.881268500982043
21.56421010501943,1.4741268958866582,187.4749773044873,1.4495534690518217,5.453753419612794
26.158739216738,1.458151871006019,289.0388203202208,1.4549819390557366,5.751834774419027
18.154826922174596,1.504661731702819,204.3274042711568,1.455416612040208,5.932833719135803
24.201204962715614,1.4810429153372269,329.0911465953509,1.5782200972814826,5.657941468253969
24.73980967844367,1.4864410185588883,317.14744213348524,1.5737647860380763,5.617822007275132
20.08939509961233,1.5004430326194875,196.9211217556103,1.4073167726444062,5.499320574294532
27.26461199395477,1.427126881028233,439.0976848241052,1.4712852648881571,7.014966435185185
25.01833391680239,1.481823736842647,316.8798186665421,1.630406628161046,5.696091132054674
15.742052303384098,1.5308492533873377,191.63091995879137,1.3296300135976675,5.762723133076968
23.19207927325416,1.4331700282839768,366.69533984885624,1.5540150284150185,12.340460069444443
24.966604726926477,1.4769177222121326,325.8314461812059,1.5967637058449418,5.494793836805555
22.10256804636414,1.470790453623835,458.92556509887896,1.5072679263037885,5.436305084019205
25.434379512050153,1.475584769844258,334.1487014958096,1.6436127030290106,5.904634807504874
21.694062245116168,1.47722067265677,454.43683373730966,1.47524879164622,5.722255497685185
20.299894420861637,1.4681584602378583,180.80831063782065,1.4427019911809913,5.661615708590535
22.466167346204127,1.4697385492640989,346.8819010578968,1.3544161748265562,7.607278794199416
26.619925526566423,1.471099683430276,272.61640960428815,1.688812820927552,6.061575709431613
24.881831516346683,1.470384192599486,349.95991005368836,1.6148861894771158,5.777521781764403
48.53223774686302,1.403273880807616,488.37967824455666,1.6430283078682422,10.038843488205467
21.811796574905873,1.5074473178729186,164.40768083707042,1.4598547955180916,5.898957231040564
21.605155500820107,1.473012275484543,204.6365045762394,1.4865180844260872,5.9548986625514395
25.13135688597474,1.483258752656014,357.3846536275361,1.6595295718144545,5.865173396776406
26.637929261633133,1.4638566745692383,270.07383547070486,1.5819977634602782,8.233115669879062
46.58587602194889,1.4072741992644662,596.5671718814832,1.6184174964462013,9.47875930958132
22.853585106791048,1.4915889359154233,266.6666666666667,1.499007074040592,5.330159786522635
38.694674962699786,1.4248522365439311,680.5081945224081,1.54480560911545,10.478686631944443
25.25579940698392,1.4656514081470065,356.2585424770645,1.6161789649467335,6.183120177469136
23.93155000820051,1.4900396604609116,280.7655185376972,1.553181536537644,5.5658002186213995
19.971106581341527,1.497062783376525,210.4041553189103,1.404052726792212,5.569990442620651
7.526263570490546,1.4662147468454303,191.1482712022374,1.0644820990869666,8.616476746632996
45.15611597016496,1.4220005855730895,891.3346034461902,1.6041151138371037,10.553853041409466
24.465591349780656,1.475047533019577,348.0291569628305,1.6059801203580204,5.6828081968186135
45.66167291373826,1.4149363194119935,828.2317346015714,1.6099134473848242,11.428635085978836
23.49341069985147,1.476943407260915,274.2194621286989,1.5791813240840995,5.722680443029835
46.90710649770246,1.406678314367471,580.4294506165817,1.6209672240116817,10.542866476623226
30.858020800177886,1.4519311004147823,313.8241724449641,1.557404315699728,7.01097703967256
23.73230040099762,1.477576157707532,276.4803481322157,1.5248185049694911,6.206452314814816
39.824485239348014,1.412450905198784,439.0280829119097,1.506461199058991,9.496358343965042
14.81421238064453,1.4751482708075598,64.76030138606879,1.1837187696562326,5.62530574845679
27.40581828470422,1.4801003443330358,278.5443338672287,1.739250987921194,5.799775320825212
32.51679079134503,1.4578288472637115,276.1919313426727,1.4834211571117066,7.545822352801519
31.81868879793725,1.436796027731969,329.5933153182512,1.5515045198842254,7.694509548611111
27.90106173820086,1.4735698586761437,292.20512815271553,1.7018727682780048,6.07325301325032
26.144631717369837,1.4944216995388375,269.65104546951903,1.6420435591058966,5.600121447402263
27.903689909535387,1.476399476404666,258.2903165347175,1.6351588722088688,5.889812907235939
33.48948074909393,1.446316659519746,323.4308862420637,1.4864898742437769,8.412781185699588
36.27167784354944,1.4260925269590952,344.6963673981834,1.4475726466561218,10.355538730281204
46.862906147699285,1.407452162330565,484.3578129397505,1.622956264556488,11.337028712919494
31.600631944185736,1.4507799587976613,654.736810123444,1.430819284887062,8.16654224537037
20.783716778812167,1.4819581450048125,213.6543862834524,1.4384169930408492,6.758314732142857
32.15112919384735,1.450304391434141,272.1380278052294,1.4743532226690197,6.978296585648148
26.397108679364106,1.4882485779154708,275.19262774325426,1.6749246684484704,5.621000486446592
31.18040323346092,1.4591297844016256,656.6749572813852,1.4650337463288223,7.6637464175485
38.691384831614066,1.415912033583086,355.5786262874787,1.4904190849776644,11.56738241955304
30.223265838851617,1.4258639965570632,197.070821985577,1.471508862689881,7.441430801066217
27.582010560345942,1.4709176540797535,306.12346963964194,1.713650849472025,6.182730368589743
33.79602571504567,1.450022415797084,279.1094013367496,1.480144353048942,7.827352280242905
26.65149111507884,1.490864018157501,269.48305721934963,1.683756573468033,5.587970293209876
27.575760317329813,1.475836785032521,264.8113466496348,1.6453864770280608,5.916291956018519
21.148221780212747,1.5040072775513105,186.66666666666663,1.4279444656803273,5.350465052726338
23.27932039187832,1.477282903549131,268.4370808452723,1.5334304924842876,6.30502273478836
28.393824696124465,1.4641396787548897,285.1532921517127,1.6148384330412116,6.1072829593192735
20.9207528411232,1.4845677421569203,189.79043144537988,1.4426250871318944,5.8195529142924975
27.02331322402736,1.4718058681003257,274.9579027915036,1.6949409797611434,5.28362780448718
26.242032987632076,1.473366742630049,249.64818211606408,1.628067983537568,6.132274994488536
25.075355377209515,1.4646289131657697,271.18251561134514,1.534784677859857,6.850394746071829
29.19341244467295,1.430876581160152,195.2820038240712,1.5035284144933774,7.918708815586419
26.842181831353617,1.4683086531115306,265.1566936366911,1.7220508278429956,6.496672170295244
26.703345776168103,1.4649553739914725,269.6283351894726,1.6820392539016196,5.708226594650206
26.729125426429896,1.46644043553108,430.410359123431,1.5073784536727168,5.8600697016460925
26.200448655775464,1.450038969850389,155.24345790234065,1.4989702554988344,7.344670317839384
37.235252333653854,1.4185989890310124,329.65526791905575,1.4741863600059877,12.792352033405956
27.5728822035483,1.4857634076061244,320.5541522321539,1.7475144320582734,5.648716135116598
45.64128157661127,1.395001652915017,625.6694115009645,1.586924218498662,12.771973331404322
31.655771571583127,1.4360113016680405,305.91151224429143,1.4668396934926715,8.375110409164954
14.412838103516776,1.4771421462296384,86.982523608291,1.1926253326521017,6.899266561948854
27.996540901830222,1.4786129376767287,335.669885746266,1.7257695720713888,5.884156398605119
27.31334528641835,1.484179904853993,283.8051104771472,1.739280933009452,5.388333011831276
17.952775636053612,1.5116390873081107,75.33708719830514,1.3974312600920362,6.808740033436215
34.088445512809706,1.458159604494884,280.98691585190033,1.4860814558983493,7.393727635513118
37.42725616474098,1.4170766495009548,319.92211049924174,1.4872632943246449,12.1419165752924
17.997795152350093,1.4933019597073574,82.0037538649718,1.3102721180052173,6.444370703563411
33.551264227685884,1.4395463266680897,321.3396284782916,1.471797798791378,8.849869393354046
33.33209033637239,1.4575346942450738,284.2906296455976,1.4761457664230415,7.515377443415637
47.63513524141607,1.3986714069668786,629.9010358330298,1.63817376211052,14.713971984805315
37.729996699820546,1.4142899024832074,317.189406376273,1.4851467180141844,11.881646412037036
27.932438153127553,1.4493967291231482,410.09001396418154,1.5023102798146672,6.9614000549026605
26.93645065889583,1.477944857351533,271.2261342821356,1.7023292076189744,5.647010559806504
28.243372144481928,1.457394272238501,293.672085021844,1.540578198803617,6.656304460735042
22.896029129285218,1.4726991590422618,143.63389981249824,1.5020833138337055,5.764656099965706
46.14216922916881,1.4010910516600328,614.7682502064774,1.6038770225812389,14.038357283494534
21.285118198460985,1.5075547675676777,248.672344974608,1.4548783818991415,6.3794409722222225
18.417672841189425,1.428615292520678,139.62847939999438,1.3268907664291956,8.910106899434156
34.09167757853649,1.4482080066260408,284.76365094454064,1.4817587196306623,7.614146236672277
36.62328279975397,1.4311374216299937,312.38345328493136,1.4667396559746673,10.900485628858023
34.97431932953649,1.4315628380357996,308.3080750082355,1.471841298623321,9.22846579218107
30.287924847329094,1.4423328792637962,394.07002843457013,1.5686255015638348,7.863519000771606
21.43189920043014,1.4869249480329416,257.7342688878108,1.4659029695803705,6.057193374719415
30.174673725655005,1.4473109692619062,409.79303375771383,1.5340557520103215,7.677957830412258
20.96040437238427,1.4883870885675936,261.02691669411826,1.4240508846100646,5.6057671957671955
20.697235855282525,1.5070069367066203,243.8051104771472,1.43389245427963,5.459549736368312
21.018825605544272,1.4969654175543248,239.5854214364931,1.454079513311384,5.611016509130658
21.30083590460741,1.4833383669870228,237.0638412162868,1.4665436776256269,6.500926783264746
28.169607850223752,1.4742256156723057,433.92556509887896,1.6473539980961618,5.378833804869684
24.76909698896325,1.455645621588623,154.30089946201358,1.3801720711719236,6.418763310185186
27.33459482468027,1.4666638850239757,449.02840936140313,1.6654221225113683,5.5807221579218105
23.77810022176178,1.4655556681040605,134.1932680299464,1.2989683415549926,6.275851658950617
36.96772546629673,1.408795089937795,432.6702476249428,1.4415751715206913,10.665251461430516
27.00930907633423,1.4786791354470374,460.47378541243654,1.721471548250432,5.64192725869809
19.8614543514258,1.5145521473307653,228.83036880224503,1.3936906252845815,6.0562887409979425
26.997943971391,1.4648528821057325,460.3121157313404,1.7044985560356838,5.611021026234568
26.388830846956605,1.4471470745405186,467.4800409721617,1.6357020227225616,7.059390110596708
26.436414583741115,1.4693973403088632,461.5059322881416,1.6354721029910866,5.448142880460589
27.08431984709551,1.4589639605455167,454.9227742321125,1.6549127734145983,5.911245257844651
16.299369711237784,1.508857897974097,104.3790283299492,1.2469484920384135,5.4352533436214
22.057773837128043,1.4702676202533431,328.399704810008,1.4812994058987383,6.163163812442844
30.97402955159456,1.4485385361535927,352.39737079023547,1.507528911257249,8.08327535579561
27.087548574214463,1.4810653686491508,454.312090074027,1.7226455501215243,5.757469877730293
22.56794425241324,1.4742152235514197,377.454256351128,1.508407515992258,6.162807229005825
8.822389216869249,1.5331913992182065,58.333333333333336,1.197777125261811,6.2619433727709195
33.21440138320311,1.4327531618123843,332.645630156664,1.5070916785869368,9.577329409310352
22.86710277321735,1.4996081402908097,302.84953495198727,1.4668924537898105,5.727390510688156
27.838313071795124,1.4604557611260427,433.47119331403275,1.541145332345059,7.109658707704619
21.453410059017227,1.4738416833636183,319.77582540086985,1.4904759860492918,6.312572766632372
23.767826889248557,1.4655837642791216,564.6922395877201,1.4753293941094718,5.82763872813786
22.290238930639084,1.467753391012443,1437.4372261925823,1.4006613121254363,5.717335792824073
23.516518586981537,1.4636677990198597,464.5229525036294,1.478236290340719,6.3625877057613165
34.61524721625102,1.4446745470742046,316.8116148117832,1.4897714227590628,7.801364240780395
14.273093402000857,1.4676695951052403,308.5718568651203,1.3638152292236887,5.8731985982510295
29.250143922864424,1.4730355569945432,323.1876564763305,1.5464790009008405,6.250703516778944
31.848083547933193,1.4523296185794323,288.76791586305075,1.4871167423728393,7.465914945330528
33.685594578579604,1.4307772893721944,297.4542240976296,1.4642031817801455,8.308188885843082
30.93056857809319,1.441358015694863,352.43734027305686,1.5413085131283764,6.97631294693595
18.89559823054716,1.50480661867408,204.3274042711568,1.307681336048352,5.377998488940329
26.832404030723744,1.46854297020029,194.29814422783485,1.707082129502226,5.752756972001763
27.229165890316978,1.4727781113127878,188.5399169079651,1.728848034418186,5.71985882040895
32.32719281770977,1.455271578418367,297.2197951469278,1.505667433964671,7.711630336934156
12.626646993640742,1.463552149508328,272.32002456609115,1.334996639719238,5.987357735339506
32.53648134899497,1.4428573119441752,281.9321529649697,1.455133858595825,8.09731886606831
28.753707796920057,1.485922412217111,245.81228472908512,1.6831447641821349,5.606905450837742
26.069863960722067,1.4779401577839548,217.88820673469775,1.6183971716867922,5.76727416776896
27.35840203983429,1.4609796627430949,285.29514081823294,1.5407878891365558,7.393029651675485
28.86310701116525,1.482045820701265,244.4444444444444,1.773975521063296,5.844397665895062
25.49021081427735,1.47488757148744,220.0728083495383,1.62791897965479,6.2005905671296295
25.437536967152266,1.4729429076766551,217.88820673469775,1.654439647554968,5.533724647266314
19.80304721642981,1.460109309327003,168.46975177964865,1.3993120632402252,6.925218805114639
25.859686184318317,1.476862959204002,211.08940988576043,1.6923287325717342,5.767371841242284
29.35357963488404,1.466249788063157,360.8079201950711,1.5079941066734794,7.007490174093364
18.036159294290897,1.4823114519132203,203.0364810266477,1.2899717270993136,6.612218364197531
29.54865815895176,1.4430773802177723,353.0077468939929,1.5519164847725162,6.4921998830147345
27.71679257531251,1.4550386723664754,371.9003884108001,1.4917926092194314,8.004923562885802
28.058236130583374,1.4719440635833192,208.4051818247244,1.648337871697198,6.191668772833207
41.7112910329345,1.4073244934350615,518.3045801520128,1.5825989472381563,9.441880950816056
29.6354123238625,1.451271076841893,406.6323762360024,1.621467317337734,7.695558296783625
28.151822576573476,1.468358277066336,204.14381165729824,1.742546729906518,5.6395217656893
21.081075693938786,1.4557634818075829,141.45697383508036,1.432346400722781,8.608658907750344
28.85431833851703,1.4399975743787423,160.71033046778356,1.4765883737221628,8.164967119107745
20.99524352838522,1.507724422699883,128.30807639782628,1.4000976476733138,6.232467409844055
32.301453599607186,1.4322873910991794,115.71957931143896,1.2355489314641883,7.995577953532235
27.523044848321582,1.480576633956176,191.8263059801975,1.7015416486264072,5.719085776748971
29.369545350333425,1.4573324130919387,213.61412379988855,1.5385861942836874,6.85277554985842
28.851219919622896,1.4456584821010947,333.0632866081034,1.5351079567094097,6.386090733455916
26.363677980174355,1.4510994656692162,227.19292715457655,1.4525990960308086,6.032552324459876
28.40270973939977,1.480478999584726,192.5678574544887,1.7600050474466746,5.802575319163861
32.160944664086465,1.4462902077880686,929.501020987414,1.5550220967973694,7.960344135802469
25.438518098077974,1.452959097430643,231.28936462653368,1.42121270232838,5.623906611689815
17.982370531189986,1.4447721262828097,190.5683972583711,1.2968908512782682,9.366891436792695
40.24597536002599,1.4057217755900724,371.8234847893904,1.7220802888604716,8.64093568059063
18.579667132842093,1.4309903655609335,156.63909396113615,1.3029247353828093,8.07447552297668
38.51957661702828,1.443054659119666,359.82702633261033,1.5276824755111778,8.736242075919874
28.270627284187167,1.3882904202619553,326.02381268206307,1.4332129945572814,8.690814623614225
18.109567333694343,1.4882355529290716,175.49703546891175,1.272467385678318,5.405016396604938
23.760786748488513,1.476587644695132,188.0914380235915,1.5456206567002375,6.027528490028491
33.34387021889031,1.431145462583992,461.7554578408105,1.593877456887756,8.110100955733495
23.833005837074523,1.4760177613909478,193.45077414361504,1.545901011797301,6.407539269179894
34.97053194303743,1.4626440145067696,345.6494566769135,1.4998872878783565,8.18343219521605
20.66053014851799,1.5024919854709635,214.97474167490213,1.4262066562428988,5.3516340342078195
27.1560043289187,1.4795495229294002,206.8936235521639,1.5663161943097357,6.82251266718107
25.296971691513946,1.472575060903192,202.1950601375433,1.5160751461261546,6.291774043761023
38.254643638190736,1.439424137108769,350.51413831524724,1.500389337162201,8.552983506944445
48.74423510070874,1.4138867497491578,697.1677328100318,1.4802260273837995,13.07128415959362
29.98799248616852,1.4652089358448954,321.32026018123713,1.4499207740097655,6.8875893775720165
36.38915380341517,1.430773589519102,654.6767477159935,1.4532695162853295,10.04342660251463
32.86638652970223,1.4503489561299514,553.7495868212757,1.488798588140912,7.0663254990736215
25.988547669661507,1.4819518879653544,216.13760905019743,1.5723104770318037,6.4869277620599
29.314321782546426,1.4712260022116836,305.3490751052625,1.4795894821343631,7.068722511574075
30.35388548266896,1.4447252749812778,289.80078241198265,1.4860703632023533,7.647077353395062
106.15747562003092,1.325244509617482,763.203160079559,1.6440950582407912,34.337541992374874
25.831268547968325,1.4799953172440237,224.1941119014345,1.5701620903589688,6.194082417052469
30.493278005360096,1.4565771442871942,288.30807500823545,1.4653441774416067,7.482977342873175
17.73528811185727,1.4860851020698564,131.3904529992938,1.3951808090294042,5.713108825973409
29.43970426027861,1.455982832357552,268.40864782507435,1.4161635094132414,7.969786230359147
35.802385214967714,1.4482528466142932,346.8587063466287,1.4922763310045422,7.760236062885802
25.299140389819243,1.4784547151066056,230.1169300968417,1.529170725693893,5.58364486882716
12.385967640870438,1.4192436433774605,573.9197004193229,1.0927900040317022,16.944327256944444
36.03089776618205,1.441405125557194,350.62744721037797,1.5109081699141242,6.925155899270482
23.059329635100823,1.458240579893937,266.5014039022358,1.3808165382402544,6.539978780864198
26.659023776007277,1.4713069467320117,227.85489451050088,1.5413487787140217,6.1885760271990735
26.50684512113322,1.4795246955475416,234.79918141497063,1.5864412053293548,5.838680555555555
34.341253642046276,1.4510211191685427,356.6339837864261,1.489373245461308,7.52295138888889
26.638492322474622,1.45962002945227,231.19909700729397,1.4630142505553865,6.3953804305360205
24.055558368658023,1.4793499635960887,253.05491972925793,1.4815886155749816,5.643951943479938
40.23774658718337,1.4328026247299748,380.7842447917097,1.51142211970185,10.343499316077445
41.93487594818179,1.4100851447034997,693.7683081113697,1.5465004392571586,11.303889225881385
25.500142327427746,1.465033161945038,264.4555136726892,1.4052364973172016,7.01756462191358
31.380121379195817,1.4360641325099122,268.3080750082355,1.461537989484553,9.517099890689302
21.744617845664557,1.4587748102827829,260.51345834705916,1.427638139680805,6.023030297550154
47.91220734019541,1.4077990668747145,618.009490627886,1.6194800577577049,11.546836659682564
21.905072440109013,1.4752343384288973,269.5632696223763,1.431373893652283,5.830126818783068
34.79725580170692,1.4386151992227372,325.4977991273125,1.447838830445224,8.616999788803993
30.59832302873016,1.4155297157957143,242.97544588397204,1.4387487384753856,8.3567901967483
25.716881247278888,1.4834810102481544,237.2237039181305,1.6527409517564635,5.836751157407407
21.439206360501316,1.48603360937503,263.01858092589987,1.4457972951933642,5.602193576388889
26.28035467125533,1.4742811094902837,235.13641844631533,1.4864766286962188,5.54430114638448
22.34289310617048,1.482084622188397,254.38844694292968,1.5360791223971355,6.694903003216569
32.90571555750268,1.4494083150372448,404.57874891796655,1.5272033836804113,6.720985113668742
24.86260605927881,1.4917704646270191,229.68928067283167,1.608589192382445,5.839111153978052
48.25121568646224,1.4098164356999492,589.1870276623773,1.63231011708723,9.50740445727179
6.030154051211327,1.5193586116578333,162.16370213557838,0.7819117626480468,6.183884227109053
26.605466694719535,1.4525693078564654,334.8481836990917,1.4549118597304422,7.131715213477365
24.344755701537327,1.4961215957851384,228.30807500823548,1.5614354325586828,5.525639949845679
23.717338958249684,1.4943529911778226,267.8391011963587,1.5319657321214004,5.5442097077546295
26.171544384287778,1.471256711142466,236.504258730956,1.586837401889839,5.789370866402116
28.17561713745504,1.4508080347619334,224.0253073352042,1.4596284682498362,7.454395805776015
33.96568807786097,1.4504047440417385,396.3054595310136,1.5213554161325384,7.112318569732616
27.36549610190964,1.45783737222013,220.0842520987236,1.4341454304625527,7.157652577457266
22.988054404841144,1.457964424315768,240.0573595376896,1.439473975986303,7.530770839985101
18.739346779413847,1.4966728933718736,128.67042053163848,1.4270104515922453,5.222088638117284
27.68328490804507,1.4613715272463454,222.77063416320703,1.556221404951747,7.422777020595362
20.0132825269538,1.4864315115433724,118.75486939316391,1.4318706651980213,6.22495233731996
36.125868395409974,1.442065758235789,390.6142698439042,1.4933787332355288,8.231703188505557
25.324107459307832,1.4731487007598294,93.49126180414552,1.3369417553733285,6.5892653218694885
28.702156237488524,1.4685913284722745,388.23117213330863,1.538382830011734,6.694311906933393
21.392444225978515,1.5111212125293996,248.7914821487396,1.4438931560984107,5.495789327739198
21.723991859744995,1.491201858837709,224.9579027915036,1.4655246040185783,5.90835758377425
21.269088940334857,1.5029947123115177,215.4970354689117,1.4286820302520784,5.903343621399177
25.185986666281625,1.4703818109314009,249.16454914446075,1.6422242399787224,6.122480589313271
25.35985107199939,1.4606930560670557,253.88508353532143,1.543505669485205,6.621224221380472
24.41230826580984,1.4706257946835015,195.1126950524299,1.6047264570844142,6.886506679205247
15.550223071697552,1.4649048295766456,124.42376287853315,1.2494666010046227,7.95968520929784
26.78607985642018,1.49027779794389,198.4494113547616,1.6794034978913337,5.859131014384921
29.33053467744584,1.458917832746546,398.8871394894125,1.5451908178220846,6.470529971985105
24.06045384075885,1.4860876891793913,250.34377813919784,1.5912241115481225,6.07647286315213
17.944507253603035,1.4492218421843217,113.13742685451228,1.3106071815544562,6.208480474108367
29.870637401435697,1.4743614068169162,238.83932673578,1.592949761037098,6.753238329475309
18.7882860342969,1.486080620497183,118.33646155414316,1.2763322829099386,6.336735559964727
26.552344315124454,1.4774119117328732,199.99999999999997,1.6530714642183728,5.834189694251544
20.8680120317427,1.521212309403845,258.7264809531783,1.4388744216280536,6.514043623236332
21.429887373165037,1.5160112397710743,152.38095238095235,1.4696071737435286,5.800443793402778
23.05189289730176,1.485584254569196,248.4748151900617,1.6085327804143434,6.0886458333333335
27.346686203687675,1.4677470933799213,194.2829672726836,1.606917905899539,6.430710289902997
18.75863082448406,1.4715673903545314,134.6081870423579,1.364765751314755,7.032581554355281
36.79322884169416,1.4251683246948503,321.18688239320755,1.5589384710623493,9.581101214339926
21.54028565805172,1.524430699834469,247.1801250137258,1.487510528852882,5.828710041887126
23.639759601318666,1.4783069552582182,242.723259409358,1.5272231976644592,6.392256155303031
26.372884186807884,1.48631894604224,193.26872257192733,1.7118519094183324,6.067493087705762
25.980064036353426,1.4729982021963166,301.0050505866126,1.618134047993152,6.375465626837154
29.825149294360973,1.468362211358705,241.6414083415688,1.7784232240902502,5.837810249485597
23.82940434880541,1.4879101881509869,251.13635120812367,1.5439046057271977,5.66317985628858
21.74185097899073,1.498765395789606,236.9602054925029,1.5022333207503358,5.6125540123456785
29.469963759284227,1.4671071573573746,252.6786342906376,1.7487974657253225,6.0742818122865785
22.95579304809266,1.4703678530198974,194.7065428576744,1.5170719503749692,6.096148406910751
27.435693615290234,1.450418219781039,201.6414083415688,1.541350038188708,6.285244823816872
25.68975440357503,1.4847009910796785,187.58929866916117,1.608934613192173,5.745433738425926
21.808526110714308,1.4930377383034992,238.0932320350669,1.5140567439828854,5.733214377572016
23.415228442636188,1.4946607661698543,198.08320559669212,1.582650741944774,5.621686921296296
21.0238750520681,1.4849005012756258,146.66666666666669,1.4247195238050654,5.6021778549382715
25.898318680193576,1.4889810323985957,188.00519414863788,1.5905726639357076,5.943022655178327
23.05651792485676,1.4733799868342607,230.47177714381388,1.5918174432584975,6.198662069187243
23.512690375477067,1.4237849484038902,469.9071725195485,1.3675480170466296,9.555410832566723
36.825232239478225,1.4205575013625824,388.74562978760946,1.6201924239214462,8.226582079475309
25.77877585851759,1.478911190816572,185.3031168450593,1.5692333472903095,5.918448543595678
23.29889194393867,1.4667857382487663,199.99999999999997,1.586486250638082,6.134287229938272
27.61487419672334,1.4470291014306274,239.2184989984692,1.4956825825187805,7.331293253347244
27.41144122236028,1.4587799554583538,209.31167894190523,1.6753460004396683,6.269806469739668
22.28939664868362,1.4713135146548657,237.73828728212513,1.3805883010140778,7.3872608766619186
26.459190375699055,1.469242334393404,294.9747416749021,1.6748093121689955,6.584629278900112
22.509118452725087,1.463435782370064,217.04722683885225,1.504958453153173,6.468906688411897
25.58795517071725,1.4738704869178938,182.4978824777941,1.5960958376913683,5.527865909529321
22.263360439135273,1.503890493744556,211.11111111111111,1.473656213547784,5.266011078042328
26.06527335621394,1.4682693649235574,309.6714360533468,1.6327309492679,6.131356833242557
18.930956364700883,1.4909700368791428,174.22993261645968,1.3307512106775068,6.2318699707892415
22.715028190553912,1.496491839255162,199.99999999999997,1.5448428155466094,6.127529624118166
25.45443014194213,1.4721590507013418,189.5284707521047,1.6003544842141024,6.0739238157033295
22.89287266638135,1.4679122014058332,204.21497677742417,1.4716416729716677,6.7714099013447955
25.600416102874984,1.4909732753357765,210.02760723923,1.63203588608199,6.077984529320989
23.477398796425,1.4847749511671469,204.73642193201917,1.538625911387184,6.371744698327359
29.468944748473767,1.473397817795733,263.0019655681335,1.799032730496792,5.47170414462081
25.9447404252998,1.4728295334649966,308.80763101868814,1.6111552195515586,5.726988022586981
22.90661295124343,1.4840276920633089,213.85080779264263,1.5121111109313228,5.620974311985598
26.64217934506921,1.4713975126290617,196.10088237254368,1.55399765979713,6.762969733418058
25.930275364141774,1.4712017493710228,321.64140834156876,1.6282395913444467,5.5349488811728405
29.343630285169617,1.4862621037503774,264.9147691023694,1.7861594338855382,5.409242052469136
25.094859187389265,1.4859448492883411,214.83430876336013,1.5689072667655015,6.158101289223251
22.756103780581174,1.4829516428212195,211.71213948210507,1.5079590455525995,5.5979177326998055
24.925664919124095,1.4733797728943552,316.8727132953032,1.570780987016796,5.61585390946502
37.33423279338133,1.422590157885916,391.1530267796712,1.5614975182507913,8.597942708333333
25.39712602069602,1.4899587114964876,204.6365045762394,1.6619746892815797,5.926155237268519
26.155125171206105,1.4791907556516812,313.5791682134494,1.6323780806505674,5.9641050760582015
29.600280080522385,1.4757687052591304,275.4196986570963,1.7683731150890585,6.426281265849046
25.38905592262391,1.4866772402236816,209.3592135468138,1.6264640126165666,5.665511509773662
25.124175600897168,1.4919116042686704,326.7132159000825,1.581532874220112,5.843123312114197
22.908381630096052,1.5033369704617183,207.48737083745104,1.5223364847825689,5.699487408810326
34.508422779999336,1.4396681163793117,398.39594208276907,1.487920733737662,10.026806445868946
26.989678272395363,1.4732275037494569,322.3197931017528,1.6496789439564803,6.274863522376543
36.82542136701464,1.4338246386084428,500.35945044307,1.460607603003713,9.063872917961715
27.193921319916345,1.4628504289276507,202.830998417796,1.5212277097022504,7.7034434799382705
25.114322607086308,1.4921890865287677,211.1111111111111,1.6183403673765342,5.406530946869489
23.00734816614896,1.505158010000501,206.23947569787583,1.50808654000335,5.749725041547958
35.313675011558914,1.434270368094752,380.9523809523809,1.6334372455651427,10.013506823881173
24.58821995483741,1.4942737219925064,217.1384438104805,1.5674618850507362,5.710435474537037
22.45407128492455,1.480220895991436,214.4151844011225,1.4939458816372726,5.62999184553872
23.59556727712601,1.5028232647064286,219.11459981036637,1.5796018590627257,5.592710744598765
25.6906163891997,1.4902216650834956,218.4814417752745,1.6221745684896058,5.437421173540965
24.60352248208466,1.4854662627173,218.28306628628832,1.5713936236148496,6.257359367580723
25.147204186689223,1.4904696386636611,207.13344461730568,1.6052077458876537,5.8089113771117615
23.099697252990367,1.504736358005034,216.66666666666663,1.51918411090211,5.5569326560356656
23.953796388547193,1.4784677831301312,219.48671454604016,1.5728222425500693,5.942326978309328
23.006974116815034,1.5131042961409265,228.30807500823548,1.495479905338599,5.56878359696502
22.19732142835931,1.4813863437757864,216.66666666666663,1.5344526597754875,6.099613447359396
22.635093868700604,1.4826287232525563,224.0253073352042,1.519105054316205,6.066716407627866
20.12103763131682,1.4900462518621964,221.13232109397052,1.4049364836808784,6.250124099794239
36.22855760328552,1.4344389593593767,537.7590929571165,1.4670850755859772,9.146261290395788
24.99708748600848,1.4862474935175944,204.43231717702875,1.6328824458274482,5.830435255331088
23.966337159421947,1.4844720916758756,240.81317415034323,1.558142872668826,5.7843777729552475
25.066145896196627,1.4560039703698924,246.91250154678275,1.541790869121599,6.148404844576719
23.37408034882252,1.4970035829789674,211.1111111111111,1.5243789527389846,5.376482859347443
45.31056930408567,1.4175035603594417,584.3515732776119,1.6161092576525489,9.599775997593444
24.617555455912843,1.4591589239426097,238.09523809523807,1.5613830134961209,5.860683955439814
23.643995299605717,1.482166622717787,214.1540375041177,1.5238304264367577,5.745273656705948
24.04864110819729,1.4847552783981206,259.2592592592593,1.5588477272514472,5.771977044753086
25.645131202248574,1.4889164962098371,195.82789361691752,1.6398703935462269,5.617565546231995
17.576818549197732,1.505609134765684,105.2459550555509,1.2564620135954667,5.69049823633157
24.939791919863048,1.4907871452128787,195.72360817087613,1.5813515595973595,5.481053240740741
16.601743874123503,1.5256715037842294,107.01017121428372,1.259475425435128,5.825084394290124
24.334710343361177,1.492860583347803,270.6701854150439,1.5689200453262278,5.419211171737213
25.538194682011547,1.4931363387885972,185.36180408543805,1.6095471717038077,5.787524566539578
21.821625367861497,1.4955010818689118,253.33333333333337,1.4645571698017108,5.516359953703703
23.5932592452628,1.4765222010007892,184.88125137410896,1.5231899593056677,6.444806327160492
21.742888475301253,1.4792203655214269,116.357066166662,1.440005152106567,5.8214573688271605
23.14451908795032,1.4672109688775905,239.3939393939394,1.4608102825024012,5.896436527106817
22.155661313674727,1.4745642291803591,118.69476767773196,1.5057367713654877,5.844165998931624
18.90729971906585,1.4970672081023768,129.44757266525428,1.3020769916615968,6.212922315917107
39.85635183935735,1.4140871760968967,317.49182927993985,1.508492591172632,9.297879908264749
25.67897126385112,1.4696612213253195,180.30292958621064,1.6381042530290342,5.801299154092364
22.81890370752303,1.4584475460202873,130.4657973087042,1.4039987620553185,6.684117959104938
24.764644501909615,1.4740664453898775,196.50949025070156,1.566777124301124,5.9470036764705885
52.527831028062344,1.395869324029086,534.2004671041144,1.7293362102481455,11.921258212055845
16.389198772615515,1.4895076962112803,141.3957362288072,1.2754718041173518,6.568560332697894
23.897580365843854,1.503806293377937,212.10178203557743,1.500194139090916,6.612554494598766
25.58488929513361,1.4819288207029049,177.6433900631998,1.6902169697475835,5.457206477964054
23.39537539644773,1.4740009765181568,280.3993917468159,1.5115821706414032,6.191247950424382
22.467200805019036,1.4387794738064852,96.5685424949238,1.4067572984100165,6.056240997942386
35.551902649144104,1.4256687031412083,1138.6872080869018,1.476153719757381,9.589494560297789
32.98514151919083,1.4349220882947191,181.2870271104853,1.4560305774548827,7.590881793887385
22.53605525975596,1.4821845693683358,114.65710121940054,1.4475383042186654,6.18067081404321
23.35622065418616,1.5102654164945155,241.65695192624435,1.5265593944902895,6.315363481040563
47.63341035467513,1.392537757520362,681.5156929208367,1.601561858111063,13.374362747591912
22.156289616456363,1.5178414046717117,206.49110640673516,1.4765566728411956,5.38279915766461
22.05377733731241,1.4822707347060746,199.99999999999997,1.4721589414973466,5.790813440393519
23.1685721404691,1.4397497186102797,120.0789126668683,1.424662672912388,8.279617366622576
27.76955446593598,1.4603054236329334,166.29514606666106,1.5601994724947517,6.242110661008231
25.10080491602408,1.4616171091654813,256.6161500164709,1.4844614292862948,7.712741287294239
22.94997383865099,1.4703096033356664,216.48090636666385,1.5030590917004327,5.874400237911523
22.852311064807903,1.4679603236396588,107.52660136327977,1.37728510059651,5.2228353266460905
22.023407999451823,1.4974106623872854,224.0253073352042,1.4620891135212966,5.457588734567901
34.7719149708344,1.4427030666252627,483.8177512523696,1.4206874708218906,9.262874308770575
23.012970891701293,1.4892000117764446,193.5671935270167,1.506115422828335,5.760595582561729
35.06933379746776,1.4346471740545048,459.961580627568,1.5149294307740315,9.23473343460648
22.758688104306003,1.4804942747270398,248.54796529836645,1.520216152181781,5.441656746031746
28.549726552686835,1.4589992032128063,225.8858242384399,1.4258686050400544,7.192140663580248
23.018467484074336,1.4945159635569674,236.72188114512664,1.5307195621451868,5.680720857075024
30.594109095896155,1.459784339257089,354.42839774796914,1.5437631002721828,6.6936523056773884
21.12245562705464,1.5068843926762756,136.48090636666387,1.4362377976400094,5.279212480709876
29.571208300308665,1.4562328960934394,301.8510428267537,1.484715102637081,7.370581704389575
24.21815911017122,1.4781957530047605,262.57084509299807,1.5210948741835668,5.51430004409171
31.484245887296925,1.4538747937899337,290.25672917352955,1.5920608999943155,7.013897431657848
31.530153535836096,1.4394719730283827,483.8883267394523,1.621664862285052,6.789363243524465
23.248657708758248,1.4939270998112038,236.0379610028063,1.5244311446155925,5.53339356138546
24.921220186525964,1.4710736038839118,267.93363899334275,1.4073242341765693,6.484632101176697
24.469652835539875,1.4838010457564186,580.5799518837082,1.5738826983142638,5.483137324245543
27.511863793078778,1.4588610667661286,354.1586941245616,1.5110003509622048,7.046940912097163
30.056175170563836,1.4519144419777594,301.37031719713445,1.5026658593826894,7.438461678716387
21.469571440596283,1.4539925750749323,155.94634009946395,1.4813697195590372,7.195689946320144
25.793322799448124,1.4448873131036155,196.7763972691368,1.4596103153808917,7.407256071796002
22.98142204080844,1.4967108077303952,669.4700944117493,1.5170456115366373,5.468632450810185
29.897708425169657,1.454937646056869,426.7456645638781,1.531535480898706,6.682690754430505
39.890614216834486,1.409158259120291,513.6734925220397,1.529479102303955,12.052427363910962
44.788745769716854,1.3874955714325663,411.40430477850015,1.4520939528756476,12.31825309657245
23.659017946824328,1.4883896752085226,225.4801965855131,1.5445221374115812,5.611282732928241
27.512877854861657,1.4594205929426067,183.35002538915737,1.5282621671532963,6.72071150097466
30.400532698230943,1.4238465878166124,310.15062898348214,1.2932491949213565,9.604637345679013
24.153151103127986,1.4903587391844824,230.47177714381388,1.5476019536246088,5.491161747685186
30.479366961246303,1.4237873492977418,185.58888552862032,1.3241514594832382,9.054949483989198
23.66313274368549,1.482081929981386,310.94859537070965,1.5708598392347124,5.962459968974897
48.001980122006145,1.3870111825321667,612.8074285190066,1.5247124784271504,14.17914491482548
31.16206389619154,1.451267569491542,295.57094223726983,1.4932521961663872,7.8244101631140355
27.055559755359543,1.4643174310835498,363.95483570373335,1.600068474036194,6.015238859953705
24.148453708124205,1.4952302737396286,224.5905870403722,1.5736230968647305,5.6764092019734385
22.59572804105255,1.4613820181571933,168.6704205316385,1.2248040602528,6.573476562500001
28.58439260401117,1.4428420971515534,178.64460850224225,1.4382277965250077,7.748359199635241
27.93159463520914,1.4570294843642635,378.2725456008501,1.5565091696272852,7.176941724544927
23.75697880288607,1.5030826253013614,224.85655815355045,1.5289884501658866,5.424761405285494
49.236729024082514,1.3936651531112274,395.48121881755264,1.4056484005488543,13.587855810920049
21.64619153346909,1.5121658779137863,155.12551486890612,1.459017274130573,5.440800540123457
25.040728111434515,1.490769779326402,252.72325940935804,1.5346923967753692,5.589627286473892
49.20605543505145,1.393496049793089,398.31724320422666,1.4745137624442768,14.20336426642416
44.33082859530034,1.405823900691188,412.7093568909565,1.537532978776352,12.811498379216546
23.055738444773713,1.457700182876781,351.9043485577926,1.580046617216223,5.586292262906847
25.132988347001284,1.4810216739702782,498.55238371098653,1.5813254520662887,5.49438777970679
30.254362085767312,1.4554905510114582,404.70448046698993,1.545992116411716,7.1817864138176635
50.55788592727666,1.3811249877359288,396.1224994423528,1.4943434048937925,13.91224002174523
25.31682123325482,1.4782235987961077,247.47028823262,1.5230535114867378,6.342535585201429
50.867126423686486,1.3862901826717222,392.9956626113259,1.4289150097939438,15.931653645833332
24.15408572005421,1.495772759101208,230.01114169684095,1.5837240112040714,6.485251575360082
24.98593438326457,1.4855006437475085,343.1896756219477,1.5133470750721811,5.911339795524691
24.477669028028455,1.4829942982441056,251.74166488537708,1.5694744265534746,6.680444798096708
23.635775857383344,1.4843882569360718,230.55685512526608,1.5923337697853093,5.866948109567901
29.61287460314761,1.455043006612981,340.34575226028113,1.5226032041722215,7.177462786136832
25.12959681637786,1.4860237768586355,716.2915757848467,1.525809007300343,6.2138207304526745
25.355277666878862,1.484518303219455,246.98603928291473,1.5406914437070445,5.757665598290599
28.360781603542073,1.4330504338803274,1192.4703835473692,1.497709284935428,8.829328993055555
26.783474265159857,1.4464410660864613,185.75077395526483,1.475228985802481,7.772276386946241
29.7842803349112,1.4566539453793188,519.5364675546008,1.5218679324907811,7.205595889450056
32.024213502928404,1.443008989480936,426.3621644181789,1.5494641107920002,9.035642054918672
23.67384898358988,1.4962615511085522,247.37562316852973,1.563517269220667,5.675113530397795
41.50744817574993,1.401173674052532,597.1836216462009,1.5350580172244226,9.957855259763871
27.404483147151755,1.4863298602375428,725.8311167826827,1.5178938852997517,6.466917759773662
24.63044628768175,1.4437208041835337,503.7198027148654,1.3998214845976171,5.758895919629186
25.40372128316345,1.4847635369815024,890.9490734471397,1.5436596062245058,5.493635706018519
27.24621802607494,1.4752702596127316,382.2550686871239,1.5071824127732378,5.997728549382715
28.294617224416577,1.463621150646107,378.4777786623032,1.5159165910412244,6.2987093529541465
43.391978569941166,1.3935454565089496,652.3356260178746,1.5496401689532888,10.900979270536563
46.609303786544274,1.402026658918937,893.9880982987555,1.608229244029205,11.21615321763813
24.438240402819098,1.443428541213541,572.4407628931214,1.4016243725668591,5.690037467355176
28.23655591690648,1.4601714835108577,484.1306671702846,1.5134021232632904,6.821452923711755
48.914664958613315,1.39793919525012,633.38091597395,1.6444708084171618,11.086609524139853
14.807602718172872,1.5026494993013249,132.0705501930297,1.2269189576215216,5.880390900573192
32.314330040784036,1.4447648107603164,437.0168756146561,1.3635717706712502,7.953964783468364
139.51353402062085,1.311120380367421,1163.8237271206965,1.6553310371168588,57.70583791266608
76.77546207533247,1.3853045507575137,1219.6562064595903,1.5377310244323987,25.800778201499593
13.255120724918337,1.4652264450576664,120.27934188818269,1.2172264285541572,7.110534484805318
29.946605818211843,1.4241776597882694,441.10909918732744,1.486028495724086,13.364719392560698
24.207042339865076,1.4970926967927054,481.2162698765016,1.4854663546423057,5.65891975308642
23.990380397645577,1.4562497739174858,616.8013100876594,1.378843160379078,6.105223903218695
16.45084298627533,1.4821964527949838,100.8398991200532,1.2862199028629064,6.215450728963614
24.896659078754183,1.469093071525189,370.1318283338719,1.5267355195586871,5.993401189179375
22.52530930352255,1.47787725549262,596.3800042203304,1.4968065031342743,5.4616927083333335
26.835692251784,1.477189308780407,195.96311088782295,1.6421468866559732,6.320391465053764
16.408588176425518,1.4816711564737968,129.9176086450665,1.2702659030413532,6.535143711419753
49.34279009677786,1.3806653533054702,1344.8587379009457,1.5298291666841064,13.11205367476852
22.15001829141796,1.4534326483523112,557.7595816382998,1.3887115934534109,5.476376350308642
24.53480274498362,1.473199904145573,551.8274526618255,1.4987529693070336,5.696664340455471
17.04806644661964,1.492091949800242,93.63389981249826,1.2736174694522968,5.402453918038408
25.583891117505253,1.478901704834515,195.3006705842665,1.616646337580803,5.4854940682870375
17.04389866157823,1.4972988649039785,93.33333333333334,1.2462143016615606,5.495818061985596
17.281412152883913,1.4724761498038126,99.15814457313093,1.334259536160051,6.512537361923327
16.23640134676617,1.4628499193924456,93.59132596669068,1.2532292051120817,7.660356867283952
35.63423124954199,1.4334423470039444,380.1602536904687,1.4655178103291202,8.888355139619101
22.559606746095287,1.4711708202775176,334.5557964641084,1.522357415565308,6.298445457175926
40.04803827746033,1.4298954940215416,420.4017267328627,1.525385117875103,9.348480120104735
26.813079638302995,1.4778559381907037,204.3274042711568,1.629536542500973,5.669797132201647
33.089399866477194,1.4408412752844628,488.59210863535895,1.5135614190373767,8.130845204178538
15.690533553760714,1.470989370135535,82.3836337130751,1.2380678485596204,6.254263599537037
17.86219317362288,1.4844186918959608,96.21300088909548,1.2348973143635935,5.799918579603909
34.27288621673861,1.4473241816024367,677.7625302551747,1.432457416815987,8.688261296778549
27.068536158505648,1.482052090807564,204.97401051060464,1.6494057729878546,5.464184854497355
48.11691354752195,1.3949108186798858,551.2541327185332,1.6254415499866732,13.95068029835391
20.53408849963989,1.4890127163408151,371.01183130506377,1.4587667343944466,5.504313133818342
38.98051576534366,1.4358919293909778,521.4257770679164,1.4411379671281117,8.63154142420706
43.447224182543586,1.3677293344010577,562.0377621662686,1.5441697864285244,19.181250413359788
19.07038966594251,1.5104269917484852,102.0037538649718,1.2786464901395858,5.625921424897118
20.109060597274503,1.5149462091312482,202.1637021355784,1.4039515719050473,5.772297132201646
17.223767557670815,1.4971401788231822,81.61760458079523,1.2172503606269227,6.139580352132436
87.6371751391633,1.3261702048110426,474.1748113498083,1.5624974511492742,32.099517609126984
33.63898596749679,1.450167515889922,290.3662047491344,1.4829909434253794,7.443203534143736
17.054803770049713,1.4701194891475746,91.04569499661588,1.3355883214605309,7.185963059413581
13.853704926966175,1.477407020306846,86.29838177683618,1.3449547624532674,5.961455150462963
23.374956021489652,1.4514832925731,193.50341856817076,1.4782568982065871,6.514312414266119
15.256725601840452,1.4732643551272415,85.52284749830794,1.3860727966436184,5.435848765432098
23.570822216936783,1.456756700297191,201.41583626000312,1.4412964155072072,6.978257757385363
18.484174100459303,1.4708430514402806,94.1932680299464,1.3092483138060171,6.101314300411523
22.888429913354287,1.4880191671534675,175.49703546891175,1.502618400140678,5.728001864711935
25.98467278773243,1.4823913714533967,201.54550152541313,1.635802021259951,5.619034649884259
39.046421649017994,1.433954556243215,524.1209466802211,1.505498397910585,9.836739071146782
27.027960198753807,1.4584434482580002,238.15674449650396,1.6124304648040817,7.112272652116403
72.11265909012451,1.373062572643982,605.577696628617,1.360076651710019,27.550114658611864
17.303143560625003,1.472918745953704,93.51829732051172,1.272868633372701,5.7698024829144625
25.00570356992388,1.4529119601075344,214.0203424285674,1.4841038800474755,6.220921103395062
26.831859773541535,1.4480303715896246,210.11544470978347,1.4750233061410418,7.617479275482749
17.7517651790357,1.470476032445465,91.66666666666669,1.2949424457868206,5.983999592764061
40.5591738517651,1.430404406344186,472.4461796919672,1.492939873710332,9.660954127062164
38.34024935767682,1.4183942109537315,464.58520570559017,1.4533509771760902,10.711855572089949
76.02009957781566,1.3384202633986335,488.583835412381,1.583868704928955,26.873413856564905
24.518760856745857,1.486275618812803,243.2828166831376,1.584543976421741,5.38113008839445
31.27423474710514,1.4448223202268748,226.66666666666663,1.574595547294087,7.95780028292181
23.49938540327946,1.494507600175506,163.1475730333305,1.541355339224736,5.496381012088477
32.786389358639624,1.431850910729848,485.0859821294826,1.469424286005334,10.343283055375968
92.52858755211452,1.3396024468623635,415.5403341412859,1.411788996011753,28.558958011831276
28.222857898606925,1.4614702443495848,201.21769486117975,1.5255089947298943,6.53902839362755
30.890908622942643,1.4242495939631576,462.2466298446085,1.448813099504844,10.607947446432693
84.80950082781605,1.344163229926881,410.1858749532462,1.4329810105313996,23.14768307645517
46.08698386541183,1.4003802880226708,662.8471006910906,1.6165921207833844,12.951575399486773
73.09425144248475,1.3451310238830183,667.1902800573883,1.5647952771692752,25.713683887485967
22.226621527119935,1.5018040839685334,161.57378651666525,1.484861196876736,5.7060045770202015
65.44452633924531,1.3616236139768376,454.55339174421914,1.5359914848712275,19.807663958017976
23.74482128041579,1.4710496249377651,226.66666666666663,1.4859933592966674,5.6747249549897125
24.57695069269131,1.4703788088351395,184.70406074784032,1.3063355419594842,6.654403251993313
27.190383838794247,1.4425358584847905,203.8051104771472,1.467748831173447,8.107885480967079
23.550925214685947,1.490143373717404,163.14757303333053,1.5274360722981717,5.540962416409465
28.835943555684775,1.447506089861504,211.55362821160307,1.411687655925681,8.568612864758698
22.55492966668476,1.5048211758236254,167.7907998928561,1.5044897981612677,5.620432998971194
38.24603359288307,1.4345731586999546,252.15433359314775,1.446959909331036,8.936217883103133
40.76647839286325,1.426610492778009,444.1102239531303,1.5146009847115358,9.784801745756171
31.470916057732733,1.4564714108022818,195.11269505242987,1.277811252775945,7.699757788387346
22.50287552504091,1.486829087585229,158.22151254646994,1.522569317765811,6.350979938271606
39.13670293643758,1.4393011368262398,410.603651992821,1.5099193605473078,9.43398368606702
27.713595582306176,1.4745191517777658,200.0,1.4790786023858664,7.003022400655864
37.481876734477886,1.4248077497783218,264.5803496758141,1.4218273665736134,9.481206500771604
26.399453571256615,1.4491956739786365,67.55120991000055,1.4032392195549628,8.001273951903292
39.49955898564972,1.4206909581528422,256.61615001647095,1.4538400910174627,10.33351707175926
17.818723579086253,1.4999312809695011,120.0,1.3022426424682505,5.378335423096708
38.55038627513144,1.4122611304012724,405.7950902344535,1.506780807275045,10.493332261659807
27.406196442974696,1.4644886004992987,260.4604082520355,1.5905216766527035,7.238276932686655
39.66305172236614,1.4255834992187169,266.7379540990439,1.4598753347957607,8.88692413325506
26.05586724402707,1.471003576099162,288.2442037055678,1.6439066794828296,5.892849151234567
28.733146546982617,1.4491641338147911,253.96580211693365,1.4971161765702248,7.516256847993827
37.75355256341908,1.42291056107136,412.82033713515216,1.5471216014699771,8.426083553791885
14.673268041510012,1.502923674123462,115.39425478503752,1.2788612807890931,6.114360926978114
39.93150003028027,1.4082176523906338,414.8391487846605,1.5539439397961468,9.707758263403994
23.754518404791956,1.4532239726157787,356.6588024233148,1.385391464035932,6.389349785052912
25.152918896960387,1.4757421468278793,280.60175997577284,1.6531615340558288,5.89384255933376
13.047486148393777,1.5038672278368732,117.6894125815184,1.1988400911682215,5.740077610596709
12.475137609203598,1.5124834780602918,118.27946206279988,1.2971449038110905,5.88958202436067
22.75513622089679,1.4652939709202883,819.6653853289212,1.379868552031183,5.449042245370371
25.61491358337936,1.469079702206087,276.97187993238873,1.6561803985646473,6.279446943392256
11.450840604219282,1.5103940175618833,131.38802621666247,1.2793732783273288,6.815207281144782
22.755854197413747,1.4609672939225662,266.6666666666667,1.4273896455958806,5.691391093474427
31.356520417585624,1.4550345528714483,258.31529167254917,1.6211253030531552,7.897225236304012
11.873257244179898,1.4881175024093254,113.73408863888658,1.2878365905030351,5.568386518959436
25.699776339206775,1.471815255176704,273.4064652478883,1.623722338062697,6.161643869248036
21.587907537786,1.4645897546602242,684.4588517792688,1.402739449725904,5.536927726337448
11.00803136226618,1.4936184755400277,127.46817727777312,1.3633854210889305,5.745722001763667
30.022364101397436,1.411676487012827,380.9523809523809,1.3656467689472356,8.677549310378087
32.38136762166811,1.4088202259495537,304.22259328975997,1.4606210294091542,9.43347728587963
27.866837298007724,1.4678242743460703,258.02829637134573,1.583800940691949,6.5302179783950605
71.58138017974876,1.3575382196946562,184.22942410111972,1.611160845223325,24.681772060886644
12.714717801011302,1.4825190468968148,145.60113295832983,1.2873722806310208,6.058881708676269
25.298361665848276,1.4561913993143687,270.5694699203814,1.5717340382566607,7.015020424836601
37.54849202355142,1.432598711966049,280.00000000000006,1.7208056780954148,7.161644322273663
28.02780551662353,1.4848804430155649,262.09825000748674,1.6389965432455955,6.66979319380144
70.00198409621713,1.3558698152682134,250.7506536579203,1.5936844450906926,23.10493359022132
12.74575870374451,1.4838585890950002,149.15832576816243,1.3621822009974118,6.752106421199846
28.731796706992384,1.4251889683012546,310.2461900575298,1.522074747389073,5.889540171682098
28.760686229366605,1.4738841441582546,263.1628715380721,1.5632549481534994,6.917883799264008
29.642162124792534,1.4654230919433913,272.17297043092213,1.5966893855051028,6.829382132859602
29.739906487562298,1.417407195024086,338.1296380903776,1.413310368247503,6.904298585171183
39.163719880631234,1.41451927961977,307.77048815052893,1.6504914494123353,8.78495945396209
12.008519152484403,1.4761155602067202,154.1885127913174,1.2374456098601192,6.668761292759773
25.683161396842813,1.485575666909424,204.808226967952,1.6199732368451345,5.784666666666667
61.315585096632,1.386589575821542,559.034828705751,1.583601527919876,16.106821358618234
25.820822660343225,1.488992025464113,200.0,1.663637553919585,5.6439674961419755
26.047118196085755,1.4847673276830755,192.0216920016036,1.685858512962049,5.778398196373457
68.89982371130822,1.3624112123356382,278.980728395593,1.59525806194714,18.498940489969137
11.808977134113343,1.475452294873106,158.17853308333102,1.0067049604689433,5.506841931216931
27.010935325836325,1.4632799422607266,271.0518343269201,1.536527438109252,6.107096052758488
26.674418091985803,1.48178561209808,197.63001866784825,1.6884122276729123,5.763977912808643
12.183073984536165,1.4719845839494103,158.64460850224225,1.0530361457797135,6.028852149971942
11.126142601643108,1.4822399241380086,1038.151643704523,0.965582283484856,6.045436492626886
25.728602894990097,1.481693980239098,201.8687443261218,1.646501724291257,5.75773685515873
43.456340894060496,1.4337060986283776,417.2643544025892,1.6444154813234055,13.406872910236622
26.079199644316976,1.4607870655725284,254.70681409145064,1.5176150591094175,6.108015721450617
33.313741693891956,1.4330841223991797,160.97347453234272,1.4304858129962896,8.708573013117284
15.0070803221828,1.473113740297115,155.07674302888176,1.167291633446763,5.920110849316578
31.251487539425685,1.4332912674478608,263.6684113095487,1.4790500300626082,9.950878609437932
29.82246303156298,1.4695586894087749,281.58729863109653,1.6481723805295434,6.269468255687795
12.108231807307398,1.4875902695090832,58.870792518716506,1.2071308168709645,8.059826174554184
21.777433764815253,1.4846367762607542,192.4950591148529,1.4752533787522932,5.913285176689096
26.87144512836375,1.4558933326368055,245.2560422013926,1.538782979201832,6.150475249932903
18.63899512737614,1.4597206677313517,158.63692956173028,1.272270616643603,9.168322980967078
22.449396012289625,1.4809517824924934,192.4950591148529,1.4941360383196791,5.446588986823362
24.664026010127095,1.4558533981695845,181.9745510168635,1.4549085680405085,7.054742939177125
29.197475195404905,1.4661756784004276,284.83479535860516,1.6771761746716711,6.19880936701788
17.263535020334867,1.4600295146144564,176.48090636666385,1.2512559814245,5.978992734053499
26.422181732784807,1.4664918804796314,245.6460274970991,1.507990430113363,5.9496416421156
19.53681766060493,1.4562326724194392,162.60459572408843,1.303921857544132,6.317875744047619
24.09471684121892,1.484652527379709,102.0037538649718,1.505066428000157,6.229652938528807
25.28942605575188,1.471598510381751,599.92331863366,1.5074020868147335,5.904799796075838
27.893819836474332,1.4676420993062165,154.11646214075276,1.530297927260457,5.991187307098765
24.500703224338356,1.4701908700939488,437.4166747030534,1.4974501750723497,5.694514026675484
23.739040502106192,1.4868642142395716,176.76784093177665,1.5363314367895586,5.5251763840663575
27.963597257766423,1.4797250167226856,142.85714285714286,1.701163845002752,5.508797019675926
23.172029148410676,1.5114034201940745,180.7704990643553,1.5224008640266216,5.4749146412037035
25.985537959623365,1.4722887004853829,222.91882584878613,1.52476982795638,6.081465543719286
29.469070767485743,1.4361702749097682,372.261906800674,1.5255155782167014,6.855881121600075
23.93781091451572,1.4887771668885073,186.29165045558616,1.5408859789534637,5.394829402970679
28.93314925852412,1.490197922255281,301.10021681769757,1.6113682817846366,6.355487075617284
5.795797417831921,1.440524801276493,264.84594419012086,0.9126706035891424,10.049039298268177
22.610109161419757,1.4786649569888568,88.02514940113606,1.5248959486363447,5.955259090470679
19.612298324658855,1.4762854145938131,126.29514606666103,1.372604299292872,6.267725372942387
19.47601636926762,1.4775228723215843,95.50312760734944,1.4629931419340525,5.668904513888889
23.00886584180982,1.4475422800841615,204.2260789040566,1.3692198115370962,7.254438859642573
53.93607499227964,1.3987127013834175,437.7531376432094,1.6664285882095224,12.226180804527104
25.206926507964052,1.4686796384991163,217.6060493667509,1.4940388349833151,5.983060688539444
33.043120541659746,1.4359430699836593,194.70988348240695,1.488498499739439,9.178896026234566
43.011955587065714,1.402489164955704,463.4219541650451,1.454548687920329,14.29401176697531
26.52950719960009,1.474313804883194,98.85618083164128,1.647782990746034,6.044110082304527
27.725682180123517,1.4421167656175125,273.688804496682,1.4410574650003851,6.218890473434745
24.2539251185127,1.4669506598295272,102.5553859868836,1.4790947958534018,5.999927019032923
27.051718050472463,1.470843556833836,134.3405141570213,1.4618742100445727,7.100756916887126
24.144031690221706,1.4552178655849468,357.27984540723844,1.4020060684344875,6.400838065500941
27.29725833667544,1.4454200322300923,265.4939032201515,1.424120025675259,6.996332497427983
22.24031790704987,1.4915678277402922,109.81423969999722,1.4669519569786802,5.477512538580247
28.031745860499974,1.4652031046675154,272.5288393151267,1.463809720688582,6.288332489390432
35.567552067809764,1.4409779200500064,479.7814328398705,1.4368514043046392,8.49583952760631
25.48013435228193,1.469505919437676,98.10060075948354,1.5267059603619746,5.707378592785494
20.30267978741718,1.4714322482940574,124.22942410111972,1.4225855021513885,6.399304415684624
40.032129176293864,1.4082860910733712,431.4331902330825,1.4810398378908298,11.56401804503367
27.865746567739155,1.4785432468444646,135.33710986109944,1.5953820042609297,6.511430913800707
27.113352586284396,1.4898821340436528,102.8948466781845,1.6311094286747545,6.233716035604056
20.040155942617293,1.4876113982924972,93.4912618041455,1.446455625134462,5.567726934523809
19.57515219548429,1.460042854086397,133.0856529333296,1.362040691400927,6.844648558063271
27.56091825635807,1.4802974922839487,140.32794007406784,1.5858609443434888,6.538424575617283
44.7786974588809,1.4008861185640928,436.33371017365255,1.5101997225142398,14.69037047287098
27.79179387424197,1.4806573818751594,161.49608700748306,1.6491259974170682,5.834416543368969
33.92608178522133,1.4435733324339248,591.2657461855774,1.4593576756078,8.35993686194207
29.33718899441168,1.4357053165203095,116.1667398376135,1.4502550397723806,7.553992754147377
36.90427992221624,1.4455912539950044,288.07116106681656,1.543779037168107,7.307560576976893
36.25110574809677,1.4244785884510611,485.8243203993321,1.4634305504405969,9.342423945159592
27.651452662428188,1.4458364635277825,301.46553694465473,1.5006554436390138,6.484667329240471
27.12348629318548,1.410500763293451,210.4036595806583,1.4210813388850525,10.85747020235564
21.219223800114143,1.4819684854714328,189.88454529754043,1.4518715716856905,6.026780671296296
42.77785473010617,1.4017781032874663,723.5948005298617,1.544211338162755,11.634054635545004
20.970162450182254,1.4759405201778562,171.21843109750594,1.4756172782904071,7.1418191901655455
28.037204862890395,1.4715853724092938,170.2292732585424,1.6354597534089934,5.686682038483797
27.934976290861837,1.4493907004145972,282.51521772124767,1.5253989862368238,7.498931698124407
27.229451465560313,1.4641591308506234,155.0188436096879,1.376822091181195,6.8147257092830005
28.56793258652053,1.4672028198104234,169.47841589594995,1.657603196300887,5.880554108796297
33.761639916169486,1.431225230966502,331.4929585879722,1.401425228186375,9.125203544980478
28.884923887499426,1.4444445979909335,297.99972467956695,1.4694200921074856,7.47983192586877
27.559150772407538,1.4790477056743614,163.54302665548758,1.6193572064431294,5.873085921424897
17.752513963405068,1.5121740330905842,173.27013406272178,1.1620665988625798,6.511934576804369
22.709995983995807,1.4588372290593048,94.1932680299464,1.434147192423645,5.756495949074075
28.33590715878688,1.4408772002972916,309.8527785667628,1.486480018607751,8.824964699074073
26.89775988143372,1.4825270800825154,107.67874857218932,1.4706111548586518,6.353120177469135
20.23482630128977,1.5183174340341428,167.47497730448734,1.342782906694528,5.894105902777778
30.936225733180063,1.4461361149366545,235.03537046418208,1.4278064274237945,7.853446350762527
24.345218264633143,1.471901736416826,118.48466023163569,1.447983418932041,6.490076035236625
49.04340788227201,1.3945288161110156,395.9965008794309,1.6356052689553215,12.7767312423368
27.70974852895444,1.482105869507487,156.66783174252197,1.6920907426247245,5.81677516515053
21.40615015950559,1.5226049824635874,168.45884820223944,1.452599427482028,5.423432998971193
5.74322950303946,1.4809995886050251,61.78511301977579,1.076202926651098,6.626900184327846
22.21569006168816,1.5100824295574231,160.09087364757863,1.4601440019840393,5.840786822702332
32.656151465413416,1.4566005969301037,215.4970354689117,1.4819079150283052,7.733767273428733
18.79966088703931,1.534884472644762,168.7895329333803,1.2941955939526004,6.145951485339506
26.336211141691617,1.4649130368899457,125.40522647950876,1.5402421274916585,8.667981288580247
32.57307345436074,1.4440986748308056,210.12343374797652,1.4374132688901091,7.892907841435187
31.873731813387803,1.461715158868677,281.096765590721,1.43675628968355,7.0616287294238695
21.510498568534715,1.522560640254361,179.8244397400685,1.3835576381073909,6.085673868312757
17.576197334069143,1.5280068890281715,180.80831063782065,1.1587875622191552,6.4597744809203155
31.376125563455723,1.455249355721167,273.0852847966345,1.435322014678203,7.52066738880975
28.1060409958726,1.4766167400264962,136.48090636666387,1.6858265643062949,6.004918380131503
31.354985361786433,1.4498969891221405,270.0994004357391,1.4478107422443758,7.88389803993526
23.193530402037748,1.487724259405003,94.1932680299464,1.488421315195918,5.523198141718107
32.85052077974861,1.4448768529383558,208.3186141006788,1.461995363945055,7.305600137174212
30.288949732117857,1.4368504825906374,229.6296296296296,1.416729610702697,7.0892269483024695
24.368467022029012,1.49923490505345,123.7644735740694,1.5527608007489155,5.8513984375
30.40775202258906,1.3975151709976914,239.2548726289181,1.4343362617756554,7.204181892085538
18.006773688773208,1.4324720860722289,75.59223176554563,1.0791566870767304,11.335195794753083
24.8755312378789,1.470177590363963,273.8489068226294,1.4855193252285626,5.7788808513374486
20.94500040654284,1.4812521257874505,257.3586406685376,1.4330667010558908,5.485513668430335
23.408565890536742,1.4732351017834775,85.52284749830794,1.4321746315002828,5.359970904063786
31.618531751410377,1.397536094824041,232.23273479890275,1.45663420614926,7.161535356040566
6.233715656831266,1.490924897464014,281.4135943376963,0.6009269905064064,6.88662969393004
31.155761778565008,1.4016279443616917,228.30807500823548,1.447668030445211,7.885323431069959
32.037117019707175,1.392709078868213,245.446518818716,1.4653518787141386,7.7851953125
22.705400969280113,1.492264576843621,259.19277868132787,1.5136306431374686,5.934279884852803
30.021471225850007,1.3952853473920015,241.98560868003528,1.443561038503986,7.599038266782408
15.98350991697338,1.5305402230653669,284.0172534756537,1.170335020329752,5.8915271842355175
30.48222206021739,1.4076285181353376,237.8530769275424,1.437982329222257,7.474496302726338
22.289336311386688,1.5002118641867122,155.14389667259312,1.486418707561838,5.709966740093589
31.2898249465542,1.4407172854835342,269.9494833498043,1.4217239891946765,8.054235789609054
18.841388888790384,1.5219519146303742,283.6193968555748,1.257655179835811,6.087015742253692
22.791808217733028,1.4878124291857948,255.3120387051824,1.5099644053178771,6.381530028292182
31.828091781612372,1.4441390089715298,323.6957450542597,1.5982789656354246,7.44712225804674
29.01571815890613,1.443637115175021,326.1307883260226,1.4878419048991494,7.755292662023163
31.363085452825448,1.407571742612349,235.8530923966753,1.439606474954645,7.602109053497943
40.58228970940228,1.4065428022671589,242.08540844035656,1.5058531785758351,11.058231722608024
22.818459553968925,1.4931283797234445,164.1530283571408,1.5055883767321678,5.638909272119341
33.865586295433474,1.4087296006600676,440.8301033106473,1.5800748757264336,9.297791763117289
33.13759357449861,1.4437927100185808,217.84065860299037,1.4175459041371186,8.886744116512347
33.319692074566284,1.4149717438830556,429.4220331438591,1.6133904338144467,8.06178782348053
20.64090580860439,1.4928762938380424,281.8812986316998,1.4076275526323947,5.445319389329806
32.52049939863278,1.4436663887224406,334.9567761192546,1.613775822353671,7.330788438229073
24.977153398729516,1.4462942974027333,306.7648887548292,1.5056096754551789,5.938060619212964
18.21309176126691,1.5094058254789853,352.2252672852948,1.337211038238163,6.574073936287478
28.480090193869447,1.442557264085817,360.0007614261537,1.5094776305299895,7.373390810940091
17.506025233024868,1.4734419833154222,101.43125276069416,1.2658503333265485,5.906540798611111
25.777115020494772,1.4514403457282687,434.9332090855297,1.5065149095150694,5.829226610725309
34.523803741822775,1.4259865695952354,419.83583362188784,1.6132709674369554,9.109633608217592
35.092997937850775,1.4250660218086504,494.36068708908897,1.4207220230543718,9.749184078541262
27.294536154371137,1.4334008624938464,599.2523132437607,1.4952576768146677,6.276804783950617
64.15666210936995,1.3677729201432067,219.93166099649977,1.6513574404486375,19.994583246860365
31.12342686492012,1.4352255190760068,295.73657691727175,1.558165811831206,7.359383930531407
28.40799877450603,1.4769546327518983,251.46922728770087,1.5898087317730285,6.169510914994857
20.50035099579785,1.4922633548189634,346.6448780798396,1.4211728499891536,5.183035576499118
35.675425649412446,1.422883788788833,483.41653674401425,1.4398313485970944,10.302518182642972
18.02267631477238,1.4880075402912618,104.3790283299492,1.2478989392624358,5.83691550925926
28.334150985262134,1.4716645907802988,262.27151786694697,1.5978757170509477,6.2941745271450795
28.417428870127583,1.4673102011612824,245.81228472908515,1.5407539436171962,5.733039296737213
28.372470393434455,1.4525914854478668,236.22232415746177,1.4985898073410755,6.4115015156525565
28.949038006168283,1.4353278995754042,322.2164040135447,1.516774397375647,7.517819251543211
21.03847590894033,1.4650866759535814,243.1789792571732,1.4740389141585624,6.658235621438748
21.235180697046783,1.522349944130762,147.73534748147526,1.5082705159339709,5.503352623456791
22.17364866288775,1.5015779637588458,151.8502086666587,1.4180431958359605,5.483302830825616
31.31039386066126,1.4443875101689418,362.32617735622256,1.5497234446515455,7.589210276224819
26.960872878870298,1.4655659317478698,264.8426237962833,1.6081709046973074,6.481691946881091
35.851684394298736,1.4287130766317355,516.3777297762234,1.480775226192357,8.852772208532453
25.19703094672677,1.441171668235973,329.125813066366,1.4336149257355677,6.838723208161865
21.916169477227328,1.4992294635559278,160.8015106111065,1.4069818769991087,5.674120645943562
27.032688480988888,1.470981386973908,235.7974069804462,1.5462385412191648,6.556264054232804
34.98504058081401,1.430103566519176,321.88940392163323,1.5726900121324694,8.29560068657928
22.381033909346332,1.4822749039405836,149.69039949999532,1.427035810227886,5.323656856261023
21.866083870304493,1.4863654315142445,162.16370213557838,1.3867493359374097,5.662690811471194
61.00265242006041,1.364671545289643,193.6907208212407,1.6023279112683753,16.882178497942387
21.719650045530113,1.4924216303993705,154.20951646524844,1.395914863829438,6.176848298408057
35.56782549980875,1.427794269805126,516.1439700576054,1.48575519559476,8.881790709725248
60.43588682115029,1.3634580549946742,204.3274042711568,1.5853489932628329,17.954453768004118
22.22811931173487,1.490750593722578,147.1887525382796,1.4439783580361194,5.67404436728395
25.05382373047229,1.486414966143642,213.33333333333331,1.5690270552853325,5.72382957175926
52.435572972795455,1.3776668072117062,571.7608006253995,1.6273956568794266,15.528880462150749
39.26196337282605,1.418464888373353,473.34142757427054,1.5624712107054115,9.032384174155773
21.33411013414392,1.5121806035877845,159.981618196313,1.4015320345457103,5.830544532627866
29.253862996526003,1.4539363970928485,234.89478984009764,1.541476303019504,6.488586344433271
32.78125457965427,1.4488266992549623,425.3846926295999,1.624453297602518,6.751452340049694
76.60845360312392,1.3508117772384296,907.5854981045076,1.6325108373846386,22.37731872497458
46.915392451309415,1.422865174192281,677.8998629570067,1.6282950948390928,10.60283661265432
48.38321611963499,1.4134012333626895,676.400552480485,1.642307003770607,10.112608787114723
25.43999381255874,1.4843188683119803,244.9242250247064,1.5921074625812714,5.250862911522634
51.63370244239465,1.3841694487697358,911.4979281625556,1.5690436452679388,14.57467492716165
26.0528342641983,1.4685312901643872,234.32754972917817,1.5856639405571336,6.0143166473765435
37.97938158771735,1.444609631156723,315.5218659047352,1.4843274150536634,7.202414940059657
46.048162842672134,1.4058489581632552,664.5293992352284,1.539745338125355,11.790760539107715
57.59046978794518,1.3811884758751725,911.1276438345589,1.590426314695438,16.5997238437006
26.1844015942316,1.475772877913012,327.2627806193187,1.5937828316102989,5.710317184744268
62.51600680300558,1.3697122938959028,841.5660222896007,1.5588942839771411,17.228584606989827
25.8361106074958,1.4802230457248395,339.9346342395189,1.589651189794176,5.581055330504115
24.783399715804595,1.4817439338413838,341.2830680157187,1.5497278084138852,5.567482045346629
24.73549258772857,1.450195251762734,348.6011132120533,1.487522781095121,6.1654722865226335
43.298474281884666,1.411008388214145,653.3333333333333,1.5103822829337712,12.461852655606997
23.03569006718006,1.4688678172954477,349.3071870291409,1.4492929821680718,6.216860357042649
45.31007479345187,1.4085639638356446,678.8861249137975,1.5270754929986483,13.12601066468254
23.72178979961685,1.4629576190231304,352.7829542919785,1.449396149662488,5.922126778046162
39.25529840520435,1.4294035698391443,538.5425666480787,1.5129292391616471,8.177611558140363
30.46492476064034,1.4494198857081744,402.2045381182435,1.4885632964070612,7.871754917505424
32.18866181535837,1.4394967406373085,404.83092989312183,1.404715631552076,8.727875958832607
22.51987256577704,1.467075476063059,350.0745875599447,1.429591589887608,5.668428957231042
23.795458578110452,1.4810904331159047,423.011864576283,1.533674891039185,5.476273285934744
21.597531952314153,1.4693731520748183,178.64460850224225,1.4222809051169196,5.562789030349794
15.054328047514788,1.5114785084170388,282.9815154493974,1.4511245242092488,5.6049763007054665
20.82830109636019,1.460199533486956,347.98692684790376,1.4318265102520138,5.560783339763375
35.83566328335037,1.415065884239228,351.2655210794819,1.6343019086621475,9.216328879830918
26.07760356564915,1.4606188170212535,204.05694150420948,1.4978073446718168,6.142808427640603
38.76897368108004,1.408185270275143,358.5052302188994,1.591277279863066,9.90696398600869
32.41142002878525,1.4495221778536416,284.03874640613407,1.5828495864478658,6.721748153629918
37.44536638187366,1.4276731641602367,252.4825308888853,1.663467367752944,8.37461709104938
32.066100253332856,1.4447897916189791,524.718770768305,1.5920428401139115,6.752888185366739
27.501502737356457,1.4593236660624385,376.74770440806185,1.5541077451757916,6.4563931549738856
48.88332334737783,1.4076300935947672,458.33314458747543,1.470441393821911,14.478777133124746
26.58476318352061,1.4656706817229004,488.7980045417812,1.5420865427949726,5.83878231095679
40.98786780767336,1.4301391384040718,443.16094641765807,1.5657557602641463,8.379485629401138
28.371380446997,1.453873780820058,744.0219989523246,1.5246520532517711,7.643072059327846
27.55272492852479,1.460833771711035,508.6835971392581,1.5567555260149566,6.719176837822672
27.861898129287724,1.4573044568814977,438.9658244419344,1.5304628743731694,6.665284348476081
37.89876922729925,1.4303713809029015,248.1061896080688,1.603060161790417,8.335198876979334
28.629654573753307,1.4409480191878503,315.6611717838936,1.5334011059900714,5.998479456018519
24.75272237316341,1.4831556475192078,345.544661262142,1.638428709562047,6.287007550705468
29.009625468909604,1.440814522482885,315.4829932307117,1.525476523680437,6.37583953373016
32.552359513900896,1.448998730947476,319.9854742754486,1.577859739991931,6.676333043981482
31.356219326139637,1.452647867471302,315.4581488154063,1.5454571434734132,7.4188275221836415
36.82967269954812,1.4451050460467496,256.375615200052,1.4763128627290962,8.016561710744282
38.56401978072057,1.4286630693524152,242.9524229610435,1.5672333873086632,8.696223315329219
23.427108890628972,1.4913621591623976,354.9098640492019,1.429615430380641,6.463321084104939
60.550775666712795,1.3522688425853715,667.606140739453,1.5761284761458867,16.40155011573981
22.488677361991513,1.4904928086471956,344.34287210669356,1.4742509295104584,5.70216638803155
38.64875354224051,1.4282725132385017,242.20254556928177,1.521630386105249,8.457209683641974
30.45533526239523,1.441478971079586,290.21063024680905,1.4998443512974569,7.773492827581368
27.40848545113383,1.4586989763822835,243.7200698536249,1.4505442826410972,6.2589643741877845
24.15481664969307,1.4875120988430033,269.95457871264864,1.542598119231969,5.945759066358024
32.36561497172168,1.4265204816162471,460.3356108603499,1.5856280981554345,7.40625714970685
12.914714584020786,1.4004133379524897,378.5367704238569,1.183439453282933,14.857529658564816
21.224696989625073,1.491074300591034,269.9494833498043,1.4519808898130355,5.325336612654321
26.6173445081468,1.4686555392488314,240.44010715462213,1.4817073968169612,6.695261622299383
23.703496496666887,1.4777067953751029,155.41901283227403,1.5003626295960877,5.865563164437585
22.17115550834685,1.4906400599632357,271.5908916913731,1.483312117772143,5.24780044367284
34.39933695668441,1.4612380253713986,269.3846027217718,1.5245992784651556,6.835407262731481
28.382145847667733,1.4631252994263624,243.95264908498496,1.530756914698533,5.717788456238977
21.90282254033577,1.4517339205150437,229.94948334980427,1.3780505747805432,6.062817644032921
34.813528745174466,1.454863351464044,268.59773530380653,1.5131798006694832,6.78332116983882
22.063466400881623,1.4911611122160775,262.2056622573463,1.473582394058632,5.368821614583333
38.099871495236485,1.4416274948965189,214.33825796784387,1.482194341285787,8.469916153257975
21.256379302216125,1.4589931516220422,242.6436636711948,1.3709650846407324,5.843928948045265
34.12368011765526,1.4550608443534618,267.8391011963587,1.4944550110676422,7.140976916152264
22.642531131644887,1.4903433584793502,271.792037325051,1.4952182892246446,5.300097736625514
30.83869343524252,1.4371310552327017,269.56996859734625,1.4466150599765766,7.059163773148148
29.037952985310465,1.4536439357688902,260.38509376029435,1.525264988165406,6.3795345721879295
33.60443167483225,1.4517486736816998,267.07924797330327,1.4613431155202918,7.660277380628179
28.762656701524048,1.459286874315993,249.41845495504913,1.5067405283824342,6.6517403659355505
30.362046628436634,1.4745966659811984,399.99999999999994,1.5647708811803336,6.480372620884773
34.26357850073593,1.443789638801546,339.79223356597447,1.5044272807945684,7.7748207968684975
91.05977937234135,1.3439559390991984,506.8219958974719,1.6088440795941812,28.820783201976777
25.78101660708442,1.4878660962578505,253.37686621232672,1.612888792689625,5.853416459476453
59.379769852274954,1.366268668695359,702.291190198365,1.5932559918843614,19.065712007361352
30.794233457031577,1.4632188360984766,398.2906391757329,1.5319804850275394,6.961315923996914
97.57661862378332,1.351008481532492,818.0546086712586,1.578831233259827,30.895384217923276
37.45455460381697,1.4448649979407144,400.2186668616312,1.5625238354466184,7.501548230841037
25.705831233527267,1.4839692817211203,266.4735570951729,1.6227612743048896,5.70162303883745
31.568127039856293,1.460618727851907,387.57698742160534,1.4686735354484546,7.897112991898148
53.40981765412851,1.4037848457867013,652.4097048925595,1.5467561904952836,13.909313552919238
46.660089204254255,1.400744461110662,452.9239181924432,1.4431940274046395,13.89126577313422
25.55949158531097,1.5232060512330838,279.14561806241846,1.60518834117789,5.689579337522046
31.58995726327885,1.462935857725011,402.1290360184009,1.545722725985999,6.872386451315699
68.89785326122978,1.370734400114722,546.9020979916372,1.5344598283532989,17.574087480565975
25.7121672403758,1.4931519047313566,281.64140834156876,1.6112625460242784,5.377596187570145
36.47997111980058,1.45838409921821,606.1985604335429,1.4375814016874613,8.4974991560571
25.69357005958096,1.482084886947934,281.6414083415688,1.6373868533830978,5.5946547067901236
26.018569210320585,1.4733588559003477,281.15076921609375,1.6606185689379849,5.6498143095972955
30.599324820875275,1.4423638682600273,261.37320952434106,1.5117367383835387,7.256051058980498
28.08087152774321,1.452682425896339,297.91272067069735,1.5651163665972665,7.518344837997974
23.388799375566936,1.4532256235130274,203.8051104771472,1.4720992597393103,5.704629790380658
24.06931676487312,1.494143007979438,283.28281668313764,1.6028474210586028,5.983712223508231
24.36264110417967,1.437429550119405,202.1637021355784,1.4665367274659404,5.500968042695473
37.18386722716238,1.399471666429977,706.9214356375206,1.5431915091755906,10.232189354819562
23.092918604625464,1.46715303827832,215.49703546891175,1.4174242269422932,5.438658854166666
30.93864391269984,1.4512764182344955,319.047619047619,1.4761533755994718,7.714193222736625
22.72883094110363,1.4869675300956973,198.83187828867267,1.5011898400342238,5.9439417300485005
22.962714008768117,1.4504148531899483,230.47177714381388,1.39583985589008,5.5262842399691365
32.558673101347615,1.4289027819567972,324.9515885246934,1.4307947466508504,8.695407981534842
22.99459658688411,1.44093222008556,261.23324286106595,1.401230831098477,5.712346391908212
33.175720200591634,1.4512227308683583,328.57525141591276,1.476995315763687,8.373054624308216
23.743549442043378,1.4818998960988785,292.9711031166221,1.613315167780781,5.748302951388888
29.737569724858304,1.4258422841877063,763.1720455114807,1.5504428137983466,6.801183083380726
23.288015295327412,1.437149347372484,287.86058160011396,1.405356326245478,5.636120541838135
22.178689296316797,1.4834103388347324,278.07656216367207,1.4828231865245916,5.368980516975308
22.99169878943955,1.485242843653033,190.99407093782344,1.5109807103119508,5.300333719135802
21.51665798275738,1.4861503904560032,301.8510428267537,1.45652604633307,5.671718964334705
23.234193132398747,1.4445805802425329,287.6835995399022,1.402707402694485,6.083327182652703
23.199050496843704,1.4859470074863412,195.72360817087613,1.5215770846428096,5.608903892318244
31.111490905265303,1.4592280755270854,325.479552714373,1.5727575231918407,7.358076936521153
21.774813690595025,1.4826086737265438,309.6283351894726,1.4624145420077166,5.467265464248971
24.064217384165183,1.4311772677407455,149.27375141652504,1.4072389684049167,6.567938980276556
22.41340007473671,1.4786703711649671,288.1475009280697,1.479427300878529,5.477779794472502
32.259939994197254,1.46054169459807,212.94098703232905,1.517207487265824,6.413113803026082
39.975785420031954,1.423806360538327,296.36922705344017,1.5307605399574875,9.6413002389372
20.40551842011143,1.4893764856324174,291.0893225242841,1.407829615811281,5.602057705026454
24.436842008689933,1.4628519163637714,195.5026842290804,1.5435390823424373,5.4587192735890655
22.29351556336199,1.4819424468179432,286.2102563735675,1.4587161241242146,6.323062950102881
21.604359107976546,1.4810337947595604,282.96166852280595,1.4724880960197906,5.710423096707818
35.376055143765136,1.4239013899563644,319.43572660528525,1.4628638553809057,9.934476983836907
21.96390915599578,1.4661232259539068,283.2644469921574,1.4277320305319092,5.696738602752059
21.326243930125116,1.4728398283381374,279.83259437968485,1.4441139631356568,5.39805927579365
25.133039758842717,1.4605819244691909,206.22914775373945,1.5990645761508788,5.879273175705467
25.468655872875292,1.4876314966757005,211.63513273305455,1.581628958803356,6.063922646604937
22.167736179778075,1.4808538589408549,148.83036880224506,1.4855649532201074,5.34451244212963
28.80675005359447,1.460770060741391,314.96629800429514,1.557076530324077,6.390017071759259
24.68898085739535,1.4779879963657772,223.37060519610984,1.572800103861385,5.663768566743827
25.634204435957017,1.4760581114624127,212.01265366760208,1.5932496709719373,5.766383757716049
26.11243871919578,1.4529279064101264,146.73421787452082,1.4488774754667424,7.166485206886574
24.541882128344515,1.475821440963111,225.14810844194116,1.5578491727057513,5.739382716049382
21.5961574204588,1.4811472775454717,140.74074074074076,1.451996116658826,5.30717505787037
37.47860789576847,1.435146470386693,428.38188250317495,1.5242817929626262,7.729817263379312
28.316349869764423,1.4822524730273312,306.26096862835635,1.5781459981286952,5.60867243339831
26.293418809021183,1.4813772880256102,220.59312057303217,1.546410928785062,5.439631076388888
22.311547824542895,1.480937811351915,138.47371948850528,1.5078162815800489,5.771367798353909
28.400215799758563,1.4651764209790894,302.5387786359794,1.5848970483468552,6.509753069790336
27.474045900370175,1.4788562838363113,222.9844063063628,1.574358136390129,5.3707765151515146
24.350361235516157,1.468912236416321,189.462407113704,1.5092569307019503,6.042054237397118
26.521710534678935,1.4715099754086165,218.46975177964865,1.602086155918875,5.615683463912631
38.526912240888954,1.4298816124994875,350.49120538329123,1.6156285257497487,9.136816587920684
22.012528054421068,1.4995081608204877,136.48090636666385,1.4714494762284864,5.763936325056116
24.086338784724724,1.4918438885511658,192.0216920016036,1.4814443778279207,6.095434389467592
26.65575367702236,1.4683219705338373,226.0258802134805,1.5554550997485588,6.251670631858711
21.858539707136128,1.500098807054656,135.3005664791649,1.4682203433549066,5.827619170096022
27.088055329193608,1.4756498596235947,222.59330333549204,1.6047740834762776,5.719938557384546
21.848514613206845,1.4850392317164631,119.15932296153738,1.471305339636325,5.565933710868606
27.2861765260479,1.480678408032439,224.6263357061982,1.5478965693935496,5.649356481481481
27.342412515350617,1.4681088887055125,219.37129433613964,1.5944377085167016,5.739755122599451
27.327142501575604,1.4659691836884736,224.7921192488509,1.5856571274853035,6.0561881193034734
17.998436514490667,1.4832158570463678,92.50156411040494,1.306845921551377,5.580573065052231
22.56227667176244,1.4762047935718177,118.7822471904722,1.4886838162488087,5.464003423996914
18.491571747896003,1.465940315592552,94.9071198499986,1.3776059865018,6.607386363636363
21.52956655519171,1.4930871515043305,122.72713826069214,1.4501980422767962,5.495413411458333
25.70509515063972,1.470631940738031,122.837095696853,1.5537031909402417,6.310113528050109
36.679671776025145,1.3966516955849415,401.1035004039762,1.6683592239010387,10.035880272633744
28.792310521759365,1.4772856328205195,278.23372453932467,1.5434647394315435,6.240844501299545
36.1601782296975,1.4424564605133856,328.6113030959433,1.5194201332076802,8.114360938515269
40.714969378260655,1.3925666646784234,361.6743318636771,1.557936898416159,11.453755373677252
20.331941401270573,1.5107969873177023,229.2453959197341,1.4330876257772678,7.093915702160492
33.142155477187046,1.4563519076304623,430.7688091243652,1.6262765025694297,7.500871270576131
28.056524213023938,1.4514614320719657,103.6795192130731,1.4500800893455017,6.9198740113811725
27.474139995279614,1.4708447039579844,277.8174358827604,1.5148257918265433,5.880923996913579
33.21271417030688,1.4501798154113383,436.8099018633256,1.5972316294905675,7.393345408208689
33.9589305978292,1.450289082703732,323.62179861342446,1.612694242558225,8.026499544051628
21.023684659820887,1.4818733202985035,229.41020355126537,1.4118337320436036,6.763552586838251
32.78485322122147,1.4568837344245986,325.60218888528016,1.587977182378913,7.542736625514404
23.601248431879313,1.4521517947205542,276.1919313426727,1.403505200406659,5.767920450498575
33.88209099673228,1.4307484948426967,346.35258145721315,1.6461141429912762,7.218374915506789
27.838526911476507,1.4899129594782592,269.7443073071082,1.7237660034680329,5.548785579561042
28.350524613508533,1.473426317667988,268.7184270936277,1.7236863316304918,5.822051826131688
25.694717344146184,1.4788926828408546,217.72820797892768,1.6633380706256786,5.75017600308642
27.586713487212418,1.488039830220856,261.6614308082261,1.71779606452185,5.608581545287275
21.86317335047536,1.4807427129794737,232.22512719400007,1.4934832178164077,6.218784860008818
33.42137397738196,1.4273194319433569,358.83500665370275,1.6404771025787217,7.790004608196158
33.84432627043004,1.4209221051336796,354.7150107413766,1.6493220470110292,7.643176327915912
27.178759141350085,1.4809089802379365,256.61615001647095,1.6559775754961288,6.288404063786008
22.616893944883707,1.4718888053649322,231.81477510860788,1.4458841257996926,6.121194760101011
19.26431968373075,1.4992228789312056,137.6727434124217,1.346863468832033,5.524223090277777
31.164593568914697,1.462837361779657,297.14121840793,1.577862426717966,6.880083145851274
18.755107433125033,1.5117130906799296,136.6528803139014,1.3703034199164414,5.314350673010974
83.71883467049159,1.3500643424539287,591.2471855586543,1.584463319486927,24.9351587464906
43.35887165592943,1.4157832790294724,590.3151375530623,1.5615892787029,8.407576374599907
31.53891948364637,1.4314422432806515,588.8851018351523,1.5689227697380068,7.814996555335098
27.44727208906298,1.4663872210516824,296.2327945190981,1.5346870972654207,5.605981109457672
44.061739825478305,1.4111633000040622,580.3814929113744,1.5667096574337616,9.189633212081128
22.71646125783047,1.4772293116615007,312.5900037122785,1.3942018758419026,5.703168885030865
28.12127273440121,1.4699981242521385,301.36784028464064,1.633274288234979,6.054010830026455
24.23941725271065,1.4537934086948108,321.6624178210839,1.3724765667511605,7.656841194058643
43.70657971525927,1.4141564784084315,579.2350076156315,1.567535161426633,8.704159754372427
29.23123616312832,1.4573847661157897,294.6535935145705,1.6278779671204964,5.618159722053378
24.66006150357436,1.4877741473430972,217.88820673469775,1.6094008240105455,5.894419780643739
28.61855352935059,1.4722560001902658,320.7924797330327,1.7174284524629944,6.630066336591221
23.325544594837524,1.4901546660817335,234.79918141497063,1.5362574672388067,5.362982092335391
22.148724873549725,1.4694337995233946,280.0808467752733,1.477448873103565,5.2661055652006175
24.02822869373517,1.4660839112763495,312.2371194453852,1.4146026387009405,5.810181638291518
27.791240068997805,1.479222898637854,295.0937062403407,1.7059304063574272,5.783057484567901
26.167877244766167,1.4783411490833545,225.50947044231484,1.6076740745042148,6.194499559082893
26.936314148185755,1.47137587026189,294.7636509445406,1.647652245815306,6.364746288947678
42.72868341370699,1.417162352116841,570.7456243913538,1.573945727015517,7.911278091236683
18.952014127151347,1.5102088864927634,138.57928838888424,1.3633580820265223,5.285557346781305
23.661574251198974,1.4539366881737226,306.08255298372757,1.3870876826770056,5.9879509066358025
20.43911150507236,1.5349295553645588,232.11318548538264,1.427584498278203,5.493075649434156
25.828858541517363,1.4871429270725771,224.38592435780055,1.6524551524397886,5.81924286265432
28.168267664592378,1.4807994685465404,305.7876267272245,1.7099598234456237,6.58557071973594
23.93923996863556,1.473061369267988,304.97663425941346,1.400238650062322,5.769370659722221
23.83558359086618,1.469541038631383,298.29661574098316,1.41316809457508,5.50449893904321
31.07119020712106,1.4490249484046789,286.80927493861515,1.377721467690624,9.147159218364692
28.114510276337818,1.470558343060642,317.26181613714743,1.6874474813968694,6.384069876434534
16.161547184877843,1.457705904126126,270.9485953707097,1.2084748323594134,9.601496431327162
27.86805294182565,1.4715755212551398,212.12432264387863,1.6101256721165944,6.2556531884707285
24.213065656246897,1.499971271996603,281.0635667559079,1.5547381419952748,5.491207710113961
23.323360933034365,1.4934448996362952,143.32025883372432,1.501184958107606,6.823621539827561
23.121949923764333,1.515603791139992,257.98037097273715,1.5148033426389005,5.3850410676575695
40.84206386123534,1.416155526947121,188.83036880224503,1.5812854225757942,10.7239453125
28.44661005996553,1.4677882567158966,325.32461789860247,1.6821414745407852,6.3763687275985665
26.28134516632324,1.4856430915177083,214.8148148148148,1.6826349059637593,6.034408205588478
24.22457441180423,1.4712211498035432,247.1801250137258,1.5479932654586743,5.369452849426807
22.46391489383025,1.5091135213822675,243.2828166831376,1.5065593127930883,5.299742476851852
22.754616278745637,1.496998151911409,189.65107297302944,1.5175388295161212,5.434102746212122
23.06764260618461,1.4899761306657604,243.43035243751103,1.5172119255913306,5.528104451825013
29.414951097732736,1.4710251063460122,323.3224390399198,1.650907418044696,6.217667177974014
23.187774135140312,1.4840939455957247,194.37129433613964,1.5367830872109678,5.954731974451303
23.064790851785155,1.4973988381271208,187.58929866916117,1.5190663487816276,5.6840061728395055
22.453555240317293,1.4289248262184095,310.8801671280646,1.3767897375204363,6.452878714114247
25.135409564757175,1.4822605479760782,358.1782466322437,1.6587473395078065,6.286051333545382
27.73941471862721,1.4763130037191787,310.5805452046493,1.6624892809724472,5.894013417352538
39.53089426305652,1.430563863585178,209.9460404257693,1.5174715331221893,9.208388192811418
33.3344163138169,1.4603280239083811,216.66666666666663,1.6200951468995002,7.306726813271605
24.55351473647964,1.4958462129227088,158.33333333333331,1.552393457597636,5.491031148785355
27.681065441095633,1.476271737206598,315.2287572723122,1.737892327031601,5.760789086612654
32.01251320248223,1.4564247933204006,337.1393451435611,1.5709333483518344,6.929998410192398
25.90213966789877,1.4748736616391256,354.8617386009516,1.6668587247012825,6.078825300374779
34.51892328273125,1.452814125137173,199.99999999999997,1.5821273533906508,7.248515888047138
26.585302118739524,1.483624531763899,317.49182927993985,1.6622927548421544,5.305372192215364
35.27792443475175,1.4415417836677895,226.0258802134805,1.6108632693714813,7.814153699417009
24.742972959700463,1.499497754746521,162.06075834683867,1.555131087095174,5.791315673009576
26.207351335484145,1.485555967905413,258.77985215204933,1.6453213194874303,5.604055587705762
26.883852429263452,1.4662905084365054,375.75709391854673,1.7169118804010133,6.797081886574074
30.330881539388848,1.449829593925683,337.23556292415384,1.571875925747794,7.6580093443611
35.03602169425552,1.403643174551531,393.6313581595289,1.239407118966506,12.041516203703704
25.552145174889873,1.4431320816248847,294.9747416749022,1.4834649452047417,6.901962127057613
25.61460426636085,1.4628881011660153,335.912444598432,1.486543907381248,6.755717592592594
33.621598306701955,1.446598269585563,201.52318709076476,1.607128467023884,6.997043808532262
24.25146847361479,1.5047252932626332,165.12372380457856,1.5433949209417577,5.680443301338578
23.250118422887287,1.5090788867630136,157.57575757575754,1.5119456245403189,5.557807475488425
41.65942589995911,1.4023703789889654,389.6785312429497,1.3670291866020818,14.53088279872134
22.130216382283844,1.454419189649358,207.1256212249137,1.0980752032680974,7.565991190843621
28.725434357752913,1.4048421976554204,388.87366747461914,1.4046281087038623,9.54514949845679
22.7295535463158,1.522208582301902,155.55555555555557,1.4942980010512872,5.904651364135074
26.81834713050945,1.4714463032399034,288.93846152011713,1.5588182316737846,7.158317333877996
23.36907200931875,1.4726317446115995,342.2969043199852,1.504658202786934,5.7236125324886284
55.31860224921856,1.360514522506816,317.3063919693569,1.5886602904296183,16.311115220746107
36.7810081324513,1.406353108335034,539.1000794697286,1.5395293940723709,9.285212466931217
23.345681764394463,1.4858861914227075,185.6692637409856,1.5483721984334695,6.341704339143064
26.430246472168076,1.467243992325007,291.65518560980405,1.559145946125717,6.230243055555555
28.088994463756567,1.4882229359893142,362.42376058521336,1.628609223266304,6.61950440457819
27.082867930483108,1.4502742594767155,368.97088419344135,1.49327413842525,6.563570476820784
42.34657682477226,1.419668418615454,502.740907238555,1.553202168276714,10.233489690500685
25.850339759523425,1.4848463862202594,277.8769230402342,1.6343990839693816,5.922400220624741
24.01093162217222,1.4764231924014606,340.49564875085457,1.564706540343373,6.049903388631688
40.55252855231318,1.4035431020247469,520.0005703437672,1.606150940919988,9.522416755698003
16.251230350122103,1.4708149135866058,142.26375183761866,0.950478027773232,6.716836648823303
26.53702391276789,1.4712118322573506,268.4290479976164,1.6197395385853652,6.270376639660495
27.060641583021123,1.4694100881360637,350.94859537070965,1.6891530092928493,7.005465856481482
37.45078182037751,1.4254677733405048,238.73995541572376,1.4761309265106015,10.306604870980475
32.91340784428442,1.4385942999470804,729.0283191761239,1.4855685886796757,8.5722672167338
22.55113196004206,1.483044605952779,193.15777307340184,1.5354035605333838,5.677456918724281
23.650880555075823,1.4908276345766782,198.859308026834,1.5291982073785897,5.479239679783951
26.263727140489483,1.4748838661212111,268.4904537128543,1.681247204892432,6.044131269290124
37.751971021867895,1.4148453650724444,701.2142228482327,1.5985104039904396,8.291821401012447
59.547379252991405,1.3707352585949186,722.6039305825975,1.5608077374966125,19.952973073480013
22.940907651428724,1.4906498449091667,195.80195678494863,1.5194393149734122,5.556932202635328
23.871077352383224,1.4987241670935192,205.33926950320523,1.559321339524479,5.408205897955247
26.674237091314776,1.4824671818188722,258.7264809531782,1.6751176098681615,6.549617424915455
20.988180386973816,1.519394377918427,188.83036880224503,1.4352852079889278,5.505728523662552
19.10501629779416,1.49743168602719,907.350825713286,1.0618011031848404,5.770125988618827
22.15974050325832,1.4658931254804517,289.81669196031004,1.1705957136182037,7.411966196217985
40.884131427545064,1.4100494422649552,276.7167228333099,1.531900028450327,11.871451669472505
24.252545861628004,1.4874867285627116,187.8371519809993,1.467317837871108,5.788557339891975
25.336458229300593,1.4993133424503329,204.3274042711568,1.5714193809442103,5.602617348251029
25.080789797328247,1.5002531618161212,217.66073760449007,1.5726679420714242,5.322023212448559
26.713479886069344,1.4721172102947078,337.6137785056455,1.5562885650171463,5.842901620370371
25.272382629247875,1.4920673060762497,204.3274042711568,1.5795359179756934,5.57099408436214
26.31834777854763,1.4739515650184216,310.14256240482206,1.5875538588677611,6.263971021947874
16.35848190283515,1.4587920754551564,123.68683728315158,0.9277857061364552,6.582080680941358
29.930719032537574,1.4632190120475632,352.35450560608257,1.5579971020393717,6.305939810221908
25.648439756914804,1.4904151033741613,197.9474145037402,1.6000309120924592,5.8287418016975305
36.87204504552531,1.412423924351872,893.4252105390245,1.6193854989312857,8.209407880892256
65.51651614379384,1.3749492571548785,772.9132749724166,1.5545440710220595,22.17413035131328
36.7783668115417,1.404081065083626,815.1676276966194,1.582458774370023,10.450359144590193
53.798718718512696,1.3871929302333688,834.0597213517682,1.575445220585867,16.179347821593918
84.32391956760172,1.3510543560948576,788.9853172519798,1.4159087879458674,30.204774621212124
42.62402507024783,1.4213333183896806,799.4813389887913,1.5492031523504528,10.408593182643427
44.588476997480505,1.418091074866642,516.8128980071787,1.4941456369737347,12.20418560313786
99.17164790119938,1.348684866499692,835.9007532343666,1.5751004645493234,35.87549843354659
41.13980429953241,1.4026779440310786,556.8520140196349,1.6716250331666866,10.408613384218857
34.310469689769086,1.406454299052759,898.2040404227428,1.3698745196396227,12.473004850088184
26.835538560555246,1.4817182639997106,272.52367977198554,1.7086411610297956,5.812384215972381
17.72539274083694,1.4432195858040673,123.10360240698375,0.8408911357754393,7.817460971946649
35.25498926177046,1.4408456056207664,528.2479596429412,1.4228781047353372,9.217075023741687
24.03802121267314,1.5039174116144214,259.9206930102873,1.433374800141559,6.493543917181069
33.72600357397995,1.4446398036462025,966.0794655054348,1.5544271401708012,7.425522665895062
25.5790169242067,1.4790991304132997,215.4970354689117,1.6023439162951378,5.312138222502806
32.9268349241693,1.421858461872664,942.9924744053552,1.361477710739167,11.366548166734754
26.003010251794255,1.4719635172907466,297.58296429747924,1.6799535825398952,6.179172453703703
67.36873126987204,1.3696436723264227,774.0170877916642,1.3406939973241134,23.55766671551051
25.94466195846241,1.478778979851771,314.7435907413576,1.6623273325357737,5.888404605263159
51.34382272202982,1.379299630770814,880.2790183180737,1.5690640706594845,18.243046392746912
33.575074691772556,1.4387103713628364,420.1631101412682,1.6309711965996858,7.252493526870943
25.641184481817405,1.48725124840587,217.1384438104805,1.5939528721807996,5.453660140174897
24.893597423173656,1.4776476487510175,201.3523138347365,1.5873810268893247,5.5018919324417
30.37439002615305,1.4652836184407068,366.6348857640008,1.5900484523727876,5.689409946525984
25.15958297587934,1.4548257466736834,196.3380980437643,1.4681651565636842,6.053468424479166
25.27513343075735,1.4842930566295278,206.45709811204657,1.614325334885451,5.619932781339032
34.326147432187895,1.4430392260289475,455.7821762363483,1.4950528252087791,7.488185165537839
27.27266134338875,1.4753352597673934,265.6657975728668,1.7237967525075009,5.863380232445988
27.395888911564175,1.489785416096974,314.27142422469666,1.713399237243071,6.116580922067902
22.24476997489826,1.4480831379955994,116.10938576665826,0.9158017321332368,7.138696309156377
25.036508533335407,1.4873894392737566,215.49703546891175,1.581652521850471,5.518475919495884
26.26500017334514,1.4733184347958888,283.3052685276691,1.627312320958066,5.524906925154321
22.20062054997136,1.480290420020694,363.7440207664505,1.4993529700012795,5.504551986882716
24.492937083634697,1.4961287779576449,199.99999999999997,1.5886485974292262,5.781355774176955
22.002588162704733,1.4829894707293287,267.6097096532646,1.4758217916532588,5.591410831404321
26.395739937815936,1.4721919576102582,244.15383809567297,1.4992770056544966,5.6348797582304515
27.29279213972403,1.4726317920586038,258.3249138916341,1.720750753890859,5.749747661072531
26.590660329732867,1.4506149444619103,247.5716504447091,1.4851610209451318,5.963693656764403
21.7923503425949,1.480547758017538,352.67640199518775,1.4453347605153894,5.371695408950617
27.587170238852575,1.474352653059347,258.33333333333337,1.7274014356617902,5.591385144335511
25.13045877846671,1.4907476640118142,211.06931104922265,1.6245259088165422,5.761957103587963
25.309326968714057,1.439644967686686,180.6139046245585,1.4463676571269084,5.868290830761317
26.155998533016113,1.459678857244661,249.60817949539137,1.4873884399561828,5.663744212962961
32.65113335931609,1.4367453131973449,426.03519396738096,1.5907358945664538,7.500743255346121
34.46660089265258,1.4444525289572356,750.7258777966856,1.6703864957512902,7.714935088734566
22.003878959643068,1.4765841752479183,357.8096603137133,1.4232684444689432,6.309294463734568
26.84835839927455,1.4757675145134117,250.0,1.7009342144732238,5.917594791666667
38.457095896421016,1.4270331985201217,465.81962377018425,1.6462903704440015,8.363459396435083
22.66192961170387,1.4721618370472822,267.49182927993985,1.512758667659281,5.34580868484225
24.829285310226428,1.4434885340106087,189.7339982961996,1.4619563142107386,5.772962384259259
33.37712954205824,1.4318996850769468,407.4074074074074,1.5214880441998075,8.538069733796297
27.12044875752693,1.474093961459107,254.54545454545453,1.729189007925383,5.668655639146091
33.65274409520599,1.4412107543943964,452.4784024443963,1.5346388459558593,7.296849809368191
34.26522521730687,1.433782751176078,422.2222222222222,1.4463121820839375,8.13006820436508
26.70535292032606,1.4782171055496711,255.42929166845695,1.6935563870566168,5.722419503922325
26.158826485060377,1.457864189030452,251.57887765868247,1.4795342904143434,6.154183505995751
24.54861584323526,1.4426813561239595,201.80308511298196,1.441662118692212,5.4551306216931215
24.832596938320226,1.4898403476753077,60.15792847081218,1.5023514610501607,6.130728202160495
10.33359261437045,1.4806024220551914,174.64067572252944,1.0417364348804958,6.180238040123457
25.581015159482895,1.4425683893129808,205.40925533894597,1.4634632893775608,5.296821094821673
27.011849209514686,1.4790001828425776,269.4328238471113,1.6736571070459727,5.639372617102397
24.244882316478705,1.4729429076766551,66.66666666666667,1.4855994021105978,6.117076857363316
22.82401480414515,1.4594687445437524,234.1540375041177,1.4299654522873315,5.584782372334455
55.05983273516011,1.3897448370052776,701.1194017258298,1.5568765419712,15.221022100970018
25.31636597697641,1.4519404160754474,213.7425886722793,1.461383250351159,5.560279706790123
22.98183086715925,1.4545721250014454,211.8420618119292,1.3654644767209247,6.875874871399176
60.91140425511768,1.386739409470739,710.5395880132345,1.6652591276193194,19.76279779881551
95.31203437344946,1.3158189256309332,814.772669127826,1.5455255891911406,30.986914248871862
24.447788003997303,1.501711753991249,146.66666666666666,1.552176432103213,5.44367205036476
26.390834932579754,1.4403408845739183,207.5269694218221,1.454991930116151,5.986607494067817
25.94486582179208,1.4698208247388254,256.78373864759385,1.4908593363460323,5.849903710133745
34.47375168807059,1.4242361455187775,337.88441593255556,1.6413708228522967,8.291841435185187
27.004870441504256,1.4611355737113785,271.5308819455459,1.498978706282427,6.622985129068463
21.198954605181505,1.4983493934265937,230.51661386382713,1.43962602521433,5.508038258744856
31.296435172749884,1.468183795327079,334.79512967652903,1.5714560317947988,6.5547658316798945
24.720126331297852,1.4903420412982338,58.44510262979784,1.4788281237887644,6.597143952546295
24.511703659281466,1.4810812790143997,273.47336742798586,1.6227623381940572,5.830189043209876
23.775794846394103,1.4933997483529844,53.199548060441494,1.471921981692493,6.145025142922278
31.80976105522565,1.454948207050024,343.31699189321307,1.5953860734907612,6.529082647462278
30.565923312624452,1.4823665756076077,334.65359351457045,1.8248016658043404,5.903651138117284
39.39079450408221,1.4167804037944858,421.610473348649,1.5355584133929625,8.90174532293513
25.96116693342779,1.4644464200149,283.71142361929043,1.4660353510701134,5.591233303912834
30.624864679068263,1.483529956967569,341.65263426383456,1.7552370664452552,6.862151523919754
24.30715179233128,1.4725162369566722,50.80104176767364,1.4821134127479367,6.1390592160861255
22.694242198376397,1.4980709017343337,169.2896441944421,1.536288264983408,5.559000496031746
31.736115244940347,1.4628416045739687,345.6010045633426,1.5691041105720347,6.670879978493565
23.14257246397069,1.4926703946384183,184.2323978040495,1.5292051408195608,5.836767618312758
24.867691448791543,1.486739417350857,343.80018584374073,1.589388606355794,5.67518397955247
29.740485964579616,1.4734827448733208,270.18397025574274,1.5442972186264972,6.042045597029321
24.26456650642157,1.50948745589974,334.6535935145704,1.5623063382769944,5.361666988168724
24.890071240012073,1.4654693562741945,53.333333333333336,1.370423685864754,5.515667116769547
27.110987967446025,1.4543015178786165,172.64747260912205,1.4874811302913624,6.517189348636832
22.048021141274305,1.4782167525076788,193.5671935270167,1.4871881620998264,5.38466796875
24.05834689748832,1.4937784996963823,334.2763763199313,1.5566100934359142,5.6845636815200615
24.580267118769967,1.48852571242817,45.52284749830794,1.5184964102545175,5.611079443158435
24.282930045971632,1.447309053635606,47.61904761904763,1.5133358775595085,6.809688826195988
30.46043749579527,1.4479035078857794,269.142233718361,1.5430400138665483,6.29576351147343
26.27670303241497,1.4506030556713148,167.94679633493294,1.4985844003326318,6.545383270640432
24.08647331914729,1.4529419779657955,76.25256750540657,1.4925854415740805,6.462791602366255
22.75340886899128,1.4601204324010069,64.76030138606879,1.4341719907273975,5.91774966931217
19.070247425281977,1.521888405827605,213.33333333333331,1.3485883256475184,5.38330279063786
23.32866655212208,1.4737915664007142,75.59223176554563,1.5346995254797775,5.4111699459876546
23.017300499774837,1.4609644282100738,76.89059682519694,1.532286597710076,7.024745540577341
29.816662065655105,1.4440028668852385,260.54290148079764,1.5543158368509646,7.049975888575421
32.08630566180629,1.4179144321778938,432.6082809856174,1.6016221475865184,8.17761014660494
34.95339911770398,1.4073933005999475,448.6883710169594,1.644478016630201,8.93704971340388
27.08577426357039,1.4693452580595672,164.9724272944695,1.434387683917938,6.440906742969822
22.25281569599893,1.4984938152572822,251.91336218265465,1.4768183232126704,5.630639812059083
23.719391135257425,1.4607002111283796,146.73692144127094,1.464702260063231,6.492983410493826
38.55923096364286,1.3924597250429067,460.5318240889465,1.6621544955558254,10.616058821097882
24.71457048868087,1.4575573379231466,150.40522647950877,1.4226262659881286,6.917333569101509
27.523109866680404,1.4711425448460764,202.1637021355784,1.7130026096838915,5.651722447273663
24.140366804215276,1.4859756082842617,145.31127516890894,1.4217271138110856,6.829512042659474
41.26315644512809,1.397505723779528,830.6346676976672,1.6204063947109193,11.284207899305557
26.82298940040445,1.4868315134813743,205.40925533894597,1.638400441616785,5.364071073388203
22.76451867339314,1.4899280151025205,257.14285714285717,1.4961382489080202,5.461142095871914
23.618990997235137,1.4702007275088844,459.5418356549731,1.5806569082009692,6.5638790294924565
29.502180174822804,1.460783077723825,307.85528954968964,1.426967422704728,8.117746396880511
40.76261324814063,1.416695434381677,367.8005821697217,1.5339066063401454,11.821459999298542
27.073571077419956,1.5027765695818442,204.42606264075744,1.6606920077586873,5.451425540123457
20.476281913400367,1.5192592869828268,202.1637021355784,1.455922516278812,5.516533243312757
25.897372497773723,1.4589874131330764,306.0988603268765,1.4776685607624822,6.7611053843557105
31.151096265825338,1.4334426489738972,342.4089381779569,1.5913218323599414,7.242951811917911
24.720311946017393,1.4634559165246013,302.46805710233826,1.5490755913725505,5.793270640432099
23.565034650476573,1.4921587302845172,753.0207997204811,1.515088342794494,5.5131629372427975
26.732290319290293,1.4517308569615672,302.66893913134595,1.417893709394445,7.925198598550099
30.911095010747495,1.453869833120885,378.6131194705205,1.5233769781499358,6.906017381412805
30.12369109809061,1.4663520211651029,297.68851892706516,1.6138369059426054,6.309715864929711
30.19903969182924,1.410129178503455,298.70979910975166,1.3442022274665504,12.567459309895831
33.60271239207291,1.4276512218254367,334.9787047348922,1.6226040009042422,7.381526813271604
35.98681594620894,1.4449762681460316,432.5752391613158,1.5144599564518764,7.289987595113677
13.95161701705262,1.4236763406446469,83.84327481694316,1.1358688531590837,7.34069497053872
31.144259460121138,1.459730046349394,243.44336012198883,1.6137757601712863,6.204835776748971
32.10329601431176,1.428689031615855,286.84521401879067,1.4418852780963174,8.502373906893004
31.141315042169968,1.440986464926293,238.9253348696768,1.5667919202820444,6.6874636744977805
20.851162536604363,1.4750738247932471,85.91903207062217,1.368931198623381,5.929535853324916
38.11272106239959,1.4248277419151485,331.98692684790376,1.5190706601825157,8.464288936372268
30.28192874089623,1.4562808738498232,274.05728185696717,1.5305559313422894,6.8377079633857605
31.069731171409224,1.4702117500439,242.6113479546021,1.6624012334203744,6.719233328881766
29.185963520905577,1.4670397407962856,296.969696969697,1.5322582977777328,6.121428433641975
19.46729198263132,1.4683071147424138,87.47896387986378,1.3210663264002112,6.055273812585734
29.377512561081566,1.4666153287108896,296.0043133689134,1.557323754760311,5.773238870779793
16.387954923149206,1.460038095514644,95.29434691712748,1.4408838873842436,5.768390239197531
30.98573213734633,1.4702461383906842,240.72314823285816,1.6554832052218578,6.750948323902607
38.545482481031186,1.433996250739784,331.6874502833828,1.5073324011721647,10.641503813382752
22.54242529031392,1.5125843778190868,182.1855957444639,1.4916122204570932,5.574088038446055
36.70043901392366,1.423558391650507,605.9707233999668,1.524914750860889,9.42648933531746
40.274477034173145,1.4177962080033375,415.5264267305381,1.474597745168129,10.3396989535108
31.379613903691492,1.4661375561330534,342.7845459590133,1.4983235670849573,6.994335581052066
18.854797185301397,1.431295808679295,85.71428571428571,1.28069551193717,6.732097198109567
26.414312169232577,1.470443795294171,264.0388203202208,1.5543035759740702,6.091015444155093
30.462009124952804,1.465354003520067,248.30807500823548,1.6539019434776905,6.050982568742986
32.591378230437556,1.430861876469626,603.7048679979223,1.4151855216663154,8.420228748713994
32.869770232343654,1.4396550194373487,426.971607270516,1.4525299075581335,8.438414351851852
38.88096015186631,1.4228264733777511,325.8545576052236,1.5061613817924375,10.28481178977273
25.804533945759324,1.4771804646841518,362.0515754264774,1.601734507564063,6.030182050540122
37.70231105215893,1.421027927544494,430.18028088136714,1.4944529924445966,9.570865218772694
26.602921297867084,1.4700429785569624,451.6048009447658,1.5998157951335297,5.891808352623457
29.13370787052869,1.472743678613894,258.76380393478547,1.7144067296584464,6.102360964603844
23.55686992794719,1.4872446979767149,185.25549078272843,1.5109924474441,5.618855865036232
30.31246901749809,1.4725478368674485,149.29947645556337,1.6107069877308102,6.367364888760289
28.531471958707183,1.4601495101185398,261.83259526162516,1.5986165960176617,6.493150318287037
29.31559894401745,1.4802778965970065,147.0674219722199,1.764884703873958,5.8269776510141105
29.996245701287705,1.4405051843712762,259.25925925925924,1.6088976802691095,7.720958815586419
28.820934917633625,1.4703082897171278,267.7558818364505,1.5587830541088297,6.35284451689776
23.9041295393606,1.4797444353108726,176.3523138347365,1.534788364106201,5.816022483545181
30.221733618986917,1.4633913002663312,136.48090636666387,1.5598005960257624,6.888063432355967
31.270026644099396,1.4365445050525385,226.3656910709913,1.591257110229479,6.160284640939996
28.649617740396177,1.4869500842933392,254.15403750411775,1.7808495360715093,5.472621479559552
29.05604380983626,1.4570120000632203,227.35706222793465,1.5354273205084974,6.0662296284605315
30.17178510473598,1.4734868030368955,128.97831836353132,1.4968367830213372,6.884497578400572
25.07977463813152,1.4314824148648917,140.0781326904702,1.4134563402419091,5.783339723186729
28.496664758304973,1.4630330121001962,225.0822824677451,1.5304001819724729,6.629129558560753
31.177665466630707,1.4596873352212771,122.41948000654494,1.4849810726134074,6.971542047184171
27.287681191819367,1.458809505766553,267.45811079412914,1.494040646406257,6.014121805147587
26.901319694155045,1.455338185981042,266.410628480229,1.4768599963316298,5.6810892142142135
24.72688263218663,1.4666329029070524,325.65668440878653,1.558022608082746,6.227417423433049
24.76014559897919,1.4689171882708922,331.69097995229623,1.53932063852017,5.969268310778727
26.62141138419809,1.454043614179751,264.3510428267537,1.4700610045583418,5.714981901325346
23.550893541617572,1.47306697040841,329.3135666982444,1.554627402406621,6.201240101120858
26.7021282192397,1.4671185749867184,260.17115278235303,1.4871015513889805,5.39310619212963
30.351394548261094,1.4780560182746734,128.3060567142817,1.6767008567667894,5.920158902391975
22.700916808682464,1.4837382919234594,308.3333333333333,1.5086199485884595,5.420404878257887
24.42911189275547,1.459189573266382,323.14180589220246,1.4941706485346693,6.17580109126984
31.1823857940535,1.4635862119732317,120.79592790911136,1.5873351898336543,6.467116085500393
26.71155995635922,1.4528963364852625,264.2242475863875,1.4768563418356553,5.886354322232179
30.53083449251624,1.4623975381139425,252.7637453749456,1.608287074817388,7.458094521604939
22.325228221198696,1.4760202703751804,300.0,1.4952791380275174,5.703545220110462
26.530535120846196,1.4627206619983335,251.3523138347365,1.4578973803707225,5.82936953446502
30.888864918754148,1.4582900422165843,268.18871085752556,1.5407378336032451,7.104643874643874
26.544140199918655,1.4594096780953365,254.9747416749022,1.463406866021446,5.439202996399177
30.72254362726684,1.4727626327275578,123.46083447304618,1.6396050837696303,6.485777899610135
23.421009468967135,1.4651523625288456,296.6484135822885,1.38143175154882,6.09235852448092
27.009284759234287,1.4475192440089244,260.23044232539445,1.480010077598311,5.946867099559732
22.27087130435374,1.4848612250099522,298.08883902076667,1.477453832612456,5.914568446390231
30.101493868819077,1.4736021484404165,268.2121681920798,1.6243833218850725,6.325103081597222
24.805049280159853,1.4380923925191311,185.81001064449916,1.4166708756948194,5.951113453483245
28.711716315458208,1.4576523175534668,241.9025552385736,1.5221774329338174,5.921561184764309
23.54079610751905,1.4728978792452974,307.7279243852865,1.4195582506449769,5.903769579475308
28.141713194667062,1.4560808793142543,236.06125067766257,1.5208260901945034,5.699816233206246
24.999485226315155,1.4577234772189185,181.38394800374175,1.438848247197605,5.9364081790123455
36.05390136061292,1.453509272132641,331.93807577094634,1.4849971983403465,7.553029553526127
23.196299521716444,1.4729393524156449,301.2340285511691,1.439938866621654,6.002188241927826
23.681146483959218,1.4743740326738202,186.29165045558616,1.3926620179227585,5.8900895785108025
27.541807712752156,1.4435174971782705,263.16287153807207,1.496280298504894,5.8365185036799625
27.16288775821574,1.45680888082863,234.72931418610855,1.4821302088715094,5.944934344686949
23.330240645076017,1.4850315751293002,294.8141675947363,1.4559468266600215,5.703842855639731
23.061677675907475,1.499826991950363,187.58929866916117,1.5251144679989028,5.656842881944444
30.3282391857348,1.4649402593937406,283.28281668313764,1.4587233697025324,7.078057484567901
26.04092794564393,1.477888253120102,230.47177714381388,1.5421870270959868,5.370464409722222
22.99912548307598,1.4946688296607396,299.85927284642565,1.5528142568689507,5.49554126880787
30.510332175188005,1.4615008985848237,273.68880449668194,1.577769833862771,6.392013957782187
22.581293429748715,1.4961006959238434,183.20064740475988,1.4986509610793726,5.374762972608025
22.314808036543425,1.5092277829715692,189.8142396999972,1.5011101473119457,5.748089474022634
37.13640129541509,1.4433263978954267,410.79669627108126,1.5524501951565597,8.108784829721177
26.93264893592857,1.464075577308748,251.13635120812364,1.5656020520674063,5.875606794945988
30.781726280028344,1.455778270494276,269.0805024630914,1.5461625969340391,6.3822792352537725
36.690502413381175,1.4453050477745182,337.98834159810383,1.4750274240424524,7.676893802863019
17.48064905109537,1.4515730441017427,171.18701326455164,1.2985023335050905,7.67621754227053
29.84958217616297,1.4643413863341377,314.65359351457045,1.555563337000892,6.869291000280583
23.63848017049817,1.513137632170502,186.0379610028063,1.5358465151233176,5.558330761316872
22.922361856362663,1.4787093182771018,285.2512820268228,1.4668151367907616,6.6029286117046535
29.63439582318398,1.4589252117322271,278.5353452498602,1.528798320768916,6.384632040895061
28.322002298211583,1.474622533868269,322.6405203624742,1.7310220461496986,6.7525686406893
20.95153439925888,1.5189441774819612,185.8100106444992,1.434477646927375,5.726055996472662
25.13892953395807,1.488456135288998,287.62021174080485,1.551574261063046,6.497158082561729
22.019720572868437,1.4713694566936388,270.619630116983,1.5280019893546777,6.437473828495964
48.2889880561284,1.379491586518241,703.5344114305345,1.5610806963107349,14.897874021715165
24.333633327222543,1.4805206816197316,184.746148930173,1.558291035129539,5.55358627507716
23.93708307182334,1.4965494609982912,205.40925533894597,1.5473223635349818,5.577713707010582
50.15814207691849,1.3759200308214965,717.8138692776089,1.6081284926353032,16.408555531442904
27.063065446888597,1.4595419724499867,257.44174215648667,1.5209163254761553,6.192155848968485
46.49320416150124,1.3834448938164243,805.9976577630673,1.6686384707153803,15.929047690255825
25.128821285721266,1.5071115462751037,203.09100305082623,1.5818591612377055,5.23501953125
32.46274517654229,1.4439655679761672,395.0411032963091,1.4522067806605072,7.934783468364198
23.772114764007583,1.4987487584678931,247.6190476190476,1.5426334076209147,5.761867645640432
30.797021041805063,1.4499105751590322,392.052619624728,1.5308366848834414,7.233306206597222
24.233641087397128,1.49211674798926,257.95914798126495,1.555941779312674,6.110548540965208
32.450643950839535,1.4557387358457046,393.81456650728177,1.5512559084197446,6.654725294587416
23.74866179758984,1.4903741240538717,246.15384615384613,1.5241545114137744,6.0920541225749565
15.186597894044224,1.501929836383313,251.50941820384477,1.238740736174034,5.673744092399692
26.776717565679856,1.4734172319638377,284.0172534756537,1.5875422016554483,6.010466153252612
27.549809835763853,1.4769228219729211,279.14561806241846,1.496149624352769,6.0695071373456795
28.8611230047476,1.4643816491200272,298.78940624484625,1.528365484611874,6.086234188262462
45.96319640298525,1.409986709270112,501.1502332312108,1.594644606525654,11.063241722721887
14.63205049971843,1.4895290951107223,245.1373390663904,1.1659569437657853,5.490429767875514
42.055921224286976,1.4180489159227263,508.980663075005,1.5544215055565684,10.51458662142256
22.85336016183362,1.4784425249136832,269.56996859734625,1.484896626588855,6.120188759463048
37.9727143937646,1.416839747569295,438.111261322939,1.602721802944039,8.529812596450618
22.34789921675243,1.4855207289362693,153.92645390636554,1.4901073418186754,5.625055820794753
42.54940997688881,1.4178372732244278,441.2380600303574,1.5537245767210162,9.921434863491143
22.808141961085372,1.46872855548074,156.48090636666387,1.4721514633854682,5.893351921997756
14.077091763689316,1.486628547142386,241.6414083415688,1.1479862632904445,5.381815522119342
24.004549077024564,1.51221427788923,256.8172956501488,1.554437851062067,5.727885480967078
44.1799379656247,1.4081710342022709,518.5047017890689,1.5723904567762292,11.57291711182336
14.26424206050841,1.477436613987207,241.6414083415688,1.207104942441512,5.647088798868313
21.805945119946617,1.490108977191787,151.9672331458316,1.460560958581678,5.674082647462277
14.108874252342188,1.493821914308346,246.7138272855761,1.1621217843252376,6.139109834995251
44.29367443123443,1.4050970727854737,516.0080246298879,1.5794701421628337,12.058401752989967
22.083210608987816,1.4777003301665437,144.44444444444446,1.46721418940952,5.895113949514991
23.830434817694645,1.4930936464951667,248.7914821487396,1.5419399056518888,5.431406491126543
13.442635132000818,1.4837790493056495,228.8303688022451,1.1163612168106314,5.502630208333333
17.849014524507222,1.5186122264027029,513.2546046799374,1.3430605836845906,5.48776703042328
22.366613704544022,1.4700294492432109,147.6313551704088,1.4492010426668294,6.777824636702675
43.42585313597713,1.411000672990189,514.6178814468612,1.5599040994485462,11.844056278935184
23.04695563198487,1.4807725967899774,163.14757303333053,1.482691801416398,5.3204808063271605
23.580435055500924,1.464313840905389,159.0528589259228,1.5672275734721914,5.841352044753086
25.153155452144656,1.4851000380545174,407.2184168686548,1.6147852566586467,6.327706842732885
24.957555994820872,1.4293158526842622,280.2470952218473,1.4872964763496743,12.124320306826434
23.50215909833289,1.473251283473214,163.48385975884634,1.5118975595713042,5.518087223508229
23.975026259136193,1.472797790629186,169.49229786034607,1.6094504104973613,5.278907576195987
21.221681834085896,1.4830648292941049,573.4302101075466,1.5461184655862206,5.59672299382716
24.483945100189423,1.4646654914708557,156.17472035874448,1.602363731494156,5.349560908564815
23.431574264273937,1.4815511430396,253.05390859383985,1.533259520073582,5.5062725694444445
24.266348273588445,1.4705582701751296,156.14632345700798,1.5999048495835495,5.695543780542695
27.556262534272044,1.4619034642877962,185.13641844631528,1.5417341526424797,6.328655700973409
22.042703689748706,1.484517795835845,249.9639166784316,1.4724109732741977,5.382667100694444
27.271480005197205,1.4879999049405133,246.43985335065247,1.492675084606606,5.805799501424501
24.833312306923737,1.472457470631082,162.40418954749296,1.631955464206501,5.611067788708848
28.523533225998023,1.4511599862909133,258.6490232550876,1.5132713542037626,6.191371510204777
28.039641196861567,1.4595425569465563,203.606170225964,1.6182195322243,6.938387827932099
19.20317958418312,1.4963243544840568,273.4733674279858,1.655574997205805,5.706518534593623
27.053201072582485,1.4924004114784626,160.0,1.6969905091528057,6.591124935699589
22.904638541915453,1.480522593318376,190.69197400187088,1.4782344121486075,5.503785105343268
25.206302165748433,1.4743926322806389,157.30420724073915,1.6529375382506584,6.266425829475309
25.294434685226573,1.4783957925686158,160.1390449097695,1.6456749409515683,5.851250170206972
23.74112345601536,1.4878294571717543,110.35533905932738,1.3722246318631344,6.496061599794239
22.025089731701485,1.483121990858215,251.1363512081236,1.4897004124333084,5.458906611689814
18.688522225229654,1.491900484230467,259.48772620224116,1.5895757831370745,5.778105709876543
22.699074618753613,1.4937275633377878,95.11844635310914,1.474754757754357,6.308701989026063
23.234202762913306,1.4752496845340837,204.50119800176137,1.4358768883650883,6.1303741776315785
21.412348738932923,1.4854549013329246,249.9639166784316,1.447414082285833,5.94564079378858
24.67222307525886,1.482340303804745,188.83036880224503,1.5787645194390396,5.542361593364197
26.05642740430667,1.4951665630413726,243.2828166831376,1.6487491398158227,5.624892618312757
29.554579780444016,1.4398556517519516,329.45836568951916,1.493241966770461,7.704918369229737
22.28139478274393,1.4740247652721554,249.29407527880755,1.51174355440153,6.323869020061729
27.039351382718564,1.484109220656224,230.33008036596655,1.7035872814789568,5.306030478395061
24.18729233592784,1.4870311973679418,193.15777307340184,1.5583686092284268,5.730841370884774
22.951318141600435,1.4890501286710698,248.87997198472493,1.5118199894450532,5.656117035934744
27.077131739941528,1.477239466416805,236.93950355929732,1.7345748691105436,5.4515284667107595
25.457481826551646,1.4717314910992123,195.0452383029925,1.604118789093576,5.386070782696759
27.222853084149374,1.4844069566220406,236.2244674882906,1.643685044429813,5.909637515885984
23.473033861499243,1.4847487124272314,255.49703546891175,1.5386817568935631,5.712480066872428
26.73888816518386,1.4824145011009415,239.5347639640393,1.6412405710771163,5.698072735821759
20.71322096995352,1.5135705836787985,243.8051104771472,1.4030257163435198,6.513792277520576
22.296238550857264,1.5178289104109262,230.47177714381388,1.4990340669746127,5.605836548353909
29.41993503644651,1.4366586762785662,329.62092844084833,1.4841204132962222,7.583725474719253
35.408039566342424,1.4445025606658333,516.3462423241019,1.5356283795641534,7.153213948902607
34.552933899550204,1.4348942184140847,764.4325894822873,1.48456840920302,7.502726015946501
31.634203186154764,1.459158421053932,634.3209300752891,1.5249498472989749,6.701529546039095
29.40943768513232,1.4673217093874025,654.5701220246275,1.6028124501664,6.401319444444444
30.76732429749856,1.4583352926198343,890.3702840018226,1.5665092892328616,6.59458365483539
34.565889354350425,1.4314561261377945,697.0700110592319,1.503198959239645,8.986983828446503
27.139077459086383,1.482668042334527,696.529974270491,1.6269606694918586,5.859151154192386
26.598899702233524,1.460766615211255,244.3274042711568,1.4633961143601628,7.393064557613169
34.35823266370149,1.4401007267691364,830.7126644839007,1.4995640478705483,7.5517515432098765
28.38886557801171,1.4610499971719446,838.205965097268,1.5553537642660449,7.399717537477955
26.22206349487416,1.4761644309770194,231.55362821160307,1.6455300792942376,6.056463201793063
31.01333109469289,1.455144047578823,829.6909934469262,1.5397029125741122,6.68978656856261
34.465191713257845,1.4383845958543562,716.6464227165792,1.529418800016168,7.553332105780021
34.100751313759034,1.4419267729041905,677.3851422480537,1.5355035950633913,7.479010830026455
25.858600876928616,1.5045465327183964,968.9817499382058,1.5854062357326504,5.605106202826105
28.365197003054096,1.4534934108737538,192.2886587815164,1.5378086005465232,6.866405960648149
28.797830599624906,1.4679635231201589,240.38535884460487,1.6076744920951638,6.690858088987409
27.607060430557443,1.4877071592703808,283.2491389163405,1.681196941190679,5.784352540784831
27.83598403345627,1.4774810444989075,218.01898050140312,1.6778587939238283,5.820521154835391
34.70874256416483,1.439458199502034,241.82573517324104,1.6145547493471983,7.934011298500881
27.67538377368269,1.4842364185088317,281.5938657527481,1.6191073552381623,5.582996117862654
28.53847794269584,1.4732750514511197,226.95552088457225,1.640294035541061,5.618160770598496
27.507908116113672,1.47707531094752,447.49571136892257,1.6670634794551664,5.644424870642702
28.383982216125347,1.4693970022995793,228.83036880224503,1.7148776866502635,5.6118577996399175
35.6392280183562,1.4393651107278247,415.3718688944902,1.5384326908771029,8.19883945794753
28.6660440174176,1.4654187939408527,227.37819404821695,1.661897866861645,5.9310948216735255
28.057631439169302,1.4391571090025477,287.86730788622015,1.5151142470231256,7.386722415123456
27.057897451323512,1.4870399868095834,267.25255501468945,1.6677292689750618,5.545060892489712
34.83428626140692,1.4372717843387015,402.0655878379279,1.5294582875833007,7.988343571937322
32.45242681136329,1.4285483977546487,376.5487618953103,1.4974822567149058,8.205989068930041
28.949337591803616,1.4796835068553753,223.2455532033676,1.7023343721238762,5.819374035493826
33.24586212134155,1.4282467010190858,376.4594602424894,1.5179150717063588,7.872961071047008
26.92137364056899,1.469481637728905,271.3564047854347,1.708506391722806,5.627843364197531
35.13526571333349,1.434401844365658,777.1777847813812,1.5245438363687376,8.142351328262787
35.19349460673514,1.4273420598367013,234.14769337868745,1.5174409776188975,8.560783714849109
26.90826672353349,1.482810040828349,270.7701875205887,1.7137195282856337,5.535250633818342
28.445840910539673,1.482427215595396,224.8716181944328,1.7077864169938983,5.9370108346193415
32.44890038095316,1.4250000924935249,233.63423368591776,1.4774117975961347,7.653551173941799
27.125611233580777,1.4942059552096567,266.3813497544051,1.6602951306776452,5.8056795910493815
35.35103660644774,1.432223213588457,228.6591786548881,1.559691432161599,8.116008391203703
33.05031391873191,1.4266419637068817,494.5897401133988,1.4929548423217678,7.847451774691358
30.865561425264815,1.440157025856477,284.2819287040431,1.572022860053469,6.971262056327159
36.41602464239536,1.4316051772432146,407.6360979777069,1.5305526312535824,8.653079668209877
36.44361255085508,1.4452020526902327,405.7921841917656,1.4801416146064634,7.312420199320781
36.382252286432305,1.4282281682303553,457.87839323760386,1.5489930541469312,9.465945216049384
33.291964151564656,1.4300053095034344,470.3133294316825,1.4681053167777836,8.227446590470679
35.51627546206225,1.4286866750581613,259.17230519328496,1.5019280081181197,8.97728635397693
28.1063763273038,1.479602749662684,240.02548360544307,1.6842056835583463,5.8942757273090995
38.40665178410831,1.4228666060991024,369.0839030060239,1.5168087912082355,10.04245907424944
25.401267491844884,1.4776639899069175,240.6177881289371,1.598172960744377,5.716937628600823
29.47043703536755,1.4735179573598716,254.2306162128299,1.6508136097752304,6.351405972091441
26.032078789786624,1.4847006588268197,252.29010779680357,1.6139428976394934,6.272560652499092
40.4828052299245,1.4134872713155269,377.5496640937823,1.469385785241298,11.461214588844795
41.44073242789857,1.4061667826881228,395.0646695559148,1.5013775365943098,11.021720679012349
24.674220858759348,1.4637148210274245,299.0224788801005,1.485097114953451,6.116555691721133
35.640776040693844,1.4385764694201306,324.8158719586382,1.471523992100039,8.625940799626383
23.206838565787717,1.4619458387778972,250.2695154720674,1.4132990693027827,6.857337882587449
35.13739583711518,1.4434601570375951,445.7775524122565,1.5604558279320413,7.99416130829904
29.46905451529521,1.4880486389849708,259.3062965710497,1.7245788752008258,5.97982622813786
30.480362464202692,1.4640550565661206,792.3332561439314,1.5170405943319545,6.0967874228395065
30.897076551764147,1.4056114278439085,550.0417443883431,1.5304768525227848,10.27571400857368
24.134036212820693,1.4551094823493944,282.96166852280595,1.5342503942820376,5.369959008487655
27.647098492652805,1.4885241341458613,312.5900037122785,1.6873880330758697,5.52382539223251
27.508438727378277,1.484015593911029,322.67047036098506,1.6822513882253842,5.591586963383839
24.849861402903855,1.499483869219593,273.8478281610302,1.578832570278387,5.278617755486968
27.048515108257675,1.496014337651031,313.26430555911463,1.6503591017623411,5.957379850088183
34.51866911426026,1.402767525511246,555.842759324935,1.5576732092027423,8.460531249999999
27.0089718679114,1.4822595428053686,409.3594979449842,1.6446044095558865,7.369007272353742
27.158569658218877,1.4893982811961122,305.55312848026114,1.6761845490906644,5.883370293209875
25.40413810127508,1.4925143179602358,257.06822162544756,1.59774073017567,5.447405224577648
39.17481674409412,1.395690498205892,553.6087669369579,1.67908156777619,9.346536651234567
41.581081684623136,1.399040073249834,314.4018539142288,1.5307887326687482,9.958946855709875
27.46130914247889,1.4903609164599545,300.6414848003671,1.6792510754929055,5.4665199411651235
25.557377500017036,1.487438864232366,258.77985215204933,1.5979730114486177,5.493546167695473
36.37359420107337,1.3969957413549514,559.3604965094406,1.628034480486813,9.071968707068796
40.767052250474215,1.4121893452381424,347.48186158972067,1.510099013671761,9.7764709043371
28.098247782912495,1.47193555153595,250.985235490873,1.5929936549500987,5.934585021219135
27.136341516152207,1.4857444889592226,286.22342130909675,1.6725292034596146,5.428005125661377
20.492170224770167,1.4690121915638776,234.27688762096105,1.5214960112009068,5.581995402520576
25.149617910403723,1.500764724731091,232.63547927939223,1.5905849137723147,5.5468325617283964
37.01803297090862,1.4429685561020298,273.5341279605028,1.5041033835610746,7.357807619014215
27.39993814244808,1.4898736987089982,271.59089169137303,1.73785944427902,5.5462287808641975
27.50410826545001,1.4869099719067058,281.8812986316998,1.7124458248996572,5.277835372574956
27.856696368551475,1.4896728519601798,270.7701875205887,1.7536742238243623,5.455658650548696
25.26601120979062,1.504126094534681,219.3021459460589,1.59760345913745,5.410514885545268
26.69904091707103,1.5041925157580147,270.39714017023215,1.615291989046537,5.8036428594393
27.05686669300117,1.4988030293124492,269.7443073071082,1.6938735284369422,6.2530356224279835
24.299003153516814,1.498623148230276,165.22757325186387,1.5681003504116648,5.7742113095238095
25.86602965327968,1.4767454265079956,220.24477208696635,1.6271086815901,5.602732060185184
25.02876071844581,1.4920539508006,394.7892709897742,1.538085511930369,6.231925629062387
36.53132859358879,1.4391707941433138,283.67513946742946,1.550020997601536,7.306314449680335
30.85135148300439,1.4621142920587702,297.2873385702044,1.5242030672420597,7.868071328068264
26.45273227980236,1.4964319019859404,292.74090597372816,1.6357399664938608,5.63947746459695
28.323912385976136,1.4553535489322946,210.86676516195092,1.5542304564419105,6.83804141951196
26.114228455560312,1.4749345871332686,219.9564782936368,1.5369919935927856,6.161356668354553
24.207220506993004,1.4679779758865965,208.45697764447957,1.5631555512713151,5.30013282627866
38.95398666286208,1.4336110594692983,357.79943950803363,1.612001373115785,8.1229826309342
27.28076353131184,1.472284034785054,214.9057720008432,1.6313244825849722,6.172125395093344
17.80218043786203,1.5190418705144977,110.67417439661024,1.450472262036581,5.572401941872428
21.031504392874822,1.5065250791916385,295.1680347199667,1.4339548799880633,6.070157321673525
25.20433801300055,1.466560957108145,206.49110640673516,1.555288479310427,5.830225212191358
15.121088598524826,1.4950944378406308,287.0354189868408,1.2736532562495844,6.150929462448559
38.44554440354104,1.4430771623163785,376.6930991101593,1.5918578206446248,8.126756059921709
17.508684376058874,1.5098459986376906,279.85145523217926,1.3676704512280191,5.543651258680555
38.08183083529711,1.4413312869888728,371.64422587072863,1.5693562034870376,8.008166502992891
36.31203869789466,1.4398615569382676,439.1496474159422,1.5430814549501897,8.487485944871164
30.56821784585863,1.4685561223459516,239.7578550871075,1.609906493596193,6.60335996854226
40.42252067131049,1.412271825997837,441.34093475126406,1.5086174654699374,10.404296334876545
40.97098918793672,1.4124709499348136,459.3554451520792,1.495593016239385,9.924897417879189
21.60873372672564,1.4645331768788137,204.6365045762394,1.4535127414039637,5.255820191936729
40.72460967538467,1.415574724071729,591.745996685693,1.50600515260928,9.746086695326278
36.113117741934495,1.4395009062870627,561.1712388296329,1.5458670271868284,8.24168258101852
32.12619405921307,1.462320754724295,240.75793276276585,1.4795306066552505,6.900698983297023
35.18736891576074,1.4364274962256507,726.4102901025565,1.5389007370914856,7.1931512988683135
43.22886131345244,1.4068169290657262,682.1520867852357,1.5276648232561054,10.692334104938272
36.51241535899496,1.4298082716848337,842.5684701168125,1.5526358322217353,8.576079443158436
32.210089104071706,1.4362121369283023,971.8705656364582,1.55710686713899,7.518913001543209
35.459476860734796,1.435512997484168,1312.3011385850405,1.5175046725354426,8.60545216049383
43.39848315494215,1.4051192503293624,750.5244719644554,1.5231320279372424,11.028654376102292
27.835298304205597,1.4650939924900497,268.1588560680929,1.5374551110641617,5.48185474537037
30.341845466631582,1.4655472036578534,391.1669788115399,1.552855903783437,6.901071779289337
36.02304708293965,1.430243257801875,1174.291194078211,1.5314098397453746,8.574656153549382
34.448234096410985,1.438445511436365,682.242339374078,1.5649187878699342,7.70914419367284
39.20443058390299,1.4144453256564908,227.1045296706976,1.519241198827947,9.028527956900351
34.413182390025376,1.456623609504635,340.85365545433973,1.5934716723946167,6.903778338109935
42.84293776784904,1.4099998792874475,688.6715166255901,1.4942895146684714,10.95029619107744
37.81202636707164,1.4294172499341833,1181.4636680645426,1.57306719757837,8.985185345936214
36.3094134610087,1.4316673751203168,623.9032169398271,1.5699576286806476,8.532615534060847
37.10633665525493,1.4315879627900856,526.0912855874413,1.5570228349159718,8.557384174155773
27.934125568747035,1.4740888686399602,257.6073159825166,1.5606875960025297,5.411598409306743
81.21515234559921,1.3438317830499271,531.2447873165436,1.494392522721021,24.739019545299936
32.78100054586701,1.4597197915380116,240.47435158770023,1.4596059730973427,6.842141945631529
27.814501350763045,1.4801650929354844,253.67563889803944,1.6383000221942496,8.078601176697529
28.30483290893712,1.4667825709668103,246.16363110426005,1.5285906765047077,5.895864468798226
31.926890171504994,1.4691645822002413,231.04912500374337,1.4567835376019744,6.948527279449589
23.88871371149457,1.4873618350673532,340.91713120343263,1.492215940117854,6.225458691578484
28.135487408816488,1.466762966820503,243.8051104771472,1.5394599420298585,5.33195569701646
24.924869362293567,1.4869616732826545,493.1512853313059,1.534562887440248,6.071840511597456
25.988962724857146,1.48170999528753,400.14657571597735,1.6161096078556243,5.613012032214506
27.684061361759746,1.4791453335975566,239.04834198680123,1.578700189495415,6.306782568158437
35.283290969816015,1.4559863357810925,340.7569517648491,1.586370275779799,6.816470661796593
25.312307821677777,1.491711298461289,1397.472032622876,1.5767785999368114,5.7794623413923185
27.132688277540296,1.4840147013534644,243.8051104771472,1.5770163348465234,5.976428433641975
25.195507282171835,1.4833171434583108,1044.0341001971865,1.5789327872953411,5.5491265707671955
27.34843701665302,1.4629121584401412,233.77275430979907,1.550879957271463,5.788669062920012
21.308903990263342,1.5020872024390082,347.98692684790376,1.4562511685320478,5.389305234053498
22.947681657533327,1.508596955050711,347.9869268479038,1.5157922403594644,5.467817804783951
27.84076391776523,1.4944196071261602,198.1526730533662,1.6947259785360698,5.708330439814816
27.702656901827083,1.494483856627486,196.19876281855656,1.6643197015227742,5.414574266975309
30.333065671466333,1.450270443044282,283.0022222305555,1.5735385346902244,6.699685440941878
19.739843399384483,1.4746880431159328,272.3056491666276,1.3279140358699066,6.591674107142857
23.208135211810575,1.5058224472965525,141.20226591665968,1.5298209274422288,5.547130180776015
27.35919004426704,1.49409719414887,202.95050291215236,1.6786946850739275,6.3032956372170785
27.950832836921403,1.4698958956306498,188.3225690154099,1.6986449008811968,5.639570174713404
35.525603283832034,1.4269178728389311,465.6961318530706,1.4482533740891004,8.99063153503302
27.290220204823832,1.479382639603506,188.1358936123568,1.659604015415578,5.446989293981482
26.79273806759638,1.4873740284214785,186.6528803139014,1.65620778588151,5.3469290123456785
26.426374289452554,1.485258153545478,186.00277799077273,1.6404355455648882,5.776486609831376
30.18924903857256,1.4471822784711417,274.3182898586622,1.5633814800570456,6.8557486034204365
28.89939382441241,1.4605197412755997,205.40925533894597,1.5245287387436937,6.831254080603039
26.55899396346791,1.476823061822335,182.2038404185352,1.645626452318622,5.792707690329219
24.38641446613208,1.493373307296784,533.1111358073741,1.5620372690649331,5.938916377314815
25.922485540031474,1.4846885780229666,302.6667424608859,1.6241862634170996,5.776761992026748
30.481863484754133,1.4632900697664093,202.9044695529657,1.5540890000485652,7.425772312242799
25.15383689404093,1.483115869536917,183.10538297502617,1.5807218551201874,5.825738589150047
29.56063123986634,1.4730711807850825,191.70658281636588,1.5616552677852025,7.250479573902606
28.986851877085705,1.4668709803617188,191.66666666666663,1.555378008788749,6.8116960305212615
27.942069437964733,1.4584998125735489,201.202056741988,1.5076505049674815,7.56042361111111
27.499239999386667,1.4633666580585858,201.57378651666525,1.4580482812220743,6.838022937710438
29.316326502142772,1.4681634063825508,230.3902813732375,1.5696434449004164,6.493519833754208
30.04766268289894,1.4611662645097765,197.56041896130552,1.5553116382454022,6.404875700452108
21.26171868066115,1.4825849648546776,151.09885657531976,1.5183500764200804,5.896524980709877
27.46664126872585,1.4609083621186223,313.3581538547657,1.5373772359211273,6.683955358763876
21.27055695684059,1.4752126674478516,148.83036880224506,1.514764281549249,5.209404095936214
20.71273559075257,1.4794101568344098,148.4321636410213,1.4812650549126805,5.5243894675925915
28.581395409064875,1.4774996518218126,237.90390041081196,1.650383154677766,6.003764615978159
24.023090168791267,1.4496816655803069,216.52036645005708,1.6166900491986171,6.719029431216931
21.008488915432338,1.4659157046624665,148.87050708520192,1.482119689645763,5.67327201829806
30.073989945621893,1.4620840233499166,300.21915271238475,1.5561455176536714,6.3108030317638075
22.83703624687118,1.4882027116545953,213.33333333333331,1.5110675233007662,5.481065779320988
24.878928029118565,1.483143215024489,210.74070464418895,1.5848423505791385,6.391733458719135
20.920568666096703,1.474051934111526,138.57928838888424,1.4556105932543135,5.398132302689595
26.03662519567772,1.4758132567170832,294.26469196643956,1.5740923308087902,5.933596643518518
20.99212962381363,1.4841550774732477,137.4784837746083,1.4743834022042226,5.78821071244856
30.840090858583263,1.437043913111547,356.2028177479394,1.613074247072595,8.622732709034793
20.506403271094204,1.477785934202993,139.05619339393428,1.49245788331797,5.571883037551441
30.69461207016681,1.460928621264404,243.00173275227095,1.5905091352307816,6.9554444626449925
29.470468989990245,1.4443158517909165,297.57435868658706,1.5341855851163972,6.873151195987654
27.73410727688975,1.437240852146765,451.64856862138066,1.59239350145403,9.24638062169312
24.84263021167293,1.4744751363570137,210.91265568768787,1.60887168946288,7.072519370498971
31.208219305053294,1.4528392678190127,301.08480949724645,1.5682124373815178,5.836788159997795
24.18520895426366,1.4818336421400085,299.8384983714066,1.5722824656529724,5.421054446373457
42.45044582447571,1.4161008138015978,305.5299775448114,1.5757199280420315,10.481007547260802
26.59327545868769,1.4751108649734423,294.6535935145704,1.605156310519222,6.836571019804527
30.88273304666337,1.455178135018624,308.34042384150433,1.5536621539751356,6.7223116368906295
33.47062654502672,1.4479961349545671,315.86768259653684,1.5734879695025832,7.359216151191701
26.59283301504377,1.476253857784582,306.32284722432536,1.6674015477438129,6.187937082047326
24.58407024247276,1.4841222275199024,193.32644015695067,1.582164223108325,5.580447247185911
24.823633694023787,1.4824445525253789,301.81381937394457,1.588598374656662,5.329700827721661
42.14654493560725,1.4204081926480654,241.1515637434702,1.586675077721722,10.396513863883174
25.45426800985727,1.4697425971475706,389.53846516769175,1.576476612855296,6.0387174823633165
25.027634835774773,1.4902273149866507,190.99407093782344,1.5873778782045824,5.482184124228395
50.77280620737996,1.3903942962303486,186.0379610028063,1.6208298562608747,11.638514320079883
30.404395927021465,1.454628842677992,266.2005564309763,1.5481870438019567,6.399027131065859
33.24201634692617,1.4467364822499056,323.10167094355154,1.56789187590908,7.576446290784833
32.956479665788365,1.3457917953508065,409.30060365351113,1.2800678341620009,28.020186824845677
25.263339137073423,1.453007777677772,557.3130470278089,1.3517316593656985,7.688422067901234
30.47335428089493,1.454782699309262,301.74723502750885,1.506966083538165,7.250906726224923
26.08126375042315,1.4561562200981162,942.9337511417364,1.3506917539844974,6.791409556878307
31.90750632492206,1.4535849038615103,318.5166693182942,1.5815665119813231,6.8166161506558645
20.82868748843591,1.4991512006713412,152.5713374439675,1.363399570384622,5.724388651471984
28.245681482302743,1.4638911597518731,307.58025942125397,1.6680817219854462,6.984933035714286
31.23223110542008,1.4484371753442438,314.4987518834296,1.5856825640431056,7.9103414351851855
33.34886606323403,1.454756223794218,331.67044434983677,1.6000645115734615,7.065229858966672
18.91615465765184,1.4938462848472984,159.20501351718735,1.3189199184655196,6.048146460262346
19.95047315896212,1.5271785403107885,178.64460850224228,1.3899948872617491,5.76749598122428
22.458441755050767,1.4905601278138216,165.69852988255403,1.4937791780876652,5.677039568865741
21.77871682571327,1.4996254311442738,751.1644967546972,1.2966897771786,5.841762152777776
25.271246411133554,1.483582413799588,258.7264809531782,1.6405007697388072,6.1319124779541445
28.97010904540862,1.451308134765756,347.75649133985803,1.5312379532833502,6.73895206404321
34.411196705510186,1.444063974865831,460.54791487020384,1.3124409919467457,7.814810543430335
28.96109953168478,1.4268343827107983,184.37620470811524,1.422018425498928,8.067005669618894
31.0209967402365,1.4484406074624905,342.9125403783401,1.532619817097944,7.891089023919752
29.392151538483095,1.4387657630205282,346.09476967099084,1.5423986072033329,7.320522688152898
28.003340752562448,1.4297770995874857,396.21749527227206,1.4068109677406957,8.266908895502644
20.07024352923439,1.4704012012247685,177.09753886302133,1.3605570868319874,5.400342761381173
29.163109423789997,1.4301992660714042,427.1306927449687,1.513558404827282,7.169940247099508
24.52506130200628,1.4774774014896397,256.74284445904846,1.5857001380814637,5.813456597222221
25.604730498457837,1.4774381550768052,723.7288814414532,1.4420980419674505,6.9130087081128755
23.962757771108286,1.4843950194707622,204.3274042711568,1.6031254590692177,5.937787101337449
27.619782082952163,1.431442062198874,205.33926950320523,1.4290987230546837,7.950118496472664
22.737352440382175,1.493389831065858,203.606170225964,1.509353757148289,5.518760513117284
27.99554284320915,1.4362579547128935,301.2639025878105,1.4664566859037216,7.40911568967865
23.924301105880613,1.4768715508153265,200.37050484751583,1.6013581269830717,5.988087700962779
45.385563702812846,1.384057058321236,710.6684555441242,1.4053339269048042,15.341157845819303
16.947183155724176,1.4164988974161847,149.16074675233398,1.3887894550447777,11.28817501653439
60.55232871466893,1.3866549000263195,513.561582279349,1.3847749017769355,22.450328276565248
29.02596466192545,1.4574103880877631,227.0967626072353,1.5338619775622568,5.806646351755401
51.47682156578642,1.3862016909934842,472.1338531062809,1.4062607511105805,20.142412229938273
43.90370302196262,1.4025356478122326,713.9623549614353,1.4872431142002345,17.848070183899175
29.324779389019017,1.4570172069042284,226.25047920466565,1.5450206705768477,5.551809788665981
36.78097815227509,1.415552815468656,619.9920155815649,1.3862805273261043,14.179058186771703
24.51181026606657,1.4825175575448442,196.7453577617522,1.5682009940139112,5.879394483024692
29.196441185758378,1.4599125340293908,217.03912230651972,1.5454006745620377,5.723895929783951
32.26403078742528,1.4524725218842482,134.01343052706926,1.5240202978873856,7.22529334766314
25.573853908399183,1.4909002153651212,166.56913318892694,1.5987302120214435,5.513564814814815
24.806123699100723,1.4826240196249378,190.99407093782344,1.5825442530810954,5.316276845421811
28.52677299566564,1.460708570084876,203.606170225964,1.5556151485246723,5.3852361662257495
25.405032128163363,1.4763148869538278,197.49121885241289,1.5803332136585142,5.805986207561729
28.31084413564902,1.4614051076330397,204.81933972003284,1.536002044812259,5.2933204440235695
25.835599687439444,1.4837725748378032,192.6323395908749,1.5757567606698766,5.583664051783264
30.71648975874688,1.4550705009934548,127.4001128180994,1.5363337441554905,6.819979423868312
27.767727645318175,1.4583265572326078,202.71793605510513,1.5963671587807635,5.660318528163581
25.02634224128277,1.4774500886105666,195.7664723481853,1.596274941702622,5.821939199942129
26.94637544267328,1.4673338118816155,198.2005673880693,1.5669930526144786,5.549484264770723
29.77190659129002,1.4588753466123088,124.96252030775132,1.5276539120852457,7.701260947145061
23.2317242257619,1.510467647996912,169.4922978603461,1.5407284487765502,5.98746238425926
24.58195687128949,1.481872942641502,189.65107297302944,1.5872340447054043,5.577271412037037
23.752321364589186,1.498920775985349,149.81423969999722,1.5385426841451064,5.625318769290122
24.135999854896205,1.4805962746126693,196.19876281855656,1.570142784473488,5.819841338734568
27.305903440996502,1.4804663611491091,258.29123612483687,1.6200272409178258,6.678363233024692
26.005541556522672,1.46564720006354,187.3927084906303,1.552829690421514,6.1722415927211935
25.650194161565985,1.4666177445223474,270.53201996635096,1.591027549827199,6.539297492413112
24.430059362996076,1.4772329006415212,194.33994428972332,1.5645073235907512,5.819533564814815
27.62284273948644,1.4716483788309362,256.78373864759385,1.582736367987825,5.800653131430042
25.99908109892209,1.466059587227007,194.7080904352316,1.501535248025055,5.980486556267806
24.17807512825152,1.4957391138101068,234.79918141497063,1.5113199666736492,6.597437628600823
26.62325884895938,1.465601801187907,183.02373283332864,1.473734704884572,6.439141176146385
26.150799129114095,1.481521825560425,245.9688126127256,1.6400013520731624,5.744992926954733
27.745117483564144,1.4564848268035255,256.7837386475938,1.5728396773441216,5.633628713348766
26.795785295524716,1.464738098481445,263.05019866515727,1.5669995016861011,7.170490270543981
20.477998312359208,1.527285290079448,74.55644880710658,1.423528061209763,6.437317515432098
27.30030189924423,1.4732614273007665,182.92033989376267,1.5549718902639127,6.198035381301441
24.44620899991031,1.495837066642691,219.3021459460589,1.5879494039942292,6.264593621399178
20.48804140172445,1.4916924471418451,191.4860063866995,1.4234979190522925,5.474272850028059
26.33786488376546,1.479781092166406,170.89609076778638,1.6302462848993975,5.872372334455668
28.398120660716813,1.4562173972184391,247.6153698420671,1.5605411611358035,5.690312722578347
28.10100246368316,1.4551604338145894,245.20201191652689,1.5690794625137128,5.969267425411522
27.943234355386643,1.460688761452262,231.66243162225484,1.6105057287019116,5.835240403163581
28.4301096610998,1.4620783583481023,243.7517668565198,1.612035284568483,5.727539820326279
25.167306448357778,1.4658695314606631,107.04619738123768,1.5002061110703822,6.400576157407407
28.255533340560323,1.4743195408445002,236.23069067402787,1.6161991083158012,6.448307820589407
20.437422917654473,1.5026384382931122,126.35231383473648,1.4002716271884197,5.887438700274348
24.178840841643343,1.484729286276949,138.57928838888424,1.5662032976461109,5.35318218143739
23.63708550302895,1.4540262209473156,103.95164651346006,1.6441293053160118,6.73437433862434
21.839265334600025,1.4749647365205911,232.63547927939223,1.4665150436436196,5.847828735853909
23.031142385751387,1.4500388196478275,123.33541881387322,1.624198657958302,6.007853298611111
20.353523474971706,1.4976635696134457,240.0,1.369104928086389,5.355586580504116
23.334757688521613,1.459359951900115,102.62297752777545,1.6534043932762448,6.117330395299145
22.96177807078377,1.4790414052868943,151.97794183557556,1.5127388531814006,5.354837319958848
21.238140682960932,1.4930456207998797,147.06742197221988,1.4643869656071895,5.605303819444445
28.13411282356859,1.4762099620879838,229.51909982079488,1.5248315445536822,6.402716613735143
21.37423998683688,1.508508980339074,145.440100853096,1.4270571125205775,5.4726973379629635
24.235840767582584,1.4599469264354192,123.80952380952382,1.4044213066027416,6.023750241126543
28.039654316937863,1.456089248252203,236.6872769671476,1.5493434232360146,6.989625367134608
35.62942025212929,1.4374350030337897,336.82465175569286,1.2665130203684205,9.614582618708411
19.91410877521145,1.4750136027301943,128.31954698056808,1.3608245975919169,7.481062885802469
22.161751487656304,1.4745226865773382,146.1272153553339,1.384624065601841,7.554235343890292
20.89333576932953,1.5056087840720511,155.33708719830514,1.4414359713426388,5.57815200617284
26.214511160212975,1.4663479316256416,227.19623273282687,1.545606888420762,6.207452050264551
26.70091927966164,1.4859251004172795,292.63160347749664,1.6531713152346998,5.614763741916519
30.00288690539079,1.426419427554546,462.8760005571264,1.5161651702717456,7.665351849242307
27.64774373806165,1.4601627474605694,235.2333191367756,1.613430505989464,7.168340782604413
23.252121660134605,1.5171189160644367,107.52660136327972,1.530820045167565,5.330578221450618
25.94525534139052,1.4850329408487246,201.6087838881066,1.5860112313955703,6.411712495323606
23.950258998770337,1.493771437232972,94.9071198499986,1.5474619743036493,5.394046103395062
26.722326422330216,1.4917696768129398,282.961668522806,1.6458366788788608,5.391331822273663
26.827872237092787,1.4844861555720732,294.08269177289077,1.6713387505257593,5.6744306037808645
24.46287862551228,1.4841415725488432,110.83789844952722,1.5632703496568543,5.5843814715252895
28.379864965463472,1.4548405793918753,405.5661733957517,1.4635803806877623,7.821564503205128
25.2819804325703,1.485910182072565,225.9364079593703,1.6103432256281345,6.182020364858907
9.469059776679668,1.468012183477435,128.67042053163848,1.0259357393927546,6.587196019804527
27.148699364535027,1.485330874872738,281.02388976187126,1.682839578501669,5.741206958912037
28.316340733162868,1.46436405020032,233.20793314766797,1.6996240385023775,6.8905377121913585
24.06399285968062,1.4848892499839488,418.3198944068432,1.5413782110728516,6.2575592206790125
26.621860967614477,1.468009589650766,245.9573663385322,1.6659735655579937,6.89045687134503
26.54469051262332,1.4797082745703076,283.28281668313764,1.6713490944379357,5.27926311728395
23.981229398515165,1.5173890584265537,125.0,1.5136356155843471,5.3917343964334705
27.977281384147997,1.4391337809263518,226.66666666666663,1.481977145117809,7.892170153510247
24.06194420377728,1.4903623423693813,122.49438422548936,1.542965616559364,6.031121238425926
24.858570858592675,1.4920434399518363,120.85993469661308,1.5549507718988915,5.529812082047325
27.629172223223964,1.4617902146620294,212.91419622409308,1.60057547215831,6.2022934578924165
25.02897023204092,1.4960742254197628,129.41879979545266,1.5722275619387869,5.699496611647881
21.032987578216456,1.4833818975259565,196.65819657784303,1.400825024597198,5.709754653742284
23.96663244079196,1.4836835417756615,399.52750054523466,1.5506749666305464,5.410387879867047
23.632092662401316,1.4819283779339447,129.44757266525428,1.539858722767853,6.339696869488536
21.84651529378159,1.4857441173244883,197.78232980403249,1.416550445815408,5.975530606995885
25.384404388667424,1.4685622625775552,198.76844870224411,1.4457778998780717,5.776026355131172
24.473527555156828,1.4802056317458567,396.9747996710934,1.564195126269757,5.560999965958606
22.929133748247743,1.4840436627574802,196.51117554821357,1.466085773117219,6.480318880579298
25.153175634764395,1.498608056862737,153.92645390636554,1.587238927417964,7.734450954861112
25.238604069825097,1.4707210349374178,191.40797600172695,1.4563908792145608,5.670010816247796
25.88739269663412,1.4589002314579835,202.62297752777545,1.4837096494158062,5.973288966049383
26.284562990970397,1.4993485555347386,129.4232292962932,1.60243446972845,5.915695601851852
16.869302899421495,1.5018882990371405,179.8244397400685,1.327023605986431,5.378300540123457
26.67189256932997,1.490461415290399,122.0856794989407,1.6324239325463676,5.350674939986281
21.35821904608553,1.4801381855650158,196.485876927269,1.4243091231384728,5.3002469135802475
20.12867433954883,1.4814185255941992,345.54466126214203,1.4097272822714193,5.7479885912698405
20.03086254775796,1.4983208466415647,215.52037516431673,1.405130825317804,6.188464351851852
27.472267017475687,1.4686029532841371,390.4072467689233,1.634787542053768,6.4073396549094825
26.52462127888954,1.4665918177421506,274.96136320808915,1.6960806398881545,6.055768068415638
20.961377595223897,1.4967959490445537,347.7701670706429,1.4397189920790725,5.169785558127572
56.41064311624511,1.3897930373952596,525.3762811926988,1.5606417360171605,14.551383883424348
19.9951508365683,1.5284381671137957,227.90577710286425,1.3537637883612268,5.730512876157407
47.575221152106366,1.4133792529496187,485.6211613633102,1.596137912157987,10.460584455882785
26.29749233857926,1.4576024258860525,187.6787605273819,1.4533765067465372,5.420039008916324
16.170682945437637,1.515552927657382,229.81921026060232,1.1870369539137582,6.089417713844797
28.070957056496297,1.410252276157211,461.98417991354665,1.370658658389495,7.382013781721536
15.401861723647524,1.4631947450570872,175.17859733832236,1.2810927017584912,6.996787808641976
25.37009044952331,1.4636257274557811,192.0216920016036,1.4335251426244873,5.322377748842593
56.440191669968655,1.3941888344707851,773.1295008090243,1.6456853810792906,12.94787243716931
27.395508913641635,1.4835066899372549,121.43201403172375,1.6328012343950382,5.894131765832191
19.499427827944924,1.512497751819952,262.5623783401571,1.371211223121028,6.426247795414462
40.03976502990299,1.4047323111452623,176.02071494302135,1.7043285783249449,9.145777440460424
58.67673485308776,1.3817196363728268,760.0605647941879,1.5608793951865914,15.800356909219
32.79817297306002,1.421158060438788,460.7997163824554,1.466080097013888,8.830850091628086
13.447300722885258,1.5305829956905743,262.83000180710025,1.192301628596916,5.549911403218695
26.08632089990805,1.4859958318958182,419.32796168966775,1.629352850432303,6.124611304012346
43.923864044472005,1.4060838747777118,1009.3172320597736,1.4997706007138596,10.403145166947253
25.80998251260466,1.455264782998838,189.6083835502184,1.4508511497903591,5.979866014017489
23.940720133188705,1.5165586618598956,204.26343758051823,1.5488516151560314,5.6983983169367285
27.277240319058944,1.5054487682320086,124.84519974999768,1.6875982746993246,5.538424548059965
58.75065369951197,1.3841886543124626,464.08851829258015,1.626769408822471,15.248219071502062
27.66461803296412,1.484476695374316,123.14757303333052,1.7098676564185908,5.978465032267115
24.71093867668272,1.4850545242680686,427.7265651175394,1.5697131625812986,5.795348668981481
24.895181458011947,1.4452359419992056,224.28923885423177,1.4070155146125771,7.249967206790123
65.33724920861665,1.3740726645956531,744.0585958053243,1.4653109452785582,21.37607865831518
22.33036686718167,1.4774181708292726,427.61423749153965,1.512948230683324,5.618106674382716
40.77594414996604,1.4086351499078662,639.3727594472324,1.4696497275660576,10.413267988040122
21.29400150341892,1.4682404808681329,197.07082198557697,1.4197386378778292,5.744166228254769
27.97942407729443,1.4106065068691411,516.2906149567635,1.3626412000457204,7.912965158045976
25.34857058660148,1.450126351658305,201.16518854727815,1.4561434856815283,5.702881647673315
65.64518144675846,1.3717797327376668,671.6834033610922,1.5325457139679024,20.565639708719136
38.539805956633074,1.4116487948808805,475.8586267336811,1.5632659634748831,9.607718736221342
24.769802851196545,1.4626374509180815,202.1637021355784,1.4509387195099277,5.467194573045268
28.912899174378627,1.4540309838951802,348.32570184052923,1.470525767701813,7.001597559033901
40.431409793862784,1.408831642896267,782.0962895303097,1.5663245440513234,10.463297164351854
25.7408645620418,1.453262895599594,419.047619047619,1.601613011726171,7.492977671682098
66.98318738985132,1.3698738761100324,463.95585586864945,1.5515615350765255,20.9713749839249
26.72252130735457,1.470433664457692,269.95457871264864,1.4933618151746453,5.583334780092592
36.999262471484975,1.4386828542580343,361.7987955184848,1.5470658831883282,8.460418892450141
26.82293465267365,1.45252644857574,258.27592804902,1.5053002189105795,5.534036377957819
64.47578070776726,1.3813080059251728,986.5266162063976,1.5196837675020565,18.26634837962963
52.43232484295165,1.394983998725888,1418.2434098191936,1.6422639021533276,11.14202799211245
26.98299792931763,1.4846259920781917,283.28281668313764,1.6873074420198495,6.084881847993827
26.96579070157369,1.4233382745862857,469.5093791412857,1.4564958512658832,6.974375475594894
32.663258399843464,1.4431033709409042,276.03533613581754,1.5621880048903591,8.64897299382716
27.326896572728444,1.512292700552374,191.5753854916533,1.6376604589811865,5.728207626028808
29.05363800672454,1.4656007828211088,615.6764557542781,1.6387304282962392,6.299863401813272
33.8519526068136,1.4429963351678272,525.5999805239271,1.5294836579224986,7.865660612535614
27.831602235223297,1.4337074581833371,406.1358991427379,1.4532123214315855,7.845727288417803
26.925269089390017,1.4629211383296123,232.11318548538264,1.4678214863260977,5.193510963220165
28.522664749380297,1.469539817873747,672.436856637593,1.7309042106518513,6.5125148292824075
26.74892827012152,1.4566477202327388,232.63547927939223,1.4564419830862632,5.490016235853909
37.185643653206256,1.4433943139107486,435.9725759889239,1.577055854011949,8.356584084982972
23.522764424530756,1.5059814341811075,175.0697304827256,1.5316939686933575,5.634806520061728
39.23105499781683,1.4241816747685747,514.4521048487018,1.4339737851154086,12.604625342935527
28.19378602069127,1.4223656877443789,502.29484321855415,1.3688547910233928,8.698190498737373
26.303997631466576,1.4775727838639694,230.47177714381388,1.4523743136597496,5.583882458847737
45.63009607324038,1.4067596102408246,689.9746494278764,1.4074605740395527,16.67829330632716
23.182325303332306,1.5094166612237716,171.42857142857142,1.5148704297524556,5.373919511959876
34.80093992098192,1.4226918341994612,398.3820707564027,1.4425616013777272,11.940005855930336
37.90854163546613,1.4467859001396155,413.3519266820167,1.5846613760842323,7.936752047383559
30.129515867046905,1.4578348365785712,740.4504592973504,1.553972808495819,6.7004339313271615
26.101477322962616,1.48105477894169,231.81477510860788,1.439601163402208,5.920563271604939
31.44527059064056,1.4512679830703472,550.647738136167,1.569528338050084,6.690893270502646
23.168102114157563,1.492449275271586,241.6414083415688,1.5078942115622231,5.735324395576131
29.16244592229384,1.4574486953403591,545.9510455403404,1.543841212882595,6.491474837105624
27.446875437871817,1.462648924460351,528.3450739129207,1.6085076462276025,6.195498070987655
28.162211971138923,1.4560130553439576,680.9165767211944,1.4828206554873418,6.610456097948439
27.473049233075535,1.456201328030607,629.3099229047796,1.4978913097790687,6.8717926036155195
37.866307356288125,1.4435778268816697,508.8413941157703,1.5945950291353692,8.190843460648148
32.59323057842116,1.4558146850413876,496.50390309535095,1.6034053105405404,7.781835723165295
24.739847463889294,1.4648499847176366,185.2533292209221,1.4641041702994348,6.802850247264311
27.234614019916492,1.4702493964157397,655.8439585467933,1.534502839065169,6.553179856288581
38.384068675465,1.4256497658196692,498.8419494826789,1.55512456145935,8.92054522966594
36.67446310672062,1.424855494903401,455.54923335264886,1.4374719772515756,11.585189766589505
26.764365653166134,1.484243165304158,180.13879368487832,1.6097056036356452,5.967305652006174
22.51092556152693,1.4670145932633998,219.3021459460589,1.4786324187097852,6.001721482767489
39.90679428724614,1.4111976377275834,542.7372683136128,1.3671877584628889,14.217985275205764
21.976081758247005,1.4974484375340782,192.05981428651157,1.467253051211692,5.531443865740741
22.91172064070136,1.5004247534153343,198.6935985872608,1.5636977034283908,5.541105599647266
23.713227441938496,1.479542836777635,216.91395528895916,1.4574214898258575,6.100587039792769
38.59552032230572,1.4348962549401525,609.1721229219754,1.4987770030275929,9.055770736882716
35.353795115143896,1.4376231786065794,625.9871643519195,1.348393910977249,11.013403315529342
22.55923716053387,1.4485645404618006,295.8398009410538,1.3626636289863878,5.652547743055556
22.708411852878054,1.5007860061418417,205.31127516890896,1.4994834824097751,5.390670492541152
28.341537404689973,1.4568431785801863,219.7939188076476,1.448161182587931,6.936929181785952
24.449239796464212,1.4549448204315407,304.66849073773346,1.4053851835798383,5.728511078042328
25.18909378723454,1.4854915989369355,181.38394800374175,1.578246084682869,5.404914233143401
21.685252767474623,1.4937403782298402,204.05694150420948,1.453985511259934,5.735585991083677
25.121077826545363,1.4783083623825908,180.21839501890753,1.5378689487638084,6.5753562535072945
25.867698151236663,1.4921882266048951,188.1358936123568,1.636513425378516,5.505198398919753
24.58832317378283,1.472033708417901,199.77408226859657,1.4699459451424552,6.271841820987655
25.97176938147555,1.476361372464853,184.81933972003284,1.639468317074045,5.825080404741863
29.26474723430719,1.4603455906400409,180.71033046778356,1.5586712262526643,5.875354587542088
25.9844620202,1.477621660639724,191.2184041831133,1.6555798167687543,6.048545974794238
24.88759652470691,1.480031172579354,217.01111847922343,1.5482375760117726,5.588738425925926
25.534270096569287,1.466104379990049,195.1180366426283,1.6410779666042976,6.113126791225751
26.553190649282296,1.4768827563859064,207.05005486352155,1.680456458470797,6.228363983196159
19.394914548937983,1.4916166921782077,205.31127516890896,1.3622315236534532,6.016672453703705
23.661140295760585,1.4969369837591384,189.3575079833744,1.5250374763451318,5.483705096879286
13.46723137793501,1.5035362448741416,179.62847939999438,1.1522647331025315,5.609540734310699
26.996413595384436,1.484075294590389,203.9340038828698,1.7003275289499522,6.533569958847738
32.91345856357004,1.447453032431708,191.1331031045534,1.620820531303968,6.888010206228956
21.95706819082935,1.4985511399599578,244.04486071488367,1.4723591557855382,5.432959212105625
43.53281812257709,1.4142109026966267,363.7440207664505,1.6130532169242502,8.384358442644034
43.46385439387381,1.4162100667195996,364.7812368253353,1.5775974446430123,8.446818687678064
29.516218912908577,1.477278512812655,251.05564579056883,1.6258936691864465,6.620449433084707
36.36757353044469,1.4316942274434683,316.1718002589102,1.5683261164370117,8.029566936728395
28.7699716000728,1.454709859698053,337.3850569794118,1.531642074881567,6.666238980971931
35.7639893433938,1.435452158007568,327.39967408516804,1.54505875826978,8.07323004191983
29.414338041245333,1.4699749927388033,272.10078959765315,1.6048445004886307,6.1602197448501865
23.835257545293512,1.5053957981547148,236.07754236053012,1.5551598273570515,6.366841784818673
24.29335691898813,1.490439187989211,225.39314761984488,1.5461568750919377,5.50819072420635
22.69692891326638,1.4796355785772055,638.9014622635892,1.5026148122881635,5.726982542438272
23.75104360655032,1.5030921982647103,218.4209850407788,1.524674499056221,5.3871154513888895
23.58220836105193,1.4956419396993466,231.04912500374337,1.544998145947379,5.801762233153293
23.69913516934703,1.515443812433405,223.31105662813732,1.5305532493842984,6.106299823667116
22.617757661878446,1.4937711130497588,556.567271544391,1.5097417581544648,5.214847608024692
30.248674192255205,1.4636850792060907,282.0989210458705,1.5795516861209635,6.7521811936134855
30.231584103746204,1.4716780561786085,393.0241538349854,1.6051791488091935,6.183390046296297
23.507757860499662,1.5035203928020635,230.1169300968417,1.5588210177382216,5.771948905285494
29.87566315433874,1.4740381236858928,233.33333333333331,1.6038180330854248,7.072658929183813
29.199226271836103,1.4735798467342949,227.77777777777777,1.5895189298644803,7.655244242640076
31.661392899334132,1.4587030882056595,391.84677804709526,1.5994532265364456,5.7885023630401236
27.77999615292583,1.4551915523953245,526.0556256045879,1.6462136620155563,7.24655703446502
25.126000065883368,1.4852288431342011,118.63389981249824,1.5848915668855463,5.798665230624143
26.322274909430508,1.4716492504465997,303.83589738697896,1.6765906549003995,5.767925054040838
29.23316219196415,1.4655016084943857,234.9234535096608,1.5212659416978196,7.100758280285493
31.41455599486467,1.4542464622268074,388.884412002339,1.5956481291271358,5.593059145661865
22.89828033046933,1.4921227976081293,160.0,1.52228142976617,5.272873906893005
31.89791169662764,1.4615778459569129,387.87854695927336,1.6045198452450753,5.578631979517396
31.49452996562518,1.4609917810781772,381.2118802926067,1.602908760833681,5.643163798038631
23.126522907523377,1.479238241313755,145.45454545454544,1.5373340010241112,5.280710037294239
31.737931508532313,1.4580521912436089,387.7701670706429,1.6016498532884909,5.244976530349795
31.630126495345024,1.4553753331410233,375.9738536958075,1.6028923522269167,5.374576903292181
22.790780424376095,1.5143286007333914,424.5280647517981,1.515096511404686,5.438665798611111
31.90206988284163,1.4593251097847293,384.0828532358805,1.6054445317094357,5.914200987011317
22.872085829610377,1.49979281428356,233.33333333333337,1.5155813987471034,5.700033895502647
24.96785764044889,1.4724882678848807,299.9934732439073,1.621598521007568,6.268107622813786
26.135940953647783,1.475979827129282,139.62847939999443,1.5199955031045385,6.2083617862654314
31.8276848714406,1.4583936036722631,392.09606976626907,1.5987680366636512,5.942575593171297
26.71957545295254,1.4712135929396737,135.64783614462505,1.515951371394618,6.0560112847222225
25.422753835835604,1.4955793815666505,152.96181273332772,1.6447624312492464,5.631350951646091
31.837610606129935,1.4596813113144842,385.4922845548751,1.6317655171455276,6.114178677609955
34.59891397097493,1.447151824735066,253.33333333333337,1.5283458303815978,7.5016743827160495
25.24829852043922,1.461605904126483,162.2167547889155,1.6336071084403003,6.355535783179012
23.02600201308793,1.484473152575343,163.14757303333053,1.5204467883925843,5.3131849601337455
24.17956349850334,1.496703690919659,669.6326671944495,1.598566472469582,5.484330632716049
34.070266475070845,1.4563601912503,244.15383809567297,1.5001115744661355,8.346388808513373
25.404809044187857,1.4918560044077742,178.31954698056805,1.6683287762779797,5.388621506344308
25.208577158081305,1.483633994096584,291.41840945525234,1.6354904818068288,5.925909434761558
33.7521225873651,1.4450996432423882,242.1637021355784,1.4922952188003256,8.148006365740741
25.97961737144424,1.492176850192274,186.38724192717316,1.6669228440579662,5.505471450617284
26.070733825983258,1.4849648394749912,109.5856794989407,1.6079537180294916,5.733528050108932
22.87125541448792,1.482189301619486,147.56836610416138,1.511821404381963,5.108215127743484
24.424974019864457,1.4848124696317295,181.02417465004103,1.5987476935436922,5.274119834533608
28.143514923910345,1.4627332888231566,229.5764451672845,1.4968333078050602,6.455946723090278
25.5211560265594,1.4842980351132578,282.08042298190105,1.683794011284684,5.664323881088418
31.616814394295563,1.4624907124564277,254.24493871324665,1.5706764658000925,6.731742753464943
27.90774191199694,1.4656572683246694,242.42149426591328,1.4927905962723156,6.146911272321428
26.76576311514009,1.4719008024443083,268.25212936547797,1.6804092120628564,5.45642383368946
22.7630619165019,1.4938861135001382,149.69039949999535,1.5108441749756982,5.565042851631392
27.276779056003388,1.470220612513283,278.12754084589017,1.6985374445583232,5.8499286265432096
28.399007627312105,1.480483012944115,312.9221631529506,1.443303092843093,7.355282498781677
24.686950601610288,1.482435482607066,162.60459572408843,1.6118881253067732,5.716334463183422
27.327710112265173,1.475520626832444,277.36291072016826,1.720305826485259,5.696930700231482
11.381211116857012,1.452294638411726,146.66666666666669,1.509889999682344,7.812549511316873
28.905239411400405,1.4864258100530094,293.0013985747158,1.4858089006580544,7.496573591820989
26.717281484645905,1.4836829125033195,282.32515590929046,1.6735292709915723,6.057088866552957
23.179076666544812,1.4786240515515598,204.14470959384127,1.4511611542761882,6.34737750771605
29.417247383750563,1.476479018181971,295.2172097643002,1.6040384019364242,7.830794324417009
66.95498760488769,1.3758390172363038,340.6449509513276,1.5107340185620015,21.074390195362184
37.27203848819164,1.4070594903508489,418.3421580544098,1.6582651460795097,9.900015488834422
17.233370005168258,1.4950491518844544,142.32639914284914,1.3543383354844372,5.771417944637346
32.34279014686048,1.4540604283255685,262.4374618406217,1.52096046127676,7.211550110572334
26.80094929967643,1.4870562612539553,277.36291072016826,1.6318703672435977,5.5438322241512346
17.966904926288777,1.4968121681718425,144.57466559522808,1.3470469109663197,5.740740981867283
25.574776146610844,1.4751587770852317,106.30487585998075,1.553897697461433,5.87405294827758
17.604833292344935,1.5085165220989687,152.96181273332775,1.2966097712238462,6.138659818672839
28.641811369340548,1.484178191250319,286.7720244724307,1.7442652203820306,6.305218106995884
23.266484473519395,1.493371009190267,296.1344277759734,1.5003352458974,6.217910441217733
29.610573224521143,1.4755602749514294,285.1851851851852,1.6908670547338387,6.055399610136453
25.676135608575947,1.486396323048164,104.66532152564488,1.5577222466005116,5.898352801519469
28.507524268297665,1.4808885938759746,292.25102178199165,1.709774185307143,5.441161879208755
21.285092660584496,1.4942548914215104,280.51345834705916,1.5129006918532872,5.9094204695767205
19.908852805565637,1.4935815006812476,286.9407925141097,1.3734447801883884,6.292597656249999
28.956996912259772,1.4845224405119657,279.53397348859187,1.7479243698905105,5.43560948752572
25.148036393463684,1.4815364976483296,108.9125452342955,1.5836947024440866,5.618327117626887
28.152421733510813,1.4903900684642422,282.3015384321874,1.6512204959253929,5.837011346099888
22.715423451138346,1.4880652539334172,228.56803370036965,1.4642012988433364,6.39976528053351
24.28168816870324,1.4753009567126465,226.88253266631503,1.5257950629883736,6.6195473111245295
26.30611508419076,1.4783243026807218,189.3826535064124,1.607276929727686,5.995693962191358
28.31668644963679,1.465332738469188,231.6261174245612,1.5181663238468346,7.714138399216523
22.964952687006623,1.5022668547878435,229.86611827047113,1.4726859934783878,7.085801183127572
25.643365418377908,1.478952707920541,239.00590569267172,1.667682581567914,5.821961044103314
22.489267360507743,1.5050586475955063,228.2378509042629,1.4657341195602709,6.442365265906933
25.257518575031884,1.477918274698811,245.237392889392,1.6159709625134298,6.066561863425925
23.257670839482508,1.477975894868032,243.71842709362767,1.5567006823021183,5.981261252572016
19.17470919823765,1.5140204029071604,120.13954666712516,1.324136127506668,5.461550650352734
22.276061863124657,1.5182436842023712,228.19877443756937,1.437348329304755,6.019067611882716
22.520407156855384,1.4889640513350653,264.95946231372795,1.518447370651109,6.242618974673203
22.53527978112164,1.494687749621273,277.3629107201682,1.5429800994620355,5.2664565248842585
71.97153159940929,1.358645630816332,622.3143109715189,1.6809466524004997,19.975184508248155
36.7329423763939,1.424043672573557,566.8864704492817,1.573238765834193,8.883731875321503
25.345338300364272,1.4769871154977228,247.1043410078253,1.6167408032342443,5.597509564686213
21.90924730184196,1.5103397980447104,235.48281637131123,1.4211696141981596,5.845195023148149
71.81188033795293,1.359726181503868,548.2352384858129,1.6975490978445071,19.49954330632716
23.14620359671474,1.4861876899555395,253.33333333333337,1.4625341405994516,5.634689107510288
23.847300899338087,1.4814603933350798,269.5194101601104,1.476200123242593,6.625432040310513
73.09114829179813,1.3699072589903527,566.5781378508427,1.6238317341218549,18.941853652263376
33.1197553897239,1.444356158408986,392.9503567715907,1.613621376790516,7.943782432259571
16.82442549215165,1.464266284157625,149.47439959226452,1.3215705478539477,7.506772842721193
23.73671438703832,1.484833549375285,270.7701875205887,1.5196163607988449,6.312946227477477
23.925353506756473,1.4799556044924616,271.20543234893,1.5400483983268407,6.345407710537919
26.54186968121981,1.446843314641525,292.8059492417546,1.414153265926179,6.377907399020397
23.88333695276989,1.4825144573494449,271.79510811287446,1.5034772803104537,6.599609506523569
41.41319035921291,1.4412743440713858,483.8162939381879,1.5907912250672085,8.247854502087542
26.684502251596744,1.4618406826263957,296.1092759958935,1.456315931344592,6.2899933173500875
39.07503058932632,1.4429714640142115,253.16153454692216,1.488885596483331,8.28631368277725
25.755223823730915,1.467337282881946,310.8970541746773,1.4146721165779026,7.166516525205761
27.25366940279392,1.4743707759094429,281.81797250747627,1.5635801395672724,6.3062224906065465
30.408764682600385,1.4393720049106378,280.0808467752733,1.4935379279411531,8.146664375964505
40.3053133038529,1.448050140525334,474.0194147611905,1.6132136090092624,8.01636919688786
30.727567371361957,1.4666680731765964,291.4716417627743,1.5785626012560352,6.835970775462962
24.40644347966451,1.4808868401809705,290.25672917352955,1.5460387258800845,5.440118220899471
26.12893773007654,1.474050302678642,122.6679474712691,1.4748892864903205,6.362203313882458
24.83079132041082,1.48084164531737,281.6414083415688,1.5762603217507751,5.586112236368312
40.804343415088795,1.435723168272528,473.1906925623932,1.594878703912996,8.77829815077862
26.2883798918165,1.4710345847500048,283.2738771104794,1.532025949413558,5.795811685528121
29.39399105746016,1.461777584560002,299.9990291698823,1.545294455173256,6.495033580889918
35.49034667600157,1.4192763523649792,513.233423548245,1.528495186054014,9.374601199661964
34.11766035262262,1.458810378002447,377.07735409978375,1.5566151200021718,8.11665943287037
25.188814373553864,1.4741505276679627,120.26717020370216,1.4508048893261145,5.85701099537037
26.707713953473935,1.4760983826669645,120.92696866619586,1.466731414413611,7.094316266650422
26.64380274769516,1.452952627152999,277.3629107201682,1.464330910026812,5.453802083333333
40.98985505387615,1.4313273102898854,469.0355937288491,1.557651494631049,7.78906429122575
31.480314482323333,1.4345682756734488,377.07735409978386,1.577496687935587,7.872229938271605
25.196021649944136,1.4872848278287965,358.67557286093097,1.5988558230488066,5.470525793650794
25.668141592709215,1.4511417045699615,286.34067424991105,1.4685926978931336,5.518254243827161
28.33557831454032,1.4647461212723971,365.5890620817165,1.5122257334303582,6.001597159996016
23.58149595125304,1.4868548806283683,363.7134336717932,1.532988182140092,5.574160622427983
27.407527947790083,1.4693500883890225,129.24992679545008,1.5029806118874078,5.962378094806764
24.959874027111415,1.4770027131907202,285.38509376029435,1.4990432845115116,5.724681069958848
30.33769881838074,1.4535383864282183,276.69723144672366,1.4163390704476488,7.305988838033108
30.935330277371996,1.4449260188006352,366.78524387063953,1.5583798437092276,8.142574063921378
24.100487805356295,1.4911607177180803,352.2045381182435,1.5424274301055294,5.2953450788751715
27.685217341404893,1.459914540855391,140.0140125334163,1.4845506552446015,6.049610704849419
25.126782026560345,1.4757349508910371,254.15403750411775,1.5912379187853525,5.476827739197531
26.226594080566333,1.459742254254517,296.99674703263327,1.4928712090070169,6.304444282685226
23.34553632537314,1.4716246247198423,283.09868951641977,1.465953104251442,5.648679769661637
26.571813547630065,1.4617615446948402,296.6462905144367,1.4907660216795684,5.660602250957853
31.98292813421244,1.4358336568861818,657.0076870107613,1.4383695994205707,11.518328671553498
32.70144982463457,1.4361099841725684,621.1705109113739,1.5004164554032,8.81357952353395
27.938485491107155,1.4805107237613675,257.69800108426017,1.7360982999305,5.762643711419753
26.57969115236813,1.4703412538918412,258.08897477599754,1.612810257398329,5.711693565672153
27.025438489185586,1.4835758953125178,254.8776956400274,1.6556306920710555,5.516312885802469
25.59517079516139,1.4559560996003345,281.6414083415688,1.49894184547741,5.291648341049382
27.13031404845593,1.4731974401415573,132.05057408830862,1.475023106223882,5.571227430555556
27.642262339392307,1.4825845054510212,254.18422675610745,1.684626743330368,5.795904331704389
26.166529457963428,1.4588503624239415,294.85155539833033,1.4922931215364448,5.770736051245212
28.744668415306347,1.4748036218827691,260.1330410357944,1.6678154347493808,6.429962080068851
26.72826804757302,1.4847717424463576,249.65107297302944,1.6428468793184945,5.394953791386083
25.347747351596556,1.4716516205052028,289.9891057065865,1.492240754117914,6.0555738811728395
25.235457649630337,1.466968181459575,294.97474167490213,1.5030696297471942,5.609182822104852
26.71113093168949,1.4795357940475191,249.58864659058904,1.6742720982298471,5.967374889770724
26.597891280318752,1.457859535700719,130.55432316666068,1.4533563131263758,6.219996383101852
25.103813510245978,1.4768121070478504,293.33333333333337,1.4781432399009982,5.79693218261412
27.532979803560192,1.477301689318938,256.6676213195168,1.694579280268229,6.117275638327723
25.721997853836985,1.4742773240725346,120.32226020468794,1.468599941070749,6.001059096671076
27.31416881009726,1.4725300402334751,137.62547837878404,1.467938671515973,5.723099038708846
24.81663682667296,1.4795886818989037,118.33646155414316,1.5389260205755066,6.26092073243115
28.18573763216403,1.458198055962205,133.08565293332958,1.4954166717006874,6.166429820119599
26.307368061306228,1.4846476348796696,261.9949398285406,1.6620247721341015,5.758915316358025
25.85834073428385,1.475186842796992,122.79113799999568,1.4590059010807246,6.78173183972663
25.217548972020825,1.494362444227408,118.99626001663688,1.3704693744087988,7.05943287037037
26.87593225815836,1.4739773276963613,261.41097397377484,1.646487327847752,6.017897698045267
27.28220534360852,1.4764108842682195,260.169457598669,1.6869102332221233,5.916741622574956
30.881665000946757,1.4532586409514954,260.38509376029435,1.557743309513428,7.023004436728395
30.313735604707244,1.4676926985616157,260.5952884351329,1.5529485673207828,6.791673024343409
27.078689225939872,1.479711612357353,251.50941820384477,1.7233914659956229,6.021324990354938
29.041514560770953,1.4420232397808377,222.2222222222222,1.2851398344153897,8.140054150132276
26.68497436772565,1.4900941161791688,259.0589669478564,1.697973978229844,5.787551712369421
32.196749883579265,1.4372916245834526,175.49703546891172,1.6643265123207118,8.054547807355968
23.727800590594956,1.5259510095659898,167.68654963388633,1.5227284837790822,6.538352301954732
24.93298816827308,1.4986384471043177,322.36432355547254,1.5831521903909704,5.444487364969135
25.40546368525665,1.4754802193903096,267.61423749153965,1.5459157436351691,5.8988581854423865
25.02161270424995,1.5123633472210474,160.73137203931964,1.570914459135942,6.4814446924603155
27.87917824800741,1.4577503277178758,256.98938183056293,1.6123917752868224,7.334133663781536
24.694783576387035,1.5144930817472102,159.95319020833082,1.5447512625454258,5.979331896551724
34.767098019003704,1.4365059311954549,222.4667152001153,1.604570374030978,9.099234503600824
25.579709902496234,1.47972728780977,122.01582188888575,1.522880848404416,6.073525655864197
32.24236228229366,1.4296961926486165,398.87739785598274,1.559023028216155,8.450086977788802
24.343958195382545,1.511045646380031,163.7340886388865,1.5212501181996585,6.0267959846866095
17.610254337836306,1.515885845566996,193.79464933458055,1.3392742263057715,6.880862268518518
24.303547647748047,1.503324620181329,162.96296296296293,1.5211330236088123,5.456172067901235
18.44172064793627,1.5168585902724474,199.99999999999997,1.3030278378668636,5.7242055224867725
29.715990063851184,1.4519640865904435,232.9198917069963,1.5432965447213114,7.890703898986435
17.842959646194004,1.5156468763579507,196.71481435360147,1.2875886686204785,6.443101208847736
32.05020286865708,1.4402257598713957,400.2853984390636,1.513304884233763,7.844686579931519
27.812481414193257,1.456551226558948,358.4949397132136,1.5061413787214115,5.61469673170194
35.1611356434081,1.4194703016368708,361.1006789665755,1.6027491220556869,9.012389272144585
29.51399772777973,1.4603423277354644,273.389009539641,1.5520112293106811,5.998103046002352
34.25872159766737,1.4201625138752665,553.165302011378,1.5861703759382857,9.570002557494528
44.31636424849183,1.4011518155805496,501.0878856528448,1.5863883859506591,13.441074853994248
24.61585689144049,1.4790915890788252,124.84519974999766,1.539536066970386,5.707438133818342
28.40276398328962,1.4583490093651483,334.4942146689316,1.5130024166987208,6.2003191783737766
17.82346435002064,1.499757716851135,213.33333333333337,1.3322996943476588,5.482890142746913
41.64584892463013,1.4071776325638945,498.7152186923982,1.5748434617171545,12.460797465760033
45.9944615274872,1.4044567928956733,542.2477751899769,1.573907677522491,14.025268592004704
34.861447722558864,1.4140161457617315,594.3705700837706,1.5693409732993986,9.312988361625514
34.75022072277408,1.4352483407326666,283.32130555947725,1.669293811525839,6.79674397991726
40.88239475646877,1.411696577777887,560.1442603356268,1.598784531051543,11.657257147498376
39.6993961674963,1.4026365467732214,536.7700115603707,1.53123977975006,11.57089711519315
53.15801257218076,1.386406180301141,562.5349553173779,1.5703408700864407,19.528079483517207
38.04933556596289,1.4294667312253224,389.6785312429497,1.5135093127147736,8.273808559303353
36.90603660664073,1.4212964160068695,378.0806480433844,1.5353520797520122,8.685535781524937
26.53563883035252,1.4869712888807765,727.8469570660203,1.6399453054832358,5.3363643628747806
21.122403625310493,1.5231133341573846,230.47177714381388,1.455716115756438,6.539099151234569
27.78441427263153,1.46721291556672,271.3493568930096,1.57000770611863,5.828783516589506
34.46986486947911,1.4144387107693923,450.1583251652643,1.6422277079837433,11.093692997685183
21.15477696449484,1.5096150522069445,202.2482664523789,1.394160356040859,6.1229861111111115
39.11684369853821,1.4030482878373425,771.6082794985534,1.5567167333915457,13.653696125440918
21.52600267377419,1.5254845866110351,216.7688155394563,1.3599869542194198,6.348617219650206
31.937312991525957,1.4505525143901754,444.19994302534025,1.602179537624483,6.706404014099326
29.713581892963106,1.4680665910773991,333.07772738879396,1.639627565197742,6.423310871882055
39.22520115607641,1.3977537482085554,734.7620441997204,1.5703607788026654,10.8730078125
46.11669135463858,1.3922308043032623,680.6096555364729,1.4659379082750612,14.740142168209877
27.361886057911192,1.463095605851715,269.5764451672846,1.568133657030526,5.937985638335871
23.73241063035411,1.465324295948159,253.557215654008,1.5133370047984327,7.137078189300412
45.92956730091906,1.3868782725605548,764.623518415421,1.436125718050541,18.87250041335979
39.971733946475624,1.3954170841538862,681.7962113458365,1.5391424593000873,14.294661747685186
50.53806751622664,1.3873185497920066,663.1877577678125,1.5051504321327946,18.38106560395623
36.534706823521056,1.4050597233824098,794.8475033078851,1.563161476733921,11.148190448633155
28.974842620988724,1.459409213843764,323.9660681622285,1.5391783256063174,6.4168697049528545
39.66203110977699,1.4130114900238917,930.0297222634756,1.6004814616694285,11.467775559698168
25.944421280076877,1.4713987463991092,202.1637021355784,1.524477916772996,6.903548418209876
44.700230568988935,1.3784477550132168,384.1519196038371,1.43689140282458,17.343339373745312
26.520112068177763,1.472920713780883,188.1358936123568,1.4789704807415691,5.589630497685185
23.947856922455113,1.480977774621375,309.9836585598797,1.487982720638194,6.343220914780521
23.580143128153527,1.4719712051603242,315.60651175391627,1.5211061927616054,5.494204695767196
29.82509847725505,1.467722461603407,175.1287529249587,1.5679096618154968,6.197067158453952
27.180022803219007,1.4694107329183206,290.1982990723217,1.5266379033436088,6.106277156207134
29.853024514995468,1.447057451799227,207.14038761435165,1.373477562663228,8.233544910914704
29.574799316342315,1.4556454757462098,209.37129433613964,1.5234411992435577,6.372620655129334
26.55433354450892,1.4612855755693217,172.0146843993395,1.5265308754601683,6.100595724400871
30.45052264824805,1.456236207478414,203.92047742095892,1.547323309544215,6.623891655927546
20.98142552773393,1.4922434689337438,136.10938576665825,1.4455425717246997,6.040683484147025
27.87470852130862,1.472148415356386,289.0021977602677,1.694228589367292,5.658166174435932
26.486249638817537,1.4604053099990693,173.51038601349055,1.503911508269007,5.981020372955644
27.58551236946356,1.4888380143627318,251.3818082689939,1.6626775465251065,7.09273967978395
28.694450807382253,1.472114782605903,186.42351961780577,1.5738670132067143,6.311597389962427
27.862125646778868,1.4853997160728,243.2828166831376,1.6815671657282774,5.4021675668724285
28.112623796808524,1.4711923756722014,282.3723758549299,1.7588901812277402,5.478788740997943
27.519486463278255,1.4736372724271858,282.2975953070771,1.7484550540750752,5.632612995607787
27.95746039790072,1.4693583179706022,189.42462627950957,1.541116189279631,5.894583579590228
27.099026002361427,1.500925724529376,247.1801250137258,1.6400450744501218,5.3510887896825405
27.203740656485447,1.504074241010527,243.8051104771472,1.660276984959518,7.083478973765431
27.287195287811382,1.4949863926383793,240.58378260724916,1.6659276937581884,6.711600597993828
22.990699421762276,1.5014437910314946,132.25094778450168,1.537441389953023,5.50748951099537
27.36849982454171,1.4614837637986935,190.27291071898537,1.5077909473640274,5.893534207312656
26.392661437697583,1.4771305234556054,298.59654028832665,1.654257325412505,5.996755664281706
22.24916474674532,1.4886931610039515,140.0781326904702,1.4939440617226314,5.417642264660494
26.914847923918675,1.4900900543951383,243.41813183471237,1.6620100940503584,6.553129983281893
23.07250354572221,1.483215840692654,126.29514606666108,1.5296983080368811,6.112476691100824
25.983683162973577,1.473341498296751,308.70958233526284,1.544516116920899,5.487444721739969
24.25241749903162,1.487589383632851,163.14757303333053,1.4810467491849524,6.833611111111111
26.056917811422185,1.4649436519796069,312.2543137897696,1.5621689106385244,5.860952726224641
26.896680236185468,1.4908423287513324,253.05491972925788,1.6763285514414263,7.387925467785494
25.21939984231956,1.4783268255502575,196.9760516772752,1.5662334362030073,5.7459542911756465
26.873515953029376,1.4852847675694545,257.8249383966872,1.6498545952932546,5.688538327991453
26.714299978996664,1.481993912198324,245.39717454962016,1.6565777316273866,5.833882137345679
26.902754272808902,1.461828753583919,180.17825673595067,1.481375962857736,5.759224257019117
26.34978993713679,1.4925972086577823,236.504258730956,1.651129375783245,7.102857760928734
25.245912708792325,1.471835309840762,244.896398498601,1.5605896776861106,5.82058406876929
25.17495562573304,1.479460464706626,195.7011522348272,1.5751947392494288,5.766605239679784
24.25096081697966,1.5051174430539531,199.3158711628669,1.5517184472328147,7.667789301088368
25.935341583362344,1.4629932529390035,188.62011345973295,1.4641220826569523,5.446956661522633
45.92391371413138,1.390652016877392,388.7177378955159,1.5853342581123837,10.443997878086416
24.156542043549507,1.4967796451139648,202.1637021355784,1.5808656910832797,5.349452321244857
25.79123080251581,1.4551190071587574,179.58086289075973,1.4842347850698836,5.882582258597884
23.25599054255268,1.5002181896608775,211.64873103682189,1.5165154448516345,7.292410597697056
49.89226168111267,1.3964434794537794,389.36001919760133,1.660944362040755,11.052972639137796
24.59913998151799,1.5032885267642009,204.3274042711568,1.60006077420013,5.518160043724279
26.71924475848753,1.452357772421116,176.34740722490235,1.4808752664164144,5.846380075950133
22.60260910173156,1.494662123871194,242.1637021355784,1.4911622494724457,5.731469264403292
25.439658280060453,1.489945467735036,188.83036880224503,1.602560029432692,5.650022885101009
25.44703813815438,1.4930802302261548,212.5678574544887,1.594764918099452,6.194918367704826
23.048448835161317,1.4947813429645704,201.58495030537017,1.504533887723483,6.368840469686908
23.545782938443267,1.4827262417452325,249.38992607602464,1.5344608879411563,5.616084017255893
25.64128507774479,1.485100044614571,193.79464933458055,1.6216046838851388,5.43260474537037
26.033898216568385,1.4811136880031035,272.22222222222223,1.5816227191400205,6.006415672483381
25.47737037442833,1.4988264641202047,199.99999999999997,1.6115970867453673,5.384760480967078
60.294212687360414,1.3877760008445366,388.6686394699835,1.4134192376590724,16.157037933098323
25.451490528856212,1.4864390952194242,202.1637021355784,1.636510369296067,5.789503761574074
28.74134096011771,1.4757913839147454,296.34627344007356,1.7175917830898813,5.961884935162005
23.453550762896736,1.5130090905932472,245.9688126127256,1.5469463240117505,6.576574556327159
24.47712380411752,1.5142619478041863,227.70462766947296,1.5881902506999297,6.730008737291213
27.62021032722276,1.4867032549343089,295.55244290029464,1.7020715754545366,6.208619156928359
25.394200817108153,1.4861813996018982,198.74258867227928,1.6052479285257293,5.459144307659932
23.922413322432185,1.5092487012096156,254.8776956400274,1.570420118417502,5.79801986882716
26.97796229781027,1.4826718133963912,295.09369124109577,1.6720631340025605,5.612962101704622
24.494560264685884,1.47947074401692,200.0,1.5498218248584534,5.473615106922398
25.781186045865276,1.4646273035128907,200.3730473503565,1.5623689929457394,6.222393652710682
25.97283712562837,1.479613292759011,207.62478451541097,1.6187894347230785,5.682611744929453
24.62843935703064,1.4929014479231613,233.33333333333331,1.559814999458059,5.267222309904602
25.994606088302547,1.5000242334551646,215.49703546891175,1.6245329925614551,5.70042293595679
29.55531860328732,1.4555856905388354,351.00247131394394,1.5589441895388283,7.303533468364198
26.06212657712047,1.4865452935447965,213.81573878058407,1.6132660040382107,5.804084461063629
31.55517116343542,1.4447433904490246,344.96479657821845,1.5073530264981037,8.600557221520765
27.29308262233829,1.4512976218442648,400.8841720188071,1.441595166972837,6.488210082210759
26.243664983784353,1.4677128360713618,335.62075728795423,1.6189936033669308,5.585968226410935
31.886415412529253,1.4466692054842702,349.2249314075824,1.448190346457865,8.270641528128506
25.07041045241737,1.468363061745556,330.20637109823804,1.5581748492350176,5.890667052469136
24.465348537500567,1.4864724323570435,176.7486305703717,1.5725903765169282,6.129002255460589
28.354714399357867,1.4680857639131908,327.5725176749237,1.6068200210910004,6.636049091833235
24.618119866004683,1.4869465172852423,268.71842709362767,1.6136166815402322,5.869733870489079
29.414536717043877,1.4668560499340608,328.9602546643364,1.5580716412934288,6.819519232954113
30.683092993432705,1.453187010874845,277.4599832103625,1.5728940511803675,6.267741674788822
24.512812824799667,1.492196618656206,281.32026018123713,1.568687189953372,5.462151170267489
27.67698676459495,1.477570334484112,276.0933190875571,1.6092174922799125,6.339418161651234
27.281493086440385,1.494971099355136,213.41615505102337,1.6629551386560435,6.2259445730452665
24.63609924470972,1.4893379049917392,259.35921354681386,1.604471954663006,5.374378000685871
27.222167807968113,1.4826362366061248,253.4990914019365,1.6754733228227128,6.555045625335481
24.326704479568303,1.4923583540869363,264.3214686904595,1.6070678313121258,5.530599665637861
24.371266148314263,1.4980950204996182,169.5794063995238,1.5586818841150674,5.661791650591564
24.966970088506997,1.490275826021089,259.8607931979623,1.6002910278084377,5.16544921875
27.006562439476376,1.4599691277895064,287.4729375088237,1.476612360380901,5.63490162037037
24.990933695585024,1.5052765174184295,253.1374727942515,1.5251361830283336,6.358253038194444
24.370008236499103,1.4763112641256888,269.74430730710816,1.608287972865546,5.4927921382030185
27.403166571382524,1.4712289623829702,291.2677381689128,1.4890741212431604,5.531380883487654
23.31376886324468,1.5103435381000283,237.0638412162868,1.4106101092734582,5.576076603223594
27.57851383833163,1.4577983826065857,291.5347349601907,1.47932306735461,5.977688838617658
25.83006612365211,1.48484579943294,256.92339584019624,1.6671917828910237,5.765242504409171
27.66342404914508,1.492683610405969,254.9747416749022,1.680620707831577,6.0756328768004115
24.913472892572532,1.4733909860202852,259.8607931979623,1.5879055203981292,5.7764341001157415
24.157528905584385,1.5038024312209464,232.43361702736792,1.5142339070901645,6.509660419634378
29.178560503907267,1.434344002450913,290.25672917352955,1.5305165476872276,7.078077887583096
25.83640541615256,1.482954481818448,260.0353704641821,1.6187909233755031,5.66683346949891
29.11104340922065,1.443404945623988,284.02257845835294,1.5233378426588515,7.033797674162258
23.42406548817798,1.5111350051873111,232.83486615194684,1.5152819945913223,6.446712601273148
28.167763925094164,1.481928978513529,240.0,1.7471122473313263,5.686981899434156
33.2429057076303,1.4408103300164323,392.2633238334942,1.4348819989246342,7.960129251254191
25.643226175712257,1.49449124742555,232.89742381017612,1.5399114268089509,6.2579357051798175
29.36558758440037,1.446764154899376,282.56268532919216,1.5391080292053174,7.558691428170596
25.764590945026836,1.4884212449923702,251.36784028464064,1.6354609989121676,5.614191076092118
29.689731117705847,1.4614369296240546,285.71428571428567,1.5442424156196808,6.614944661458334
29.66850021308431,1.4724280879250424,251.0792267665157,1.6594956447696227,6.2663900060909645
26.06159064613994,1.4952030922318784,230.91942707829992,1.548781677955035,6.473083526234569
24.42703489929906,1.5012226565063147,245.446518818716,1.5590528680384816,5.612236207561729
23.230373185498056,1.5061246632342546,166.54282646666476,1.544811474851988,5.674132004726081
15.95944236046004,1.4561763455451753,258.7264809531782,1.1518158420377635,5.4430580357142855
26.619515301437858,1.4760292966391724,291.11767527655763,1.5700365609379094,5.891189236111112
25.71294140078179,1.4915234078362498,229.3657046259808,1.547116766276825,6.237279389647416
35.64428728291504,1.4355717182401029,237.1384438104805,1.502064984223079,8.155353623035914
17.835659247571265,1.4690828132738314,240.81317415034323,1.1998391628106826,5.72498951099537
25.530098854918272,1.5012512122009665,284.875592653158,1.6149046798724522,6.517078143371546
18.37186242181555,1.474877359465271,244.45906242577144,1.2589824032192949,5.831517811213992
26.504199406792452,1.4791996890516834,271.0313344175935,1.579357286751914,6.363598397166106
26.591007307671536,1.4620343451920363,330.0195113112949,1.4864726448459855,6.524647955246913
18.645135602753175,1.4693877485726732,227.19623273282687,1.3156824875372577,5.61697654872134
26.82576180478628,1.4866907060219887,284.60307686437477,1.6571283264271015,5.847802051183128
