Avg_Concave_Diameter,Avg_Convex_Diameter,Avg_Velocity,Avg_Perimeter_Fractal_Dimension,Avg_Laplacian
44.61440398263264,1.3911796302731547,298.6204606485331,1.3383403936634488,15.392433406498244
96.766375227093,1.327103944018079,612.7000170485042,1.5505697153196956,35.208527556368736
44.61717610463158,1.3998297821724834,329.7806467846809,1.4168728967734026,11.843750761452243
89.00999318271678,1.3313690861980003,1034.8068951741536,1.5894151732585158,31.41035471752831
78.24026743461638,1.3315085875778947,525.2931831671714,1.5876787727200377,25.13625643004115
38.25270582445944,1.3901122792375409,468.0669172632613,1.502165025880151,15.247566024831649
52.51967121175995,1.38233227183,409.1141742049468,1.5037347559420442,17.2699893215388
37.05156499233277,1.3969198411504151,379.5040395517847,1.4953805080248694,12.680778504867048
44.55627988036871,1.374946732817755,350.2442836238951,1.4111208010794998,14.99093836875558
42.87660945956138,1.400478067827179,374.51390307645727,1.4011397796314111,11.672567912581698
46.48664236397129,1.3922106656692932,414.4988612939651,1.5183923470048384,16.286864412604654
37.49084493629909,1.3946870139169425,386.3379034765937,1.4901284695859018,14.28489445546737
37.79031473444807,1.3974083312514665,461.1848104653427,1.4737231752066506,10.990490129886831
62.90291023518602,1.3648191797321136,493.29293056387326,1.561890215869011,19.465120772186832
37.1669570283667,1.3920764877988148,475.5402359783671,1.4531984444304322,13.862325599747471
40.38409595160586,1.3962343009547051,457.62194668732707,1.4482129506402186,12.91207320601852
39.52849814083124,1.4101778761724677,573.2550381639143,1.5313625277372247,11.267356288580247
40.95441139428481,1.4000091041533886,364.06130057034784,1.4274593750278215,11.437033523478837
37.76219335725123,1.388904600663976,381.9872845244331,1.5048811437269936,17.671974976053637
40.49570607761931,1.3799646499621112,348.27483724678456,1.4766986572889929,11.78877756880144
43.06312218273596,1.3975063878591572,323.90303970887135,1.3569297683240906,12.477659439376716
37.03012961724341,1.3907214166030193,462.9398497211931,1.4507552101381216,12.778183302735204
79.31487059882843,1.3274129153048086,612.8993640587197,1.5673517054192572,33.68737865769788
92.85014111398785,1.3229980512805513,622.4115957706379,1.551395193107523,31.895063674365357
41.14368527705032,1.38133972827026,331.5280640294391,1.4177500834145689,11.88583744296833
80.93705607835537,1.3475345192779913,780.9885060753724,1.5957130024819646,24.627540610978155
37.67097750449776,1.3673568348192486,545.2619349232466,1.4767944042775103,33.75980951003086
38.48300866947966,1.37328795182687,531.0679723346221,1.442871058792555,29.186954451195987
37.18476826321898,1.3994796489405672,477.0754412538962,1.4390611472700965,10.736225405092592
40.865791339383954,1.3787414977226764,331.42338087619885,1.398404888272647,12.849560024434156
33.137265271030145,1.4127824833560922,371.8866956181635,1.3621693690551016,11.17598090277778
47.37023192879063,1.3908524386968226,396.2569576880088,1.534155050301018,14.492292377087018
81.49053060319615,1.3511466219095336,1283.8222953739903,1.5673006115520574,23.23075013973367
38.16585444494315,1.3933072724845283,521.1855056843795,1.4321153103460629,13.218059293016974
39.945371958914066,1.379605733241478,354.0820387648657,1.4087210797461984,13.294108199221045
38.81815354628837,1.3974635497614496,428.25039841631934,1.477849262379742,12.154441964285716
191.48737791304364,1.287675268124193,1272.4135826848342,1.723899151397069,81.47168632775404
42.07436220908537,1.413454184750657,346.83726911383457,1.450323114048515,10.98104890046296
151.29455837104604,1.2904682744673468,1222.356478871004,1.6842465072695243,61.73730047181909
84.44178049238796,1.3234738243067723,503.7990657913962,1.5705772822867177,37.53573377486283
37.48079597616388,1.3949148567377567,557.368426755222,1.4545108493784051,16.332720908249435
41.85039666136749,1.4165705750681168,376.4308596665812,1.4524313629942558,10.513964281121398
80.12605116039651,1.3428958311160952,696.5381126444948,1.5764961925546446,24.92735350254673
42.79442044795571,1.403506673885206,402.1888083112768,1.4586509723896417,11.741844242969824
87.57647114347748,1.316813717376412,489.83824826065495,1.5805759087176532,38.291338033108865
90.69727540676634,1.3211646508101385,485.4407810390955,1.6075525892690958,36.28064278308256
30.45026421890848,1.413704447402812,326.5108854471455,1.428080171802964,11.944482964409724
30.801495737132317,1.4196489590920498,331.29990347132843,1.4698402228369352,11.87889531893004
73.69125791289434,1.3526999506379522,839.9946799119343,1.535014146669914,19.54960240785671
153.6196266391942,1.2957541970709223,1240.0302627876615,1.675037652624595,66.77640522629707
67.57207868977292,1.3564727162383217,612.4631011745857,1.4522280208551173,23.934978338854133
59.39058355509784,1.3598796440524688,605.9585948814187,1.4586470886382483,21.372350134112285
38.46530241541784,1.3785562513396437,448.726396549099,1.3513853751057496,14.227478849757492
42.65012808946123,1.3873016114618324,517.1540022318326,1.506609722373005,14.03860125171468
194.7925965003081,1.269467213306337,1236.0522099575185,1.6814025321338788,94.70644651813272
127.48492818742427,1.3205156769365247,1320.6727252977716,1.6955149212092688,39.376408375542105
207.53828598252468,1.26838649703913,1248.023390288556,1.6852025722885886,93.69627266589504
186.48462881595216,1.2756562845175945,1265.8853152626832,1.6846329097247073,78.95962232694002
154.21273501091216,1.2910099397599308,1334.9251214594608,1.6171752360109255,51.84687160749934
98.14230748993636,1.329167391460541,1258.9689279017134,1.626814527205146,31.757393240008486
103.32496885181564,1.3142669586542024,1379.5729170914326,1.6225537397411736,36.24411721717711
160.99094347510996,1.2914501278884931,1355.6342335983336,1.579363639947443,52.862459628527326
65.77344412598853,1.3716797295562642,522.9442953006167,1.5214862539159932,21.951613859953703
88.11275034573035,1.321224011168552,794.1237485656221,1.562096485508556,33.82865962248213
59.98014513845122,1.3509514861914615,630.2774307323868,1.4375898010196269,18.42399419294549
121.31228044887352,1.2996916568407029,767.7773856803396,1.560130235312959,45.59567589962121
160.8653302568682,1.2988156338206749,1208.9734003291703,1.600697615901563,68.05416744654183
30.96326932579822,1.3701246444215762,525.8905941293052,1.4660058798503108,14.403335747694392
22.42940719803636,1.4307939975169464,258.99950714899495,1.3400629909598882,13.259905065035271
125.94914720467403,1.2934284116469028,740.6075528390016,1.5698031812876772,49.07942445286194
147.87396171828226,1.3083362241401546,959.3640372045118,1.5896329644167673,57.98872039017734
69.65381401092372,1.3595185019903586,1019.4431672745422,1.5554191955746242,21.24971175542339
29.732380715999177,1.4129551708698145,323.3224390399198,1.4461551622773146,12.262932236552029
33.67952894582201,1.4216315868946248,301.8290408465888,1.4289590223531146,11.7571969843107
25.11265248561044,1.4220307202662932,272.8278670645653,1.1636709584159484,11.106324266975308
72.3689606673612,1.3563531112200071,979.8301968692288,1.551370983101101,21.098055968915343
121.59652469715648,1.324904970025092,1221.5750638959094,1.588680942610674,35.509967447916665
23.85462204165682,1.4167569158379123,266.2814823022175,1.346820873333899,11.49318447788066
33.68043179020787,1.4153984419008012,305.18563350762184,1.44284761048739,12.190663151577503
39.36823702631453,1.398877392085616,404.91621229002016,1.435591943322111,13.633935364653306
149.24453193376567,1.2999161354266462,691.5495003435873,1.5649385724401268,74.77966251052189
58.63272181534993,1.3517143585311402,349.8256977844509,1.502476974387113,23.52793277628695
144.6281132313186,1.311157408799133,1004.3150830836196,1.6112624594962472,55.56963201252725
39.58975216041939,1.4022020530927688,362.7117252993464,1.456081067985966,13.591204300778951
88.5956318876117,1.3139729362717123,788.8850442022557,1.5562815655573532,34.164925733024695
141.75390164848844,1.3189678749628375,1198.6268512064778,1.6011578208224222,51.70480941358025
38.648519512269424,1.4070141848953377,381.5461744954159,1.4395521644920686,12.881271219135805
125.9992530284336,1.324364624602606,909.7887860290928,1.643356660767383,31.026015923603392
82.94136095950822,1.3437157062644862,801.9558075769756,1.6037537910278905,25.79969340760031
28.22550566861441,1.408818841578353,292.94232430145075,1.2888305676382992,13.707549189814817
80.26417718841385,1.3483373041010305,804.9473369707371,1.6035841749793118,24.902365290637864
38.67121800692326,1.402237564836967,413.6992560258074,1.4497828268502235,11.287372363683128
34.16685217591764,1.3627818908683251,253.90536702095545,1.4738202190399663,16.165256880144035
35.538485251890634,1.3982405421427786,265.50018508091586,1.4570529280783315,14.00355027832892
29.81408320348365,1.389810868097099,525.8905941293053,1.484003433381945,11.225129404578189
27.560504183341795,1.3922726887571268,414.53812753582895,1.3607950388247063,18.897268679269548
45.53574143697959,1.3704464748513288,391.1722601915738,1.368496410681443,15.043337288693513
62.492427935989504,1.3593607192727368,759.0336754472605,1.5852295159184349,18.44974732789151
78.91883314480197,1.346776449961893,802.1500998658013,1.605575065524781,25.167323850327733
27.372955911679696,1.411492649927987,246.02990714325577,1.346535961371803,13.674455870132956
28.520729861677363,1.3611018767553766,409.86533630782606,1.388124620134752,24.75996141975309
122.43756099991772,1.3008041615212322,773.636423526917,1.6435432864542068,39.67620013922437
29.861605417889113,1.4158096467769716,245.1373390663904,1.26910020331212,14.062574508101854
115.77505880792084,1.3075995641326394,691.6801942032326,1.6195063572365234,40.016080489138005
39.052194355641625,1.4091689267290548,310.627447210378,1.4548807192110182,10.6846082497428
34.536048144732675,1.4160889407864483,535.3322292748279,1.344852234265873,11.53843322861552
39.30980553563159,1.3926452316047122,324.6902793245605,1.4449213533243577,11.36734760802469
41.59078134902404,1.3860314869528567,509.2142815028243,1.3645651145474684,14.97366868471035
54.278041994151415,1.3617209039993026,792.7836012192433,1.5072778834282168,17.362668474101273
160.94452965798044,1.2846155953600282,1192.830078018711,1.5367995243086656,72.71974847032284
72.2121055714089,1.3224719937956004,672.1791901074565,1.5132204874558155,46.16291770721141
39.26400407300624,1.3908648330273037,310.67452832582524,1.4688443178211854,12.469585583847737
44.05279061450509,1.3710592684350509,799.0944742600383,1.4486621300515947,16.251092242170085
38.69459193257144,1.392451364718753,395.706002485697,1.447368260477768,14.99777607783397
36.34709635140274,1.3836584750925998,421.5589622855811,1.386400236753822,12.888771942508432
72.90479066309094,1.3301950698070304,1164.4970419630397,1.5772854664634282,27.05734883064271
92.71535171257172,1.3324554566312692,975.0954255977776,1.5875657589327237,29.89479968813856
56.61519487193837,1.3630779568143478,453.4302766531671,1.4789384606781175,18.28726864590668
243.7749588495648,1.2798699207338171,1120.9610766817011,1.5819958842606483,154.19743358775509
37.61942463886112,1.4071082448990408,345.65700487224467,1.4282091069829768,11.29587887945816
84.91185848579671,1.34284772382175,887.7504944811405,1.6032418078512067,25.64752471007325
60.25348095093985,1.3666776642080376,843.6367213470971,1.6197931614290155,17.53427106991252
51.30960903727095,1.377034095796241,686.5665374520573,1.5077291998279323,13.494416030966963
44.29003304677956,1.3961316368710937,637.4580099847336,1.5754005221669458,11.792962459742352
127.0604554357147,1.311110526930882,1112.1872003676513,1.6611325521754718,42.36903598463727
62.420743870055595,1.3643276812149765,463.3549599519331,1.508472878150682,16.597859059343435
79.05586748511551,1.333831774758276,867.5705615704858,1.54418045301438,22.918565457818932
46.48868637680886,1.3890593114066576,613.8221017579345,1.6044843631433785,12.425121447402262
312.4829605153127,1.2554621600825604,1251.5821550187125,1.7060011099750727,240.4809193580982
75.68182875633582,1.3393691715512808,829.5074860766055,1.5184384712377563,20.15338911508765
45.0015354779839,1.4136879927525177,611.9040604861099,1.5839204525450852,11.33595203648589
265.1728665260039,1.2684697309117738,1334.650649677136,1.677212391680766,166.92597969895886
59.51229202942347,1.363587322493723,460.5572284799116,1.482094081065329,17.104069201867585
34.89593992968405,1.3845856720019638,364.4676841814385,1.386678214912301,13.348456910686728
46.37398219364355,1.3968858482551547,602.6304571808201,1.5998858095123862,11.660189656986534
37.50782395924265,1.3943794212401943,314.5828900490205,1.442375703749339,12.24860892489712
56.9980495277491,1.3446406384061445,538.8619145320924,1.4032175433489815,17.16955857345168
34.93117521254303,1.387467642420999,373.7251089890559,1.3824243394174478,11.881228780864197
190.8062404899709,1.2746482499698846,1066.500486691418,1.7026322386427983,85.90005252745459
38.481155152103554,1.3850399815211076,377.5622731907253,1.4663657561325472,16.475820756172837
45.84280627202744,1.4137973742996524,630.212088755387,1.5998807641062582,10.574346386316872
260.220599220263,1.272949366885242,1812.663056490352,1.770763667244605,102.0198541761671
47.982822393300374,1.3971070644973425,1966.488191802812,1.6320132674125614,13.41390255272634
217.62066858753695,1.26126857962783,1011.2369692394795,1.706409833341341,160.68109028579173
52.55856994965317,1.379287848924513,471.4232455110604,1.5003169871480688,20.01975192236058
189.07628046160045,1.2887043012495811,1099.5106963383814,1.7004491302461218,84.25356224621304
81.55767234823328,1.332701142068622,789.5219717742413,1.5754650966393204,25.476689527688276
43.88775973600943,1.4001024575893637,518.9189153883575,1.548087203559705,14.400740414740296
41.4042108876882,1.3976520408961437,482.7252449603933,1.4929399572923934,10.987101980452676
44.556204905711,1.398657393705176,428.8592917685234,1.565240565651528,12.17329224537037
69.08361069050791,1.3604800051881,597.6074097792994,1.526779950319456,18.965079947261717
39.89712003525995,1.4037231382422148,406.79636917214515,1.5038202403578158,11.663351921997757
44.32299704966382,1.4015907834001,389.23026423957646,1.5615032670292772,13.594149421296295
141.3690078578991,1.3104285901713204,1281.3666398438725,1.7081339563912477,45.75199910091715
57.21700670712846,1.3475815002621503,1119.0010388677922,1.505829400781263,29.938438577079893
44.146832412779496,1.3986451669416262,375.8341295369027,1.5510596587289036,12.135988136574074
70.50063459131252,1.3444920569175876,1864.980739849408,1.573125242084991,23.403675565630135
41.7014565828612,1.404792110396082,380.7405019553508,1.533600106585469,11.519239591720345
73.2266496717665,1.356860100657964,649.002660538412,1.4863434454648807,25.36618396543555
106.31966363895522,1.3179560866815112,782.5205960553709,1.5808538832373114,50.49676681455761
44.07611454399311,1.404654068540469,358.8562060086483,1.5447892007556017,11.261919642857142
61.19040977663551,1.3402631683277717,951.3921062671972,1.5339367869078693,21.736852540784835
71.32279390805238,1.3494365997876787,581.1909678135786,1.5073478114491867,20.41653337840709
59.42581166508378,1.3440204230979849,626.8461712712472,1.5714521167436444,18.09100429205247
44.272790966248806,1.4011097682530127,365.3242813541526,1.5455475709133002,11.918876419201936
66.9627469701933,1.3505989751820902,1163.3587179631968,1.5885923922013006,20.769096064814818
96.34231739949573,1.3307808680179076,696.340611919851,1.6535851503465593,26.43727637229301
60.40848175045458,1.34330299948861,622.5161375390268,1.5440830534120036,18.782646053791886
23.687769782414943,1.4196417497975296,191.5415011162098,1.332702868760982,13.074656528635115
30.400222380162457,1.3987578166216017,910.8329593136808,1.2988036735019866,14.488894434799384
100.2386179338226,1.3255739272974283,1003.6492210325976,1.5278904590774167,46.37583786231883
42.17149955906028,1.375074507979151,372.3561618786371,1.435418203007228,14.789428801896502
49.04418411926544,1.3762751362977252,376.8487352197582,1.5112862024679077,17.027701466544503
53.6509535165408,1.3619102039673654,302.7379315358629,1.472177344432101,21.725103041409465
55.306617687402685,1.3778326070334692,873.5317241855248,1.49470245655923,16.778764708719137
59.34230279078542,1.344432319385469,612.6080178708961,1.5720304420639597,17.5571284897587
103.81106347949164,1.333888068422611,804.218287110789,1.5767794610995929,32.490310812114195
43.47571243130543,1.3838178401276853,327.10956123920965,1.5314761488098598,13.770431240566271
60.60927873970104,1.367616559565641,513.1535062322702,1.5284474381756297,17.41529196169208
84.15212832454749,1.3416290468436982,1159.257363807289,1.5732064580522895,29.466170106738684
54.31713068042558,1.3509651707566128,1072.1715452632332,1.5016446652279896,21.524080343364194
74.08545686616905,1.3643480889372548,960.6175787348571,1.5893558256793312,20.826047446514092
46.492476214136246,1.3865298997102584,442.99864205372234,1.5511104504383355,13.12926343878601
41.798686633136136,1.3821289996650372,471.1018298127168,1.400329189765479,18.80887566137566
42.137287084229555,1.4004752264841858,434.0283645577298,1.5554945517838654,11.37275853587963
43.02183379396622,1.3787986110549213,300.5282816003023,1.4047887639952648,13.029627948633156
76.64321442378734,1.3514888245551602,397.0356495668656,1.4350774063006104,29.100402346644543
44.27415762543614,1.3800473214363296,405.50850570556383,1.4438337171758493,13.646324390629944
41.81058409308153,1.405831885327726,449.08409849679714,1.553380588394936,11.553221571180558
40.43768094353545,1.390757083350619,522.2222222222223,1.4471767842927952,11.566952987213408
41.5769064137075,1.4017869145801498,445.06845562550905,1.5384155027151605,11.41771412037037
60.21184315084702,1.3630558895311071,532.0076513462789,1.4441039836772065,25.154043088833085
42.792336153021694,1.379632585289638,287.43685418725534,1.3831153169683783,11.35138052983539
197.1286398730288,1.2788082853934362,1171.4211297790223,1.6268375011150382,92.92287594105082
102.11413294288806,1.3300843963821043,656.9254251244203,1.6563058504781665,29.196903777485435
7.672379182574176,1.4603038880698984,190.79643882063425,0.9034637611916464,12.234694058641976
40.61885293859271,1.3782979073566983,511.19247185239954,1.4255073239352376,17.662949867936845
43.499209001523965,1.381149455744734,293.4121780869094,1.4085837878860674,14.708007280528609
40.37392187256069,1.40468063341829,453.5435192025201,1.5279351080328214,11.326538456238977
44.28914625270261,1.3763807016766307,400.7882145742687,1.4373737336229464,14.282575231481482
61.55092048177571,1.3687554198649263,747.4072000310747,1.5972006355836033,18.311295254629627
46.48489278235912,1.3765717728947915,552.0126906903616,1.4476972000721182,15.625234030533507
50.92682341246123,1.390749825134202,468.5849370495194,1.587918939643655,13.8298079634951
44.75399952043602,1.3742161332331386,277.55792233579353,1.4619408248641192,15.644942396890588
117.96288898740896,1.3146732368501295,795.1657405903982,1.4139267748232651,51.419652654649326
134.88278565947445,1.3091922873489823,1224.4521747265885,1.7318982703184962,39.34242445128078
77.72950102956584,1.3407837556286488,539.3788864181073,1.570687225361684,20.88684473765185
39.28653162258295,1.3759663893232532,463.12050087205216,1.4438592896114553,20.63131522390576
46.03844175594839,1.3689271258945552,748.9669516095107,1.4593302073613053,19.831266747334457
136.77941890544443,1.308665518173841,1067.0496585990202,1.6486939607659328,64.24865513392858
77.8386293391825,1.340560497217457,546.443340385939,1.5462970173430013,22.848575424382716
46.54429086395787,1.3760274030777686,316.5456376256117,1.464324893093082,13.352769929108796
64.16381084051658,1.354109263002259,482.1506428360185,1.5849597969991231,18.34499884259259
116.7338110830947,1.3144279409263928,789.324446865812,1.5184410270777309,49.06055452674897
79.13453180121043,1.3433262339792005,480.6772317768037,1.5354147882926568,24.655987128579664
114.3808072082687,1.3240587409421656,885.68363390884,1.5989889436094658,40.663926279042705
45.73274066914623,1.371940140652566,528.3421706777436,1.449666785056424,13.787324263136238
41.23324185606035,1.393498329999532,462.3523469184942,1.520100673768842,12.519813901545348
116.82492327855002,1.320323400499576,969.3824678121492,1.5993768016621557,42.92977775551993
86.94709128826182,1.3239806158598877,976.346692760418,1.4984849177084671,24.47110005323125
40.69666227221903,1.378708168989181,232.8678898555703,1.5191602820320882,11.57321030521262
169.27444459130197,1.287393518555604,944.6094695417742,1.5796326527149944,93.3861066228132
30.61466866818048,1.3912237478167029,186.6528803139014,1.4168226606030698,11.755120456104253
28.55445963266175,1.4293311597736285,327.0918593756547,1.1162279530829329,11.559188528806583
41.8091305353696,1.382020319012513,476.95223637623536,1.5251751824805369,12.769489845127866
45.09611104982697,1.3870911897018312,391.7449530147268,1.494970330934946,11.41645606774241
45.298805912553455,1.387262314942581,413.8698621210517,1.521540045293731,10.862355186287475
42.31710911983632,1.3810137579140276,476.2819195180308,1.5056178834543816,11.124960133744857
52.81275354724119,1.381645843976648,413.32376417082384,1.4622951166307756,14.983581934799382
45.39831754533069,1.3830091806115314,418.9006551836574,1.5032643549752096,10.785525804249763
41.70594143027899,1.3820008894387354,524.144755828593,1.5004150493849326,11.34145020392416
56.30926276761172,1.373324383288861,454.76720040745175,1.4284544365637442,17.68638333646146
38.43265905592553,1.3852982511910563,442.9009236203721,1.4932351470378191,14.280912723259322
44.132735135993535,1.3806873340451449,416.8011655550131,1.46304748760765,11.32397218714927
40.79332193252722,1.39008761674089,525.6067685552518,1.5116482712664443,12.217446342646175
43.221225574423976,1.3803897837794428,405.3947475269089,1.4315425041238046,10.869032503858024
38.44703586905629,1.3802336314287986,385.9913252226519,1.4127646408328365,10.926247588734569
79.51371622194551,1.34294156702275,462.6701968296893,1.4502968099488844,26.896785375118707
52.129024891943025,1.3490179316810154,783.2873206208778,1.2878494842649648,22.312043803251843
74.40484389572869,1.3375771394363554,520.9832869026574,1.5946267666365364,26.142080623224476
39.23847496415419,1.4055236584400428,433.80431880348505,1.4451242528403616,10.915108748070988
28.89704113572625,1.4085133961395062,315.21623245988224,1.308334302574338,12.042170001102294
79.2182812363642,1.3461811115782412,448.1525505909119,1.443615068104649,25.583695733937116
91.87557478167864,1.329518536046042,770.3893701392459,1.5406641965097347,37.576392222861074
45.378590931015665,1.391973027591442,494.21223870817926,1.5368536893057274,13.122636931508715
39.44031079626548,1.3942956162535465,375.9262268561176,1.523108808152061,17.263892133136924
39.5526054052826,1.4088297127987004,282.59633697537197,1.46242078630772,11.95913806406982
41.254863100850166,1.4107170334803458,416.64383454526217,1.4249113660604131,11.24752973894033
38.87688013276438,1.4051189829309918,444.8094102535056,1.421606970001116,12.032320163439955
22.60370632449707,1.402245654982306,153.18576332234656,1.4114112064742308,15.900577050247598
85.21975746980563,1.351091487503921,437.9454820530861,1.5033794504468465,24.62222537335107
55.29624765891967,1.3830374388444038,747.2998888878672,1.603537753282787,14.5424433285644
39.104278359279256,1.4047703254824973,328.20519458614405,1.4523801630679722,13.114639981995886
102.04701528287036,1.3300011844849702,440.3737494203923,1.584390219600188,30.220596867409785
29.751029608772367,1.4127910022965111,409.95663287245605,1.405790239505221,11.527804676783264
31.930669968981523,1.3873844961149555,433.1109636639841,1.3995231924732987,17.789152440200617
116.0661287051922,1.314573865967245,1041.9792806983478,1.7004696349516228,40.74241503394499
106.29889980661969,1.319161363679858,404.414001615905,1.5194161875398142,31.511729710297416
29.647853385376983,1.4104594397081307,357.5753560432334,1.3198735507961696,11.413286072530864
41.26389352256595,1.4144631420119498,485.6288431991248,1.4655234054108413,10.63878804441015
139.86674759723965,1.3099528718377502,960.0475289600956,1.687692401984274,40.93021604938271
76.4086440150747,1.3360621483688262,529.5849446099709,1.4404256808000084,25.826708666526375
42.449017219725576,1.4058833889806337,479.7035780663044,1.4596700286203574,11.85844184027778
68.81137211320576,1.3375529524504297,538.7410967329536,1.5542600702089728,22.941147533275466
24.68190703757617,1.4228612746066542,336.5403409579344,1.207594896799344,11.6911115244709
123.57784226187084,1.3053097611606004,893.9236657057693,1.6478003767742144,36.39086958269033
25.40593244523113,1.4067667961640886,332.74575171608774,1.3136198161798396,12.665687371399176
136.40415768322862,1.2895301157318602,750.7246299664962,1.6795578051503506,50.087935742455414
46.829483302941064,1.3924909536161778,472.57834512782654,1.557365880894858,11.78427533436214
40.47042976637983,1.3938677317403425,553.4058930046268,1.5131904645265355,12.039216700424385
121.06092390494793,1.3038133624914632,956.6917956040448,1.6354718280306386,36.469177138447975
43.224398456683375,1.4123382220064764,484.87969910422663,1.5222642715156025,11.128605843423552
37.94226925503761,1.407950445406072,293.5879777254631,1.408925527001268,16.25480861441799
82.23573555904152,1.326812806471123,772.8103509022044,1.5779436323048128,24.30508191708816
42.41386294820462,1.4008133891705712,476.8673124939569,1.4981261055401958,11.66983784239969
82.73487591804707,1.3390105190005182,604.7952978877763,1.4767215953005275,28.82435814608381
42.04262932149164,1.3964758452630406,446.0674564061952,1.4821246609947498,14.402867193890808
32.303638061336486,1.4138482884666672,358.56866077451167,1.3730214980164577,13.925752194251542
42.75619083940797,1.3805933642884634,444.4444444444444,1.5270480717282813,11.34539131393298
48.87881026831547,1.388471689964572,428.8736674746192,1.6818328089518433,12.107473797582305
43.275723852281445,1.4075478223893032,429.6296296296296,1.5277315069166129,10.866511574074073
48.10690104224726,1.386848548751185,439.8119928730638,1.6485598758570037,13.117085190007716
77.16347122395308,1.349372327408481,718.2225569851778,1.587772696099992,26.4959334276406
42.37961032105424,1.382184196453243,411.90075346517193,1.5462822349238867,11.694323467813051
88.38390635836925,1.3316012884924109,856.1987371387552,1.5562848191464922,29.77705105086916
98.019665201442,1.3342762435001017,933.1290044030278,1.645840463728613,29.515365644223895
75.21785238796399,1.3341326150955444,773.6505574974649,1.5803741409536596,26.780884823124406
56.43217951179857,1.373976594171865,845.5960802670037,1.6915689155181663,13.785728982304
42.21022912822392,1.3919004545080178,397.077280178388,1.4479108742510196,12.81044174382716
50.385299194191866,1.3866718968600804,470.45694996615873,1.6643370052286215,15.872684220679014
48.034256816500246,1.387176977601768,461.5404139389222,1.6480819093770438,13.32364864969136
36.42867249148234,1.3887393171858355,350.0871224650811,1.523885368025697,18.0668524430008
43.08375535359745,1.3762973016072668,367.72912909585057,1.508377461262729,19.369401225382127
73.65700670088674,1.3524659968808066,456.8683586076496,1.5398678455599577,23.05727551964816
43.39868445920163,1.3838593800165149,355.7919306940211,1.523486182085468,11.913717656893004
42.72016472712403,1.3786308051751237,377.5491467299256,1.5096983629515692,11.87399767503249
89.50440809787132,1.3374514183222554,793.4045796997452,1.6417780757039284,25.167124699931417
53.87167788812185,1.369392924935891,737.6195910662855,1.5459166815385132,17.69503548733894
80.95235482411503,1.3244830346636205,480.3215004655965,1.5166368406345545,37.908696173370906
38.03031422986826,1.41222687971761,437.85434392077906,1.4670073339201797,12.720634130658436
72.61078171260742,1.355158134322067,910.6431885714086,1.5634391728719852,22.8532990933642
59.21103347044787,1.3681034243022143,573.1658641600434,1.5457262711718367,18.38250960704752
50.529698192147784,1.3595825470842082,418.1854788909157,1.526191104393494,13.234493052076342
71.64364049080413,1.357083799145664,876.517685178335,1.5638959600557123,20.318561702756337
40.16197534904048,1.389909258516412,406.0251313081182,1.5193604308643192,14.00199329044704
62.291130788028504,1.3443905672520524,453.3333333333333,1.526361405433037,18.79000257201646
64.2652131053797,1.345945513208192,425.6896877524851,1.537182565188583,19.905269633058985
103.61700165510533,1.3210897368033896,770.718883892953,1.594012116606386,37.49070803771343
115.17365443585452,1.3226687724461843,925.7135611425022,1.618010013414422,33.8231054191354
66.84131267831816,1.3471782043517355,374.8910865503048,1.5461868666671574,18.77406153549383
30.383329150353045,1.4068235511532292,222.3256298391164,1.4110133722450575,12.845714457947532
36.90281506385587,1.4155544109675378,734.3413559374945,1.4580516319163757,11.225944940476188
72.73818116473026,1.3439642399218066,857.4479610493025,1.506547162710401,28.16865186801063
50.29358625409056,1.3861692412820676,261.32730563214193,1.5652809104601428,21.104480369962673
42.15409981927193,1.371299418153288,272.9825996158888,1.3251812283938018,13.96401122616292
38.86718006833823,1.3866705609903975,463.5026387165263,1.491965303441331,13.274537012403036
91.68998852387412,1.3308726930427697,710.2906475330379,1.587640980469283,27.322862811561514
33.08919702958347,1.4001552690433068,191.97794183557556,1.392622962539041,12.3422248631709
42.72488355066691,1.3923046279121276,187.2998846596095,1.3997239461175788,16.03633305469822
42.09203436069926,1.3718717193524668,252.0364315022024,1.2668655516118803,15.913868709906804
37.268237302851304,1.4032962929540744,138.64460850224225,1.4625383932059934,10.925135352366256
88.48814725929164,1.3291433154352237,421.9307891777821,1.4431563197031556,30.39546120498836
37.2312208390034,1.4030387512248854,140.65346295850173,1.4982036477352194,11.86288614288308
137.53556445659655,1.2957007317027958,1212.5690296232872,1.7309508955074695,42.05674555324883
103.22795576062616,1.314939267178875,398.0542717372735,1.409814993132778,37.02828066490578
24.140761553265307,1.4098286785826188,162.98211695035272,1.2644220389609733,13.69204475308642
38.49117795382712,1.4116795274180154,138.97396471138498,1.472103544265868,12.80668861338997
111.70495734809404,1.326162378889868,781.3608963973619,1.580452880277341,44.694367685553
39.81095803700671,1.3861268203824018,486.11064680317435,1.4732505197364063,14.91994168155538
65.11823125737487,1.3664580628540657,606.7261711410148,1.5266139433056265,17.19229150064953
26.331028114221255,1.418994221777434,142.68465836626422,1.136116799898792,12.547690145502646
44.07532306378044,1.394329096928577,172.69084131670772,1.4952364630351904,13.203272828845408
53.90540422256577,1.369868637743672,936.5372652479653,1.4307288095032924,18.14135153853532
33.977789597904355,1.3816772188488158,212.8498005319644,1.405943819972419,12.86716266322565
57.74555788968157,1.3539245551289638,445.90047615711944,1.518982784775249,19.553174599937034
80.61599422333776,1.3395636562319186,512.0285323901169,1.4162611532420777,26.560081080640163
91.5825223922713,1.332306494271103,537.3043635274247,1.558054068442536,31.873707900019088
59.62037011445471,1.3661856475051062,494.65273761567346,1.438764120714494,20.18046509643115
75.15918909683613,1.3624427410905309,568.7977101999238,1.4675968349015065,23.71896146066881
73.27326864849381,1.3518905993152834,763.5193871605185,1.403431511303667,21.22358512019002
50.58819874549283,1.3829607821022796,483.414957052807,1.483597098070106,11.867859221727842
105.64890851005684,1.3240498385614776,1229.5649331678194,1.6275843958054836,30.193345905075347
90.88106445943312,1.332858302619209,1117.918826677604,1.6297905410376077,29.668188820390466
32.59053461316219,1.403030833509565,444.1058851876206,1.4414946118983545,15.516026609653636
85.01376493399313,1.329122895398038,599.7145640555474,1.520619021025903,29.789543861537133
30.19883811103946,1.3871861348501089,424.62615027181073,1.302428814301919,13.852476325757577
31.14777886064017,1.405358786944192,342.8207522776577,1.4095130592835592,11.61123823302469
31.49536796201864,1.3881027333509115,425.9843903568555,1.3350763397730765,15.4279743441358
77.11251553469069,1.3331985994743842,440.742205472711,1.6028077312384883,25.613440670675462
59.80528519504072,1.3740087400565917,506.6302166202088,1.450447177827333,22.601976152898917
41.083652811562494,1.3761678436207865,347.69399844091345,1.3880921367242174,13.194963239439618
41.22136728894235,1.4013911521290336,277.37819404821704,1.461540451183727,11.887339784807958
68.80535826611663,1.354209633504366,292.04771739507544,1.4900245809103945,23.1369339972801
30.812355916543687,1.4133317228066824,278.67902070248726,1.2885173855075625,13.054117597415123
188.67374514961816,1.2890619214517682,932.2593987437284,1.690723552761557,95.45094046168865
96.28886629203596,1.331702328529834,785.849569864649,1.6169578101781186,27.729367771736342
40.47031570957667,1.4003654049970322,313.57916821344935,1.3263700505018734,11.117662037037036
37.32085652567289,1.4212485160097137,334.6535935145704,1.4551604313251871,11.728181745113169
85.20017113845327,1.3361369252069586,551.3023027429305,1.6121825441965028,22.44610636414757
38.41059485601026,1.4013990021829066,317.6925468801471,1.4446131971159497,11.33065414951989
40.307752973270645,1.3966013087042652,345.209519014431,1.3123985022942273,12.564195750237417
47.92856173928706,1.380665915220512,502.2771299890396,1.5545646218505125,16.87803358239771
40.755742655809485,1.3782349941195209,533.5737717164217,1.4718844013509436,11.922584608624827
40.02636487964864,1.4105585169042558,393.18151703242495,1.3373606552341704,12.204313057270234
36.45179229851488,1.4023596702232932,456.3319753870557,1.324577606531627,12.183822177211937
40.79568660917659,1.3695300895566218,353.69677396515067,1.4801209665964858,12.679476805465734
72.83733405240066,1.3613181507306051,562.9373727328664,1.5662944796415923,19.748473561252492
72.58879000665816,1.3439944388018426,419.01789872342624,1.6202056491668566,30.35854588228627
34.0886621553774,1.40722969247019,342.53403302190884,1.4150080038494142,12.45397231867284
32.367294190323015,1.4102293367470506,328.7020856535074,1.4027210180929457,11.951432291666666
91.84273857922028,1.3300622290335151,824.1904732818931,1.6006083418611992,28.59643438139276
30.576962718243657,1.4093110657620525,122.72713826069214,1.319290402116045,11.402744381751544
57.58837096661717,1.3628770484529065,431.9538754414348,1.4715961172128682,18.472003755528117
41.58021112696478,1.3740133635654737,316.5093148601971,1.35985567665131,15.362384074566588
34.98959907365391,1.3783400464242996,295.7073399430803,1.316641288949865,15.306847736625516
42.832914505594054,1.3715178225014408,287.50636888098114,1.5475364262241218,13.053538124706876
43.905581209030565,1.3919531216170524,391.60282320219954,1.5889923338178704,13.141398083847736
71.14471785160855,1.349278335450183,401.50477327814946,1.6806182905943352,18.962575311856995
66.46044464856185,1.3521433814614627,548.7337981320152,1.5658745606642142,20.281259388375354
41.25607391112769,1.3718728778503575,310.55526451951886,1.3656371314434526,15.589606712962963
28.824046704295608,1.4074449089735086,100.0,1.278164376745517,11.220313464506171
104.00949680272304,1.3094852759221227,709.9453205818668,1.5717753245178914,40.6835741304896
43.7141254085306,1.375834228144401,420.8636812709853,1.5227175543914877,13.17803074548908
95.1222128820993,1.3183164043012594,674.4346040465745,1.5988665429446338,31.277679619266458
84.52673746767833,1.343349733829187,638.4189082467766,1.549041622268797,27.0841371862689
72.64913684708264,1.3560760239725798,297.0297741747613,1.5155556097575216,20.272041473765434
23.904163039194337,1.400020314989549,218.64460850224225,1.3872997280148305,15.354017007458843
105.9368044725402,1.3163886239367677,680.594084750906,1.5662903500106191,35.21395729146822
44.95444804232744,1.3652545573268948,383.897962276879,1.4042913069732472,22.176987856646488
23.509464622475996,1.4276441710020331,240.308887939644,1.4254886228343866,12.113893117877492
68.94373840020253,1.3437317161804296,389.2239766474261,1.4459719234874666,21.561364803576968
62.9528754335136,1.3684653349991938,533.1900989820351,1.493286937363284,18.489180530315934
49.30793704471222,1.3890458261891232,249.02355836817804,1.5257913511422945,12.566814580456912
49.74665409784881,1.3836772479146453,374.89780436254546,1.5573000466126308,14.56104326774691
43.90878648863266,1.392869333103837,378.1606184881539,1.5532522345619175,10.641836805555556
73.39499383347538,1.3475713084360874,478.6211459712327,1.5124530777918863,24.23172590232559
107.45862787203316,1.3078307133985243,558.8842432664844,1.535585745875528,42.04035344892638
41.93299587749125,1.3764007870552295,439.007149993536,1.554753814544516,15.89881505058299
41.76922181951114,1.3843591949726697,373.0695593223434,1.5136327709724655,11.302199194637346
119.29591220288331,1.3190162313495524,776.0751057688831,1.6633523293120782,38.140017057783346
41.44802494605141,1.397097633107972,329.7386076261681,1.5280630864100242,11.158187603175826
33.987119743896635,1.431961800686089,413.3333333333333,1.4023597927221043,10.749162969393003
86.20088430370531,1.3279500561176325,477.70696458100264,1.472420071644358,39.922857453618185
39.83547716290231,1.4000782117767585,452.52066412094206,1.5255080814255664,11.772627910278684
69.69116535965617,1.3430916367985577,364.0389600484395,1.5408687980984168,23.57190623518523
60.30282902935687,1.3620672588414937,397.5980166314155,1.4770620955633498,16.69402614553656
126.242144753374,1.3086034792128882,803.3353788591419,1.6744691271193413,46.52043880583781
32.91445838944309,1.4070661921501637,376.86059432252296,1.395659958261921,11.02410815329218
85.14279021801826,1.3401366646307016,556.9390610733011,1.5607095663173547,28.20601534942681
59.074112457817094,1.35161309309282,474.9102233355308,1.5739176239759982,21.745944106867285
33.765973783889315,1.4070516334557883,402.5194721351354,1.4013347556236546,10.694338469328704
68.06960521758643,1.3512747245706809,379.978717432621,1.4554335077926233,22.29213727535044
34.95914252267202,1.3991545590479575,386.34474917520606,1.4294121689840569,11.954184101970558
39.70115185839069,1.4019068465058282,450.57911973350247,1.520701087982384,11.8590521717464
67.73900130505272,1.3397250874997229,402.3243050908495,1.6066926029344013,24.423961004273504
64.67527797794497,1.343665140472222,478.8955038835191,1.625594425249076,21.86851157447962
40.37867452037268,1.3926213932631435,454.9227742321125,1.534728493385949,10.75383937757202
42.1250815592617,1.391973061285959,460.194001620928,1.5378549849871983,12.395165528599556
40.30273118807388,1.393279655234758,319.4709124903166,1.499478935318582,12.129923973905855
41.58327175786638,1.397592159351491,300.6414848003672,1.5314724299104312,12.237655285493826
33.719260500096034,1.3811479872089032,220.9451223620933,1.3747164895838069,13.42785445601852
45.97676412443218,1.370371751454228,274.52606709709556,1.3672848803422266,20.869505098104053
43.3362843897833,1.393804081734267,230.1678783687118,1.460899021246086,13.274071214521392
45.30788413271171,1.3739267402557929,310.92622590058534,1.410030390623587,17.678520171957672
42.27035339275312,1.387754086565592,271.4779713962653,1.5173220062576127,12.309862033682236
32.67663297206682,1.4003992324549734,284.60307686437477,1.4435014433361584,12.44360162680041
33.30140867530013,1.3894582777088766,323.86887708889424,1.4666627080516792,20.88967820566779
32.34461762729046,1.3610580070746887,325.5086327386829,1.3352634573057904,20.052088734567903
185.08088220219432,1.2948825854106645,1153.5078103628332,1.6558722721183845,79.01925319686885
31.99602583713404,1.3960364934876668,286.4634656532271,1.5492405306768062,11.701960117669753
12.395167686444204,1.3983237488101383,209.5238095238095,1.315375199122172,12.042446349344136
32.15754265429958,1.4060700275422475,309.3670870261625,1.5263526002274237,10.874386413323045
35.319432312919375,1.3856647515262377,160.0,1.5071146183282558,11.881097125771603
35.28823660851699,1.3890334221439742,149.69039949999532,1.433618246756636,10.732864583333336
35.2640387804824,1.3862112928623205,141.75182074292567,1.4245707643894303,12.308457754629629
35.2786707285418,1.3858804232575346,140.42023755498684,1.422823338336911,12.027454728491511
33.49975152499687,1.4000178743878935,278.1602779114622,1.4725491701033129,11.6572664133736
35.25013079173721,1.3860004666375183,141.45697383508036,1.326334343596165,12.316708890603566
32.53574486103046,1.4204839951256814,168.08676800641447,1.2936904520034482,12.03797248746142
34.826403873524505,1.3901536660905245,131.77132666701053,1.3814836926449685,11.945162465706447
39.81642781624035,1.3601137262753074,353.5100194685473,1.3926406737961257,18.555164703612924
91.67215397379968,1.3303001102061032,527.8226305058058,1.6239642114962038,29.061267392161223
46.77107973557395,1.3892092934340954,160.04749535113672,1.459707992531942,14.9183493611565
35.97971175316022,1.3884690971647866,144.57466559522808,1.25262986027794,11.491338011188272
35.962620366415294,1.3896190676892364,123.7644735740694,1.281738456965311,12.454394675925926
35.2296160223858,1.3902625011714342,136.48090636666385,1.3075170378327632,11.37762670103816
36.11791834299219,1.387565306258984,141.7725447503473,1.432025796316292,12.682299587308268
37.39111048033976,1.3892591521356492,140.82465440908962,1.3586451521089593,11.547525077160492
35.96822757261027,1.3883813132791352,147.56836610416138,1.5035757772875848,11.578354659636489
46.7769217501039,1.3890835843643463,168.01898050140318,1.473691717018463,14.90415380658436
35.81642959005011,1.3894986373543323,164.47539182555778,1.3483126172155653,11.506355636390358
184.866152056156,1.2883743869020907,1335.161539359147,1.7510329916888188,83.26005504319774
35.61555153128723,1.3893970662469233,190.1644849288327,1.3230922865720305,11.940423900462964
35.72747167562773,1.3894164417562835,209.91221987003425,1.312723321510021,11.653888012065096
167.49687754109783,1.2967426223995528,1157.4109526634138,1.6487180728834263,54.263421557762136
57.78592073521782,1.363673946563302,521.2168978184611,1.423627024380144,19.14368637242681
251.52113379795532,1.2758621648359338,1930.0687420748536,1.7550109986035465,118.90045052345975
138.13400366025238,1.3134564122725585,1219.362197551375,1.6124614686443095,54.795390524866065
152.78358766020224,1.3045509679932688,1189.259253488295,1.6665112542983955,60.678050828246505
46.69172963990257,1.37996219844442,717.073841901982,1.4844297773759352,15.128460294494769
52.0553037986358,1.3639268538572091,1217.206024972673,1.454676108328047,20.896552533436218
139.87948695190187,1.3109874543809312,1234.315617042484,1.635726762107388,60.34061171960012
36.01787653281076,1.3918065002806106,355.83159499183665,1.2261682729384986,11.127940365961198
61.57545963418562,1.3801661400556071,288.06977406681716,1.450927808921877,16.771029050482475
55.164716016004064,1.3647498218281175,1243.9312083628172,1.4674107055878725,20.884112332818933
35.212890811579605,1.395623917620771,342.2243685612699,1.2713890908946524,11.435623032435068
56.16305783404054,1.358505473884266,1430.8267530689236,1.4934624264562089,25.079894693462403
135.71496289777696,1.2968245130724254,687.921690367813,1.6386415733912203,42.74146680969856
38.54771478783224,1.4195748908776322,457.1348402636772,1.4898608335508492,10.59076485339506
99.14284870043878,1.312046519407837,856.1009369177694,1.6167956816610294,34.800428779986255
38.75094458450677,1.3945433166848045,446.1103566965123,1.4791721120633858,11.60325038580247
99.12391655999262,1.3372124747573535,768.6038847736156,1.6717079100221426,26.269506412550133
40.02446947266041,1.393969393664962,401.1035004039762,1.5090145940846884,11.55267489711934
53.60172260570265,1.373284562598435,204.60402509100217,1.517860926473077,16.051119971429642
24.17479632019556,1.4192894823627538,184.5306324194626,1.361883436042009,12.363706211419752
82.40556913294282,1.3460973871339244,232.24288518563833,1.421733020854929,23.83100125631037
46.62382670426492,1.391520078749549,202.95668235794147,1.5584225907932854,13.912235242303955
68.61500888336232,1.3512564379889511,820.9855912261004,1.4678899681007682,23.264392243337433
123.82394255425665,1.316451149133891,1306.9851463333148,1.6678092306279346,35.48951712304424
55.10562310806089,1.3689100768885365,504.79373686436446,1.564913503212798,15.151980358367176
37.15662984704781,1.3770909464957788,272.52225688580955,1.4851354791239806,19.12751404320987
89.3683197530666,1.3298367320245563,698.1117298355794,1.5445092172751638,28.949034756892193
59.431206046645976,1.3736307162198451,416.91242530190806,1.5606425127887933,17.938682674104047
58.58556306310896,1.362815498945293,492.9733634853419,1.567199608999727,15.78967472860792
60.55667886061944,1.346497935843845,359.4335501510309,1.481398673126111,16.433831288580247
38.75744857234971,1.396325724257185,245.12537065838433,1.357725976684866,11.144010655540091
33.44613480154113,1.3839438050437167,335.60116433944347,1.437307448807357,11.059102044753088
75.82504967892578,1.3419074425328343,279.69319253842343,1.537218827613341,22.621868939446287
76.40864238343285,1.3519997607372292,506.0619957907919,1.4928003844933304,24.642192552379047
96.6471438720678,1.3370517243530629,650.7789151681576,1.5939624147001183,31.09571335629095
42.27918446980175,1.3963250433016434,389.7958759452223,1.4539538064411022,15.276556616512346
112.1655006909864,1.3134236554136889,945.6031327747312,1.660847455829531,34.80347237453975
37.337799219171146,1.384235518440421,162.06644354748784,1.4202773793886678,11.44238884066358
38.73114546243475,1.3784332371730257,334.9772893563243,1.4648887136425874,12.33827989969136
37.90100950954719,1.4019129078016903,377.9640947264992,1.305878831445075,12.3616099215535
36.75943104164038,1.3835033885910302,410.74462817237094,1.395529086797712,13.784537853180002
35.872467474503644,1.3750210409516388,323.2828166831376,1.4303715446153151,11.23555780606996
36.88420011859253,1.384175475700116,173.77012337114837,1.3575053908223114,11.358932773919753
43.16022730168682,1.3933618576556723,395.9682407044315,1.3076314719442916,13.35133317010921
36.961821631139614,1.3766519537223516,346.9125015467827,1.3974213530754684,12.425201857363314
38.08353320107539,1.3764931348854943,303.56827392003584,1.4761277320746775,12.7814168595679
55.61557422094752,1.3619538156150637,298.0644144303996,1.425130729045407,30.277159529320983
37.176502449410805,1.3812593530183517,167.47711962568422,1.3038566649864758,11.426422325102882
62.02249339774058,1.371514078698447,674.0614537336851,1.523863472294584,14.994183556499774
57.85552509969826,1.3654533920696643,378.0612671830762,1.4927232676912772,18.440858189461164
202.8518844953495,1.286082145100149,1248.5744717143125,1.6740755319596394,86.59802859533082
41.25137490353079,1.4029526913150805,365.99398662476494,1.4706503542801452,11.573873089359202
37.04473698219856,1.3768887901453646,342.72030041495236,1.4228648015369332,12.263188914609056
51.002081165469406,1.3813651584933015,560.990944332894,1.6353365919599083,11.656106643924623
36.40682101416395,1.3837593435289677,379.7086522195478,1.3459216080094552,10.875330182613167
38.07194793325943,1.375562837115179,386.62276836411735,1.37869992827361,16.364668519896384
45.943278437441066,1.3830220935690396,253.03281766271976,1.6052210026666214,12.042382778329229
71.97207475754756,1.3410583829075742,698.8341702386638,1.6023083378542344,23.109038313359
36.552544920272,1.3811214826619436,376.54492990500694,1.4879296985496444,11.39510050154321
50.5744518707927,1.3835165922373012,442.2070008079525,1.6562984565357306,10.475868377057612
58.59851241947939,1.3544786246854144,675.7036426988301,1.6201601304715665,20.360042468243627
59.84750010553991,1.3703746538379786,341.9483215813629,1.4794272481849815,17.84522678413502
52.384890428931165,1.3782698663249324,420.1575740896629,1.6819746909001487,13.299372567767042
54.14863669963579,1.3775550741936122,298.036983014547,1.4744513571559492,13.12652928291426
36.42140704374959,1.3816472004622042,376.83670116495057,1.413889270382126,12.409138857250117
59.55775849155524,1.3661869747689324,328.25190325864713,1.2561890397186222,17.23960013459949
64.21956739643457,1.3698526005919505,274.35862014085706,1.471259005010498,16.618827249477906
38.10202039121113,1.390677595447537,291.1507692160937,1.425322183115139,11.112274627057614
51.29348310747766,1.354196192846618,359.8700020030235,1.5691354862988234,30.445488843878596
62.44422775743574,1.3656613636867516,340.14153787206095,1.2544850482568597,17.316643459609477
51.59684852252133,1.3826545144976834,416.6539821547752,1.6573799152300812,11.304082220559245
50.44558548406868,1.3890402458565416,528.0942878945801,1.5297694589056705,12.474624180169751
58.12319989153468,1.3584106328456431,418.7791033577813,1.4478460025474378,17.299578963572827
77.1731635938301,1.335587294447188,357.40209739801463,1.53178523229181,22.07530648331864
146.6927724857452,1.3038792404392312,919.5208389620252,1.6757003377884243,46.52876132247125
59.810222275415065,1.360608305060906,537.7476258236818,1.453939794365785,19.663521972072875
42.12211135846331,1.372207125440907,370.22557345752375,1.4218941098106512,17.135551927175193
41.00357154927716,1.4122373701634705,399.09208014313776,1.532250693418577,11.281859642094018
50.821170508430974,1.382164445803138,338.2308918259612,1.4654074417546623,14.306847772794496
26.118944075152843,1.3918699402246828,110.91250351361072,1.3147479978611971,16.847549791907365
117.10250834075748,1.326032033241489,909.2879044383026,1.6150241672527228,39.91507098219469
47.9551981164736,1.384043898696988,382.6623089493012,1.576690687230898,11.655301347897376
41.44735890761723,1.418695480137829,391.0395068391951,1.533763807512657,12.112096204501915
47.260852505486845,1.3907399489440098,376.0258802134805,1.5240992547137524,12.076408714849109
134.93489797391567,1.2916383794622928,514.3309223592671,1.6187006919097704,56.30316967075244
50.10401816157223,1.3830255055342615,297.25743778454097,1.4159331472840782,13.959914575012103
52.93660760250206,1.356990358156401,443.73115762908265,1.5626171662517512,17.218674038123037
49.03222603478933,1.3776748963774406,254.44810374494864,1.3849033910113495,16.13988228821291
70.46171320435708,1.349510864524107,273.04826263248987,1.524272181187035,20.265458673814873
36.244083552913075,1.4009732931174297,183.95588367115116,1.2975926436623482,10.691094232253086
40.59131421544022,1.4233157517088573,221.7655551027242,1.527462662683861,12.528593508873456
25.00476807744471,1.3626022593050653,121.16583941525508,1.3946072374700598,20.099132147498377
25.273885289481772,1.3825206843745887,142.11696935686498,1.3157961578257888,24.986339802414022
42.58309248786812,1.3936703553298184,211.92547115646516,1.5163596791614906,11.767422067901231
80.2091110246447,1.3462246269672988,413.76630603306063,1.5328592395136345,25.51881762778782
40.1270658179097,1.3943525085609805,247.2791291565788,1.4765116571569574,12.06434599708358
64.21606121752686,1.3500929812792923,208.75997048527617,1.4025327834529095,26.264266605809276
38.48563561064722,1.4033177169700048,257.13844381048057,1.4362747642077611,13.4687014531893
96.25195884966068,1.3225956089128854,455.3301896217298,1.4469882752445116,35.861123167438265
94.21511440057314,1.3339813285004911,456.3391876720887,1.3662829414091595,32.620434188528804
35.991961201591,1.4091834717101943,224.48349115782932,1.4254772748900602,12.134397665895062
32.18449119123367,1.379102585120377,201.95162811424535,1.4195016326803904,13.611227000237417
34.81691308136388,1.3852812233045106,198.46904824231075,1.3910422533068043,14.513145254629627
36.71939724644475,1.4019129078016903,167.6865496338863,1.4064228276553046,10.802665895061727
36.45517284567263,1.401698385874159,158.4229868111234,1.4285644573939535,11.15561451099537
35.48227377282074,1.3877008752002506,295.82052903247984,1.309825484883292,15.690480324074072
37.316954952067235,1.3940012350897852,286.77139695309666,1.4863616976989955,13.391483121141974
37.30553100112546,1.4075579240994986,256.69132990155066,1.4081098020122864,11.067813464506171
37.3703048674203,1.3928743927864715,313.5626545786778,1.4756076125086046,12.438556262860082
36.95336788725489,1.4010768579718005,180.444054340355,1.4209723535100438,11.468072641093476
41.45587193723535,1.400284561165973,258.98676966323853,1.4328388071484393,11.950616760361548
25.583900365711397,1.4196973398626074,231.13366590784548,1.4167030865999106,11.201046328446502
52.36704859607811,1.381490719095558,319.96532955098047,1.5744442450090943,15.46884522937206
43.52274313740926,1.4026647041687272,255.49703546891175,1.4529300253352169,11.206825327932096
43.767845744759455,1.3939500357505916,258.1121320409554,1.470165598832908,12.920149356671851
46.4888850267254,1.388389697345247,436.5868601218801,1.50097363388955,11.179712469993142
155.3426465123461,1.2987943920910556,938.7838718265012,1.6642120421468585,53.3052074881034
71.23927360497598,1.3594561429353142,391.6476398988295,1.5185891110071066,18.911998732363315
29.08041161749166,1.4325282720262436,105.62066613094738,1.3123721536927502,12.52987506430041
39.04607699068409,1.4174386613968393,304.2933726148217,1.4152673795260264,11.426151873946177
90.07186549708862,1.3432538820947624,716.2997442793439,1.59343295245476,28.44470685414538
48.47925661195247,1.377295525270789,366.6666666666666,1.5134388123374265,11.458995673500882
29.439328573073738,1.4343333149177142,114.45070088606413,1.2855397558821553,10.864762042548502
74.3900052129168,1.346660795160277,512.6231761369273,1.599567070944927,20.974009220839037
46.474493697231864,1.37915251903779,368.181517032425,1.4929700032876083,10.956084747942388
56.70807146021207,1.373775481549664,394.415507557398,1.51917478771163,16.858071417828562
42.421662497247425,1.374502509310617,377.293116264377,1.4587333542316467,12.17782037983345
29.731085447970827,1.43450848591332,127.46817727777312,1.216425523989318,11.778271742724868
29.767131827655103,1.437860839099734,109.84832797080752,1.3490400975448753,11.445763199955907
36.78206053392225,1.4166102862885177,305.48215558848307,1.3555515272133385,11.149849715224017
72.35695980701152,1.3346367521856108,538.4535928470294,1.5625649300001914,24.009430662171997
80.52969146980003,1.3637686350153786,813.8772951559406,1.61723704298932,14.11084575449173
86.68834888371958,1.3245944524190645,609.9484245648742,1.681016047326782,22.984330825287195
79.35883736310544,1.334274082519156,519.9036455128191,1.6776770049650458,22.31942539494747
28.931082466702087,1.434843946857225,153.4728800004585,1.0895065795592012,11.03612792107584
100.92513526893651,1.3320206617749537,632.7185883819312,1.5636876754689015,27.550865759089
82.11937894898182,1.3348757050405442,623.7004089386618,1.6054257583427527,27.387532544305056
46.81081131014654,1.397799787810735,366.2898320905939,1.522716243718056,12.640890703494804
29.321047379809063,1.4254755430612882,177.77777777777777,1.217181237987088,11.96744714506173
29.210635592262445,1.43938862915631,175.49703546891172,1.2540776135974208,12.24188303755144
61.130265847883514,1.3632271523198307,583.7705218697496,1.4421826966980251,17.236229216734788
28.27615920247288,1.4369784523349634,193.31495152964632,1.2564476044074266,11.599366870590828
110.28860859397132,1.3192034639700894,899.7178671005662,1.602693072050489,35.121383885245834
68.40253978178761,1.3437448771531506,572.6793350036306,1.4979752476367176,25.785097502805833
53.81608490828201,1.3661124217888627,299.0905210393598,1.481978011709843,13.599566526938208
58.53121302910448,1.3760995554679514,415.3055838021951,1.5522822689188311,17.3116525009186
200.4630138782804,1.2927463479126406,1166.138428007425,1.6792614164407818,81.95461523363367
62.17174893928552,1.3464390824813388,1208.7718852237729,1.5690492928139153,18.780648858373898
53.27734980713795,1.363952706380097,351.94566534759423,1.5320447193473283,15.13295742160749
56.37813516946856,1.381693085635895,300.68661176551245,1.35536441119153,14.49236695012752
50.08053037716576,1.3585353683123331,374.4674169859088,1.476483463128348,21.72812032035894
52.40546223201204,1.3680636305177942,382.2364446714251,1.4836029743728114,15.04278816550926
49.82975143777773,1.3765002061095657,331.12192339048346,1.5078211718531866,13.40857987594967
40.193719440454174,1.3956569922526298,348.6470569385223,1.495864328739742,11.428870914001124
88.6143223752121,1.3364013260015324,590.6465855134296,1.5810147430914323,26.93038155149111
47.98655292079821,1.3701852606757647,537.9967936682926,1.473333750996697,14.853986157875047
44.21377240482285,1.397259108022862,342.7243015563417,1.5186553619612142,11.008238245368505
34.47333828609303,1.403165017069533,696.6965143720327,1.4097877275008477,11.086714677640604
33.149819152918,1.3823944121992056,280.24583488011604,1.4750035601489722,11.57781925154321
69.21430450301108,1.3650953596458175,316.06738189957815,1.5090642219886246,22.861290902962132
43.49789566019758,1.3949393578881908,316.74561503191853,1.5188764100708754,10.935856481481482
37.12565430303311,1.402307924283691,386.6421927521227,1.420600318794874,10.87387189874169
44.04296082792834,1.3973545594612786,322.7006102568155,1.5147761836381972,11.316051336459324
34.752908534086195,1.3898554551597213,268.7184270936277,1.5155859951259432,11.789903335048011
56.047104439401046,1.3343281040255552,447.58997089944,1.3802266281981463,29.707828348204725
36.08918636881786,1.4059400144121257,420.7953989417149,1.42181076923372,11.205878665123455
68.59750157110575,1.3640824150533608,335.54204454484494,1.4961519703008472,21.736579524995324
43.80925223208791,1.3955118356072584,294.7864045156046,1.5152758609218948,11.553231686192996
59.08377840184684,1.3702724161955444,379.47500312351264,1.4967231335403093,18.081658721289525
22.268477885744694,1.4110575272075023,270.5025640536456,1.238117084149062,12.329094466490302
37.81248796563219,1.3902897564591428,326.659403804391,1.4549086259477264,14.049256944444446
35.60759308194644,1.3845200620789837,462.9603073601513,1.4556767082925797,16.523998758722488
36.94713443440535,1.3978582870213418,306.66666666666663,1.3821665033295252,10.54295797968107
98.49389604996416,1.326994774657351,715.5443469318577,1.7065295228806567,31.781844877095107
36.28997104062849,1.3939478498811468,307.1728621514501,1.3631302488273909,12.07616589506173
76.49631596381757,1.3388848597093015,417.3771001112188,1.567004435175015,24.78533235047913
41.37806354814171,1.3845374160063693,375.15115377224333,1.5223050879085518,12.748438556363904
43.81593399051289,1.3939449604842211,293.5979775187868,1.5026211196977894,12.443244287047534
40.07026797615647,1.4010301602995376,284.32740427115675,1.4782442032669048,12.039043370627573
78.42226185218044,1.327326378258609,582.3493549671565,1.6024504260375831,24.609564246397216
41.754005840406016,1.386017429929966,376.95781228597315,1.5267715683208518,11.239050604423868
42.12471295491575,1.4040183621664788,366.66666666666663,1.5858422717738736,11.092577696330588
41.534799225589694,1.3905801926067984,376.6619976837752,1.5037468892811128,11.362717271090537
34.540170058486204,1.4027375910896,322.78381067995804,1.3844056432350982,11.423813399400936
23.548903284862057,1.4081270189327384,372.67056223195544,1.2766583031111165,13.027112991898148
34.003933658401955,1.4106880458482565,428.8736674746192,1.4121232939730468,10.826703317901234
40.14836200747124,1.40111015244156,189.8142396999972,1.4421287640029,10.70135497042181
100.80711992553464,1.330158088245544,915.5639200831604,1.7146577495274389,38.206527861086535
39.7661034151699,1.4003200506918194,195.72360817087616,1.4590382979626677,11.3581672239369
49.52033085048479,1.358026179092202,648.8672300536957,1.4555384002868446,12.58920739739468
40.205681899917515,1.3899539726092416,188.83036880224503,1.4825329767284383,11.444621387485972
37.62744500477105,1.3986607259316857,291.62456945817024,1.4933310217323776,10.856129023368606
34.59329009288556,1.4193690563343149,444.2888526322872,1.4222185212887262,10.646233040766464
37.49030076773178,1.3946243596545544,297.1241812112911,1.4638188828528649,10.748019989390432
38.32965533313347,1.394384302369086,276.1904761904762,1.4283756319764118,11.216995442708336
36.4067181116313,1.4515365657193522,294.97474167490213,1.461225416324283,10.732162744341563
39.023021836695065,1.3940066917111686,287.1288501941826,1.4752497528723434,11.47096251286008
62.22404031410331,1.3646707828630051,587.8901865079893,1.4861754036783026,18.6284388217256
37.828950375706285,1.404485825987955,285.7142857142857,1.4892672639481972,11.102070674189816
36.829422699826765,1.3863841410504112,223.5900625068629,1.5500303259941253,11.033989197530865
40.617070429309166,1.3975205999626568,199.1968143710288,1.457646757574593,11.2529587030607
106.4670536584197,1.3230677422002597,779.5451296789704,1.6176095959138908,33.969230619447714
51.8100125591864,1.3765161967663928,417.21121948495863,1.5351749549387952,14.225549580737804
77.49483469738944,1.317508160452813,704.6909698080567,1.3988853486273911,31.5449645655929
38.51695814232759,1.4057714338463565,269.40234723594807,1.4888242999442824,10.871177386463843
35.4657466222737,1.3868157747649152,212.47895139575175,1.5435066221899614,11.437784667107582
39.43911468113055,1.3943335479529908,281.64140834156876,1.4837954338265715,10.483880047582304
40.5223757788421,1.3981338331915978,224.05666616616887,1.4944091444026697,10.905597029320989
36.96927354508676,1.3887908109800209,229.05694150420948,1.5262342612459747,10.993148362482854
42.27822326252993,1.3899773839273428,309.4677611093067,1.467852338470186,12.54259408319304
40.74266057835072,1.4011937604848737,258.7264809531782,1.4841773205840951,10.700474537037037
80.07946597325466,1.3181383716447592,604.1636065974521,1.537040043346149,29.805796680043834
36.585511689362534,1.374388225783993,374.3323392837587,1.4870346823958207,13.145667438271602
42.49520983206178,1.3927541034070672,313.57916821344935,1.4786626478637843,13.271118413800709
39.766644004761744,1.4048142734859324,279.91334888543787,1.432990450395515,10.874199682454892
61.62960844770589,1.349338687690273,369.9140648806843,1.54127901049789,18.75475758954803
45.237158958551625,1.3935718325474498,338.21633594452726,1.5206281144047389,12.605147417829334
40.85046931183264,1.3692018585391967,403.49112204019383,1.336125442587652,19.678958080724573
52.21517668628624,1.3427670822684463,642.4265583030896,1.4258877530039225,27.52700083379932
38.8405464541481,1.3956016687224908,288.40470870384627,1.4022959450169854,12.161552148385589
56.87444427565249,1.3412001679933043,1013.219388842061,1.5730301600322685,26.075804394222533
52.052917082258354,1.378470797750098,374.6835565076928,1.5271382539847438,15.1940934212689
87.5999228678485,1.3171440168446773,784.4348573770404,1.5784851839424356,28.051358531898103
51.803651442542765,1.350605933364896,566.7618240407027,1.628324697719742,18.03604118441358
85.862921744308,1.3498163939597685,652.7217031371615,1.57113863686094,23.502262031713677
139.77527766191034,1.309358341177621,683.7978134573772,1.651668813014771,61.49891467807897
40.24673037902244,1.4027297615592962,303.20335666149015,1.5400583021337926,12.424552243748533
42.110309954749894,1.3844299964333897,355.2229653455537,1.3564237328596165,11.774466986427251
34.68017883802725,1.4018862480542045,162.39575829745684,1.3099762964158752,10.82101851851852
44.348393018276155,1.3992345818786085,196.65819657784303,1.4668224189148418,11.20364925969815
41.13373877520862,1.3942309109625974,287.88589354751235,1.5066156884936224,10.82641862782922
44.63334198163077,1.397935111407144,222.44668906857004,1.442332882700745,11.445697434413578
36.98940051375032,1.4036107451593105,228.3520212566694,1.4131948865683943,11.571142939814813
65.51723473964381,1.3810585520510823,451.6404334572521,1.5487801423256708,15.211366102430556
45.16157066542953,1.3956989134979312,221.58627157372865,1.465921341616383,10.61950015885984
40.56730808643613,1.3954619041592804,249.41845495504913,1.5080972067697125,10.56051766424162
44.58260271770814,1.3962025419181203,227.51599415301592,1.4581326189249024,11.513869511083056
35.35913420691398,1.3976730987878032,175.51879194818153,1.3692210580068196,10.99830219356261
44.46041892635245,1.3981876606823898,268.23102879182653,1.5216953340911676,12.77652383116478
42.69481742949724,1.4110635032776009,235.13641844631533,1.4667033527191968,11.2156188671138
42.702260147464195,1.4122844309863387,250.3436378669689,1.4843873893950807,11.664443344568989
38.76492744714204,1.383179021022567,294.72033507009473,1.4902856724591915,12.646224621431326
40.91418825356681,1.40035024318086,239.05971683591287,1.5012309498929497,12.48422396710157
47.15521680273972,1.3808172952837967,301.4136551553386,1.4198272097489584,12.080236507066276
32.91572979884245,1.3227187127196554,1239.5086775576472,1.5074403534401086,14.669065242179776
45.64630548576917,1.4007510355264077,268.0345069513074,1.510110023745017,10.778319948640773
45.9861162743108,1.401415137228677,268.0345069513073,1.5152665092232545,11.21991482668566
45.6077935933685,1.400008763275613,272.9339750728741,1.5122033401383954,11.511405905533511
40.093485156159915,1.4170569046336576,285.978803399236,1.4918949833072983,10.92104823736497
42.22877140532721,1.41627134071103,248.04831057092235,1.48252430645929,11.196927820896876
45.03350221016424,1.398752265022559,275.86365005814946,1.510098208464543,12.024616287294238
45.87298984026383,1.3917368961345604,286.96743586365506,1.5267261369535945,12.027007119484455
52.03104313477921,1.3923477319256643,248.8228809488362,1.5234237166279032,17.585440572641094
44.29854494550155,1.404227309350203,286.0127010525348,1.5002099129548672,11.08468991126543
43.7032366629137,1.3817690686110389,285.9624489903693,1.4669400693648114,16.937808534807957
54.43563475783393,1.3499963719827328,527.4685048579671,1.570233350578712,16.717942180310416
44.79170575606972,1.3989944945207924,331.3822895175365,1.4955942308945172,12.273447723765432
116.35287875412084,1.3272749960405916,1228.331774253901,1.5778415842906242,48.29436659501764
49.71722135527381,1.3817449992815924,212.97561367776987,1.4494003148302657,12.615792961110346
42.4413144209382,1.4110929728168655,263.3360951935587,1.4601604701402648,11.08784504159957
41.047153783134966,1.392085470545798,295.1928433782061,1.5179146707402045,10.734227981701938
113.76403452151116,1.3304875545488006,1160.497131028137,1.5889692015691588,48.56006732253086
38.60936349176385,1.3955227092242737,279.14561806241846,1.4478021801939602,10.69760333994709
40.481358947026905,1.3975307978300695,300.89807872051404,1.5085315205560306,11.013536931818182
89.87103362363864,1.3520912402346437,1275.221756906549,1.5431867920947735,35.9419129372428
110.30930914210248,1.332370834345282,1222.0098124572794,1.597196650158754,47.56264632936508
83.71160693517147,1.3648400501484186,1216.7068283713545,1.556500588063438,30.89292686287478
57.61958495720379,1.3585467467905048,568.4445693301399,1.599426184961529,16.2666893236331
44.88644981655754,1.4060367280548378,407.1471166729338,1.5179841868644055,10.994450105534142
118.29002798451128,1.3241044481007895,1128.7248943995162,1.5894344733609276,52.34854498885459
42.032455690560575,1.4102690887121765,244.3274042711568,1.471023315766698,10.39792550797325
109.41140019781908,1.332040188472529,1138.081989552609,1.5880280426818068,47.8903481867284
42.00917629449462,1.4146291604578498,263.0519149610815,1.4837750702142831,11.890105232699806
138.33937227289056,1.300545335535666,983.7937684388274,1.7170857535153343,43.4407139026873
105.083195362426,1.347386181490135,1262.9580812029303,1.5915305195805711,40.96692435056585
108.57716732179384,1.336724097351608,1054.3929608587575,1.633025460054897,38.341590619064576
81.8240027064711,1.370137271585052,1011.6357723867394,1.5666463173031342,24.77297035751029
36.47794877138663,1.3958329822927455,517.7532406025698,1.46587465018078,10.54545405982906
68.58869278406253,1.3769135336683551,1140.9568894517845,1.5196621413219358,20.675605709876542
38.03880723645288,1.397081980577246,278.8779945954754,1.527241775540538,11.1321555335097
41.62645856811232,1.386293193003703,257.0121069321047,1.4770554601568953,14.592322102194789
40.83013129976662,1.404808754559336,383.4702291443723,1.5344606966819638,11.299485523071985
107.15635863029566,1.3416552416575265,1459.737865187198,1.6569785347148709,31.793583690525814
40.36025336553749,1.4014247283502987,352.9411764705882,1.497767407698658,11.032752004029492
48.92063069295055,1.3933423221830308,887.8567327319771,1.5239072686099266,16.210868778935186
53.499846772874534,1.3406709817621998,442.0673523769686,1.5358031175692837,17.45990294537403
222.2457417720472,1.2802078245611863,1099.6109687293083,1.6087796996609505,119.96983518557818
41.68200948340694,1.4139038347435722,384.7804462686977,1.5421762854261236,11.444730675835148
41.846040335382725,1.4032958246471705,263.82784567891736,1.467021173740534,11.510505963863167
39.26753083176512,1.4011855092344825,346.66666666666663,1.476893947373921,10.69507539223251
39.63062122291908,1.4006641334242245,346.66666666666663,1.4853442612137433,10.350099504886831
42.180067298167934,1.404251215156353,250.7100506698739,1.470665652849428,10.966834611304012
42.84483852162663,1.3941910628810483,388.9661974664253,1.5479337526929893,11.912664689429011
39.916823293557414,1.4024637637476878,348.2048867325273,1.4876911566572346,10.527855160849953
36.82109113415588,1.398069733238914,418.9015549144732,1.4638074207084006,11.2553702498071
47.623110966045104,1.386345042758208,425.5676640389764,1.6081961582351223,12.606445010261895
47.69141979108765,1.3919702128755262,417.5300465496486,1.5738375407216274,14.111684214102835
39.10332575127858,1.3837453512176978,388.87366747461914,1.472383539812123,11.683138503086418
40.78692583496555,1.3953379678556357,359.31421835416666,1.4970001368412191,12.07270951217421
16.265364868698388,1.4509560660331942,161.9047619047619,1.0662700203318791,11.717891107253086
114.16177732131192,1.319541117377259,948.2127010022064,1.6374016373821343,37.78807008342979
39.81866307153679,1.4100468207483443,350.2510483058036,1.4856957909145514,11.036444692460318
45.55401696660731,1.3905178564084766,301.82741878340266,1.48321119703467,10.803556931025229
40.67641441715303,1.3736565598604402,299.5680028748961,1.514382070834525,16.64463453603059
62.204282336968646,1.352683013898509,490.6885915437629,1.6166403727030128,15.63787200750243
46.05104952740527,1.4067631344143396,416.10419789919433,1.6161029667190083,12.230531282150205
44.42989405293963,1.3830267315436708,288.33534632204584,1.442800827099291,12.818457392939814
79.53360496328257,1.32676331948569,302.4101233581982,1.5447484428578169,29.429720999682903
79.12777629135253,1.3622412017019268,291.3569459912272,1.4367152537700674,17.481520475088182
46.62980923792994,1.3873956824004643,425.08266513943704,1.4835470896037763,13.468765277833135
39.925667447279615,1.3988134302931374,302.46805710233826,1.4949045541411723,11.213843281525577
44.8212540803757,1.39055103759847,277.2482149486212,1.482207841595435,11.04321913580247
55.89786810233957,1.3767905912966591,291.5499245679534,1.5506890558597497,14.475204528892318
43.21247167922548,1.3905342753039418,287.48737083745107,1.464698161569704,11.251878156565656
55.48422266041192,1.3793617610995217,276.07597464126184,1.5925595577393388,14.9170611095036
43.53122248543603,1.3905532552660795,298.67514557632023,1.4666665893317206,10.823769386574076
60.25609671702314,1.3645851099337227,439.123321743455,1.425922568019562,17.013885352366255
146.6351248991453,1.307688922474131,1111.666908574818,1.7375274532650882,42.04923753878926
43.6805314320342,1.3906396780265495,186.1563494141036,1.544127552458457,11.712758449183948
45.15865741697028,1.3876104035707135,310.4685078014127,1.472900823756652,11.783967918113426
75.81240845061328,1.3388926368876686,361.646631721188,1.48912768753681,26.71993670657106
41.94948544916818,1.4067477812880216,412.6418038256132,1.539182711370643,11.594647266313933
53.209442195982106,1.363750456345542,380.491840003708,1.4798717288038818,17.580806870187804
45.35183850912542,1.3928783091903512,399.2515328205092,1.5930808334869593,13.811105567225448
38.828912361262134,1.3912426659266912,350.28837073430424,1.5208259224386964,12.818943764213776
38.62231914499253,1.3877623375849024,344.48779451147885,1.5173631750769268,13.521569250233211
51.324470658982655,1.387708470376911,414.84226987641387,1.396871380822955,18.69155642629408
47.34616296581724,1.3951099709283752,434.58276752238424,1.4548507621786304,18.296039218304845
112.18091182282828,1.3068397680316344,600.7982613653106,1.4845592500885267,37.87725930635998
51.787432037250795,1.390515192387013,275.33436546655906,1.5992320866013416,11.98044830954808
46.99105982202316,1.377783036591433,445.2340867985053,1.407468424120503,19.909388503086426
58.826433417186465,1.3341808627046177,485.16486262647646,1.5404495317981364,34.78158415428654
41.59955654131212,1.402450449319471,273.8478281610302,1.48591774330971,10.555705375514403
66.94252812794856,1.35087768923269,610.0561682380009,1.5778498360208415,23.78884390457439
81.21451370327546,1.3218856550268303,927.8564308634813,1.603431344153606,36.98976562431393
138.7569831796033,1.3105517218360665,1089.3955520977845,1.701909866814172,42.51047306190995
85.78314068767999,1.3470239432911628,415.9542988308421,1.5324481653622122,28.036085551697532
51.62769748813229,1.392343941972239,260.8207041707844,1.6069738550036852,10.90806186868687
34.96759270983024,1.3936828950564846,186.8056143387693,1.331479348582702,11.928459002814089
133.77923311698427,1.316535639433713,973.7027919694156,1.695724921935834,36.382034897989314
80.91107433967422,1.3233170689181522,970.342225068354,1.5819280046771704,33.011667728145916
40.778854805849285,1.4102542092978154,274.8737083745107,1.472319322280532,11.658121624228396
52.03567651618181,1.391612104086747,273.11073780262234,1.6065805662949288,11.512278056412892
52.6106440879677,1.3735740650380197,342.9381283714895,1.5366112126611289,14.530745505238128
84.77200481696475,1.337290437557658,431.238905358518,1.5141726781619476,27.817344382852085
51.198772296498845,1.3963253196639251,302.5625661218035,1.5608684216582642,13.987952074063374
34.73573610794464,1.3951035293739875,168.45884820223944,1.3125912464953928,11.295165105920312
71.07158969901319,1.3588770758547053,458.925565098879,1.403878539042586,20.37735939643347
50.22457064546918,1.3724086157840218,341.8822565236461,1.5053191565079496,12.459652842078189
77.14661102116958,1.3521696327731,458.4425268593508,1.3198337283589536,26.50489083172271
59.15604423194226,1.3773631773495922,367.765141535535,1.5292810225292284,17.45079779630894
80.2976687650734,1.3181952537555102,496.7970468022255,1.577798226000833,47.5422812159049
33.31307797814882,1.3865578982389013,163.32885386843483,1.327996279797783,13.141963321208111
56.1561607985006,1.3848594598209456,550.4765305859801,1.5626671695179857,14.335018996999588
121.83750825827212,1.3182622940681088,871.6906087036041,1.6241660059170044,41.690720151419235
41.72670691525305,1.4009465794238762,271.7960677340692,1.5254583411964882,11.27489358281893
41.32968512204028,1.3938145747894624,282.15169137504915,1.5130178608573273,11.159918705908288
25.82631934665405,1.3822341678213277,228.7689159288348,1.429893765480857,16.260503058862433
71.94254341287281,1.3537968689904598,450.9204130926574,1.384983605876634,23.59357175053785
49.85055055207815,1.3869242030297635,299.46959948740954,1.5749863073156922,13.13960657635735
45.597212042968,1.3920688702670263,306.0400001790748,1.504836130555863,12.36465803872054
60.17052934132826,1.3718674880088169,360.67334631236486,1.3981940533524102,16.518664587620027
162.37259475011876,1.306085544521259,827.6087835484035,1.7017009582452751,52.343833021130735
51.39260470390517,1.369118396343859,956.1818923839242,1.5325871798088355,14.346032450274295
67.32106598788658,1.333449141660182,425.68505809358015,1.5363575938090483,27.850468320908163
124.73737201806443,1.3075575449292387,681.0897248978562,1.6330623179341142,57.38316686373157
42.40112009078231,1.3962510476761163,309.3732957868453,1.4734818868396038,10.973977044753086
55.34082161859527,1.3619369141026003,1076.855548485227,1.5505692236753736,14.887098122427984
49.559372729736914,1.3754264755865016,978.9954262101484,1.5267752751216557,12.80142462920096
50.33704865386575,1.354693436783912,515.5265811279887,1.5033737567421157,17.933523693644034
42.834682452527375,1.3926144474417743,313.7212695466998,1.48820967787059,12.376983887670564
55.4411926446658,1.371941261526241,1146.027371343862,1.540913529967814,13.69744805445326
85.44068758423838,1.3386636937392422,402.8680980243752,1.4841084224692145,25.451512472022305
43.44583383796546,1.3945384361065891,308.13610043090944,1.5136675755452216,10.90762138999118
51.470988681264515,1.3762908858422456,943.1059301116896,1.5459701552092122,13.657533143933303
43.86847815751527,1.3915264737770694,311.3886820977887,1.5288285783915203,10.991793197820217
47.487126278983574,1.3684365131810792,368.35352240644505,1.415125092633731,12.533037264593966
42.532176904090406,1.392530587232598,291.62456945817024,1.440600926319624,13.105554723507783
44.17562165404207,1.3945131286695542,316.04722531578767,1.535302888209288,11.549073977623456
38.64011349405281,1.3935978418846249,281.32026018123713,1.5010330612165577,10.720092592592591
32.92915202161459,1.3822668760730512,258.2575583580398,1.380541039212696,14.812704314557614
62.043891770430314,1.3582760469135755,368.0714250376072,1.6218782814878985,18.70705230838477
28.549740677457756,1.4138551966146211,307.2834989967832,1.2561061208910356,13.224289456415136
119.19582136445996,1.3174726754143118,541.100164301786,1.5554836739735547,43.09558782267115
38.40793685021858,1.382076354882225,264.40590494665366,1.5187992457851434,14.364925197187928
41.97395748816353,1.3843760294524,355.2103145028175,1.42040446889668,11.19819798096708
63.95330975291946,1.367211347954264,362.12930248937505,1.5868587801121596,18.535958032316454
45.68698513071443,1.4017527928861442,338.04854826632305,1.5681785823399006,10.803195891203703
86.77706874465281,1.3254863035778222,493.5717193447612,1.495002829445326,25.75704237325277
75.16144789628686,1.3483542084353122,672.9435799734408,1.5652485686619393,26.49181682035021
66.31947882186863,1.3452503536697515,468.6998320166737,1.6304291094848726,20.7223632432397
121.95125483831296,1.317649433489989,520.5509865400032,1.5506745549903531,41.26995633807429
38.05549064271288,1.3954041839582607,308.9063123161773,1.5169468621252498,12.253764292227832
40.32236496205935,1.3834685933697195,371.2183560882603,1.4705979159258025,11.964657423154447
67.62169060676712,1.350317841918249,655.3624434429555,1.5286758090832182,21.688716438482775
69.7755578833829,1.3390350349384288,501.4099613088998,1.6347686847918237,22.74009261026854
35.130177275447984,1.4168797936921866,313.3115447465063,1.2818083237626865,10.73764812059083
34.81478608534383,1.4164674502379426,323.7585707054304,1.3443990487231217,11.815129163451646
96.66917130381164,1.3366785268321413,662.0830770177433,1.5120417699097908,35.99680225792115
42.391305655497405,1.368202774850111,750.3780084765604,1.6676604456422437,10.844168996408392
70.12462279879448,1.3442840208774365,405.57378522725605,1.6645384780653882,19.15031930941358
38.24512159939723,1.3945010220443104,342.6925468801472,1.595765541480975,12.272032964677642
48.34204234930923,1.3793163116197056,441.1974976610631,1.5198072535020402,13.940531881313133
161.33335830388,1.2890525659534062,701.0825043852859,1.6026957209828092,94.71777910397375
48.56033208646751,1.3954050778884,414.14829008440006,1.5740810108673442,12.041904839409725
39.39587207139216,1.3858449921785088,294.97474167490213,1.5340235871945307,13.13970100308642
48.64619911252575,1.4011303434505822,416.6666666666667,1.5743429389415522,11.129843898385564
39.38022155388023,1.3987357058353591,289.0021977602677,1.488226311797589,10.960138286072056
75.93922143389756,1.3474181509021128,589.9442473445097,1.5087110921450555,24.085715680239733
49.281480147595495,1.3934986890358028,408.3333333333333,1.6114774215391074,10.977668359910837
51.28234275273614,1.387261364039865,372.77270546575465,1.5833814527617638,13.33063663198897
48.47850680191193,1.3850360227614626,368.3908869454393,1.5920761066925193,10.998372566955394
38.503685938805475,1.4018367513432706,294.1151663124596,1.4801136539093658,11.137487268518518
130.59049681724738,1.315975718612383,708.1751616907837,1.554323821668933,52.27621301533651
136.21561281522372,1.3119772310456477,706.504063589655,1.5761058672126065,70.12422373415448
47.6083089593505,1.3840846006433198,346.6448780798396,1.5344296914593014,10.934341517857144
39.41898351619523,1.3997732976452673,309.7887154198625,1.5116659281805076,11.068399241255143
51.07087403242486,1.3847681848383782,329.5327563031069,1.5378955321664605,12.385208022202304
39.109134837188435,1.3952530325006514,308.3878355582992,1.5001442836546015,11.072719103652265
79.13552041464064,1.337169663528725,452.53648091335936,1.5602133020507685,25.003339511633328
48.5342008060414,1.3842810267318888,320.67273019256027,1.5158655467881652,12.106019838369072
39.1276220530134,1.406055262846458,190.69197400187088,1.3793803660357775,11.317393904320989
41.59893116583552,1.3822869105524758,318.6683900016787,1.4765431457643106,11.398742123199588
48.57475508481213,1.383904383939186,311.59188657792976,1.5597797796865966,11.7793111561226
38.95920837828691,1.403733303861173,193.31495152964632,1.3999883821631578,12.461517443783066
39.011057824098046,1.405648291520087,193.5671935270167,1.4055676134904669,10.661185136959876
44.05915407415216,1.3968103032808743,189.9262477993637,1.457407926128452,13.42522171585648
37.58014977339188,1.4073895936277776,182.20384041853524,1.4061671927825452,10.770073896011397
41.54360704260746,1.3942015349736565,393.6674403865074,1.5319929310385498,10.63181533840388
41.32602644146957,1.399348783519092,394.5223815045355,1.5255657126519158,10.784561838624338
37.580106824079834,1.403983015720392,170.27283689263064,1.4156350778197877,10.348723131613758
41.971004523835006,1.4053709114314312,393.613916876519,1.5280026955442831,11.199532587863404
31.923974040855,1.369228404620528,219.84244376847244,1.318506689152068,18.73700877281267
38.07979264225114,1.4058613696757685,174.04343773459573,1.4268923576597576,10.815480476364522
43.09822728591783,1.3830933119033593,400.5071158308175,1.569197167253641,13.305796615581098
110.60608818566584,1.3235289766689105,665.2864501832969,1.6223390675372211,32.01962155559672
37.87659612558983,1.4362477004185548,152.8475082605034,1.4174160109133869,11.096465277777778
88.18613643253128,1.3366622332093354,756.0134384922225,1.658658565836683,25.510046816850153
56.76715855365044,1.3635903503574858,367.5301621982512,1.593784251566788,14.417766885041852
37.372695033746545,1.4036383257433631,149.53559924999297,1.4199470629695703,11.238523555384086
57.81978383682276,1.3630271718950524,364.8974494619485,1.540211999664277,15.40944103058527
42.13460695853415,1.3826993381063617,290.28882054302693,1.4022788795356806,11.705237488977073
39.62114760487059,1.398551351401985,151.6697948874765,1.430427174357462,10.968465057319223
39.231766626646575,1.4023727456250306,141.07199238134538,1.425546443503219,10.521615427276236
39.34965176142185,1.3960986574348158,153.93446629166317,1.4242846882007814,10.752806284293552
43.46941887844109,1.420026418801766,240.4559122775813,1.453923935013906,12.157481674382714
43.52164464364819,1.3850156443462802,300.4082176002336,1.4296140844107388,10.904476192772634
88.75845869476663,1.344944388212936,443.9464153228099,1.6092709587393337,25.77392407040192
40.79317962276333,1.3955387586467731,155.35770666705963,1.4411392717464948,11.203829925411522
43.37007506970912,1.4256825093677905,302.7356805692813,1.4242144811226198,11.181740244708992
44.876174541006,1.3803970904569836,286.67929516107773,1.475289911954874,13.881336279648409
40.114541979896934,1.3968705545045128,153.17805627062504,1.4360224160348891,11.129925793306327
43.59698635399472,1.4239920202378005,240.02978565404808,1.4193135485455322,12.19277387152778
43.4180253502949,1.4197073592378917,259.80065627793897,1.4118961949280249,13.0475159797421
91.8377072480252,1.3522407271648564,462.8305077440007,1.6097121415096576,24.958767039609057
41.40161443569725,1.3990024529364504,167.48129463738155,1.452436023413257,11.46908275462963
81.96498321399434,1.3333636174316796,510.8970541746773,1.616611439945358,25.29575246949717
91.01035396929004,1.3440550446823587,475.2135580901015,1.6028466004920725,29.56926610725309
46.633697658834954,1.4005336477747836,244.1108281210558,1.5309547086647093,11.709321675244516
146.19198044523475,1.2795846683807317,890.2681067127648,1.6676639957782446,56.27184337125198
40.35913262884748,1.3972105453838446,176.06507600481083,1.4427118983503815,10.429377049575615
45.42385850119647,1.3886400372098002,163.86506990117223,1.5368776409328595,13.771058429619828
91.24391755020648,1.3678971619898743,469.9669428167662,1.604785861863958,25.85858000578704
41.08518966351148,1.4004415282366285,189.56248108707277,1.4328860324871404,10.874988203347575
86.86163428516467,1.346822286417626,696.2078338541879,1.5026537201052688,24.046853177012572
104.05721194857723,1.3233796426366708,767.2257444001237,1.5849716715280815,37.8436332994719
41.109596703100614,1.401693400218496,193.64914121815917,1.427070251253887,11.599980697409396
81.60210176739798,1.336330411995546,648.306364206785,1.5566704075471445,24.173062133492376
40.13648579157258,1.4037385325644314,156.4942544944516,1.3406956384194233,14.018417495427526
40.52561291929169,1.399751661351303,165.60336557779854,1.3398221233670526,11.93953784079218
39.38141579872534,1.404895633492315,180.4007553055532,1.352047283987,12.081197323124409
50.84593458190146,1.3584536202236133,376.8418499345063,1.5219336051486276,15.126925551741085
39.08049803788626,1.4051131690558194,225.53822922929197,1.3503033870448982,13.226292727623456
38.612379346433315,1.4091278163049317,229.94948334980427,1.3757455967333492,13.14019933127572
45.89727233846108,1.4066481184664763,269.9494833498043,1.5649959223050165,10.819795524691358
51.78102571676976,1.3809990202711229,374.3589743589743,1.565029102729362,14.35424610063933
171.731043071582,1.3002292460057527,853.8453974720705,1.7676023832111192,63.57108185442387
46.63360531557096,1.393269018770811,284.1182575081918,1.5833888529276834,12.794131333590537
64.06121895626642,1.3740032126532469,439.0119269040037,1.5062817933003632,15.976969320002535
38.50591344421313,1.4070292264491753,236.504258730956,1.4004511440275835,11.319834518298055
45.73431823429176,1.401534092218148,293.5044861156864,1.5636871233856948,11.303218404808318
44.71635379862764,1.4092106775437303,306.9944465068214,1.551081683220073,10.692992443026318
83.98226940170466,1.3451305000389788,485.34766607207314,1.5368434910010451,26.163480377534903
100.37901794038105,1.294605848358216,806.4720878695626,1.4732926385922849,44.3283507673893
35.693305568290455,1.395906341432684,198.82862564242296,1.4823669872319525,11.213665377274204
148.33693145349662,1.3015525390284344,777.1060871291947,1.6325410670681644,57.05480461322547
58.48484919585076,1.317381995204675,1393.388738931148,1.714236421478147,16.940811963067347
35.96842473295999,1.395442505016834,190.29300386465556,1.541911180302863,11.034405140817904
71.14146383056502,1.345595180340702,603.644694990017,1.540695515339968,26.796853177841736
50.3938680650618,1.3719452492244768,321.7388242744235,1.4594069787947974,14.06459361189966
87.89771465901849,1.3295209054684558,690.9615915180295,1.645453609477714,31.863753731752425
35.68298025681156,1.3929040586065595,197.36440769545175,1.51473987118771,11.247212577160491
60.50651542729418,1.354053695932741,506.21043845439726,1.5513104845552597,19.10579648201081
36.31471312569005,1.3958905400527746,197.9624321521198,1.4699061956478292,11.64525275420096
112.8713465812053,1.3166063105912194,672.0657598270118,1.643653100189551,34.91510656753991
36.63507823215555,1.3920843424570843,210.45276757186332,1.4610987969984088,12.318644565696648
94.67309360143004,1.3249022193280706,506.93680726685113,1.435081126368176,34.16122255790476
40.54280409907985,1.4018763941328636,304.64239277261794,1.458148031264043,11.824076465245389
54.23276759373974,1.3421836042686195,356.4472406175501,1.5424883582463953,16.400735826104086
36.875585726571344,1.3946457009891815,230.36715813044952,1.4231611132997344,10.872561315035272
36.58069826077698,1.392494409961725,232.63547927939223,1.4004642552805573,10.843961226851851
43.796748979227104,1.4088866270494722,269.09136978863137,1.483197133266385,11.313825917352538
36.144320031602895,1.3847026831637284,248.80197670043452,1.3431323158276136,13.671535172325106
151.68380758586113,1.3037719761779558,1071.7051873671232,1.7112623939292275,52.37985073836738
37.60918751331294,1.398839189278382,241.6414083415688,1.3560474952627146,14.208747106481482
41.393802236336825,1.3893200910498795,447.0806725236591,1.4970044481658582,10.9957867739899
36.07829226478959,1.4010823351002044,303.2928273575435,1.3497746185845625,12.558714726631392
36.40350608397098,1.3975490894784228,302.22222222222223,1.4445114798658234,10.926784155574843
43.02346225967878,1.4187416245043407,257.1398480526004,1.5756305465132234,11.011163110574342
40.12971403935311,1.4074520211819157,225.39314761984488,1.5150591494792356,11.275842565035273
42.404120370155624,1.4215915289213887,230.21272335569353,1.561489546159745,11.113561728395062
39.29233579921125,1.3906326679661682,406.8203847858106,1.4986889215635102,11.834170121426316
50.81577652134722,1.3638092698763435,378.0563000544153,1.4714217143542474,21.196317445386303
42.02269809223568,1.4180205025976893,220.59312057303217,1.5009263223327194,10.631486183449072
37.44733338000161,1.3959654864347424,248.12863894640836,1.4617563237952134,12.072268288874191
89.85745795837944,1.3240883056535544,761.7153253743912,1.56824800251635,24.607627322061393
98.23677344274049,1.3323615317516522,746.8275160277699,1.6649324773383791,25.929131413953844
50.05117792230645,1.373993527112189,358.61657189172513,1.3994638734934466,17.48259033462289
36.99964735374666,1.3926652121910863,250.96053885699212,1.4667728890097245,13.432050540123456
79.0097487935224,1.3513181362712166,539.1560611354233,1.574015701161826,23.41898542200464
36.06096560756593,1.37154170187462,204.3274042711568,1.4583731785824396,13.55221981095679
74.36443950566333,1.3595481346403095,485.9652208258326,1.6307200846040515,26.167434930279985
120.89875843212664,1.303976318563068,686.2538869813247,1.5559042584484954,55.40714867001919
67.48496734672432,1.372341187604342,389.9366240903937,1.6714802385975671,20.324505552483807
55.192070454734754,1.3561266206112412,485.68908699687694,1.5483257493951652,14.492907142662444
42.42896850953995,1.3520594248621325,512.2128546999156,1.4929176482977822,27.168781323486183
156.213555728814,1.299734768983402,956.57830637401,1.6666091968490535,71.30444128761965
80.16192895959267,1.3409208956829566,791.9140568727556,1.573026125383789,25.21951982127166
45.336871639472726,1.3949574930093618,635.5033094969792,1.5595703178025908,11.74903002829218
42.8286238070968,1.394402785477264,421.2451953642432,1.5352995160669196,11.132488811728397
45.114411961465336,1.3928679416134575,438.51230974468814,1.579491855397824,12.068710756655094
101.74591764620526,1.3297153006380031,713.2124979074695,1.6009033811696751,30.85747852696883
50.048848227888456,1.3799938144306707,458.05454238855134,1.372859602853493,15.302507411468486
136.47958923412412,1.2954925042241143,917.961937230364,1.6574935053553197,60.96619002525251
96.42973482309836,1.3155220245039252,1089.175645891947,1.5876123068625838,41.03112547375706
62.36999513256807,1.3669446186995569,392.62994499531675,1.5050281276871391,15.644810240102968
32.64502789737069,1.4336125076238455,434.912618041455,1.3770775699933413,10.64080674052028
110.49061772016988,1.32567283396091,1060.0722113808222,1.7044773677847225,29.02187691683341
35.29173555726825,1.3862976311747546,307.2687599187832,1.340679731636701,18.019389102889505
85.03267555405736,1.3500587361195096,1024.5117586413496,1.5838570284712978,27.40733461852457
32.83671917315907,1.3992050262853988,445.48981749109015,1.4053632648006211,11.949353459362142
31.8791643602674,1.3922793996761391,424.8510319162434,1.4452804147083929,10.768577628968256
34.53921024261912,1.3919723517413365,431.57894453309217,1.4393901761453067,11.802645704732509
72.83429579311449,1.3550352081786448,329.6727223092165,1.633050736213584,17.563754423737524
34.04827649512596,1.392754368396267,404.94679870519747,1.4455535627702956,12.149965695730454
42.83081908136852,1.3879649121591355,435.08111322742906,1.5687501513261863,11.290987654320988
49.75256554758668,1.3901920479501455,324.89571283285323,1.601124523804189,12.737016450611192
41.18211443763289,1.4142544889611266,427.61423749153965,1.5227415328603522,10.646843492798354
75.30533210347909,1.3582933778653166,368.181517032425,1.6233830546582348,18.757806927297665
42.05389672243559,1.3912741149585943,427.49676997731393,1.539628505504785,11.041762795781892
35.08888539856519,1.3959047064757133,403.58391362321385,1.4379822011708387,11.80835883916324
73.16266933155133,1.364079487407041,367.1966120055563,1.5742647622180534,18.91166958044523
49.97852262309933,1.3890045652726135,330.9290360379235,1.6020153940069572,12.573214184670782
58.095601291462145,1.364121514234805,441.3060068232263,1.4155583896628297,17.577822862833766
62.95499848774558,1.3416400553980563,397.4520491632696,1.538572782646088,18.773117560586616
48.62208659501582,1.387965039586377,415.5403341412859,1.606056192713984,10.785376157407407
50.10769198395071,1.3900896070520143,413.84934987481125,1.6001012928456029,12.272352427290974
38.604124351757704,1.398143972460918,347.8320852167629,1.3380708709176403,10.47300361000882
38.394681689794815,1.4029072499886974,336.33392465432684,1.320475039554937,10.850561744470165
43.57973275168949,1.41059456159875,288.0591547736697,1.605275666917561,10.90588939525463
39.21030831239962,1.4067196060254874,345.6862718169367,1.3570686264195837,10.758645471643518
46.122257078149055,1.3996060099009433,283.1244264198463,1.566623006224016,11.231684349279837
50.40406022930936,1.3955401754013943,275.9238010679372,1.4903002120362638,13.124669829434104
40.16963659176937,1.4007296072062203,336.2215671757354,1.3575538237980602,12.002401619900212
49.35719630000459,1.3944555587976053,285.6265776773381,1.54743159071104,13.196758192907158
60.37773873540623,1.3610188096867173,537.8501108295777,1.5492511948555954,16.069472138828367
40.49739164046125,1.391150593753823,383.0386557400798,1.4549173358304108,14.526893463403882
113.1792086400654,1.3211077170496426,752.5433269597762,1.6322213660874254,33.22932465908701
68.85063221575022,1.350290307940807,623.2343874058732,1.585587720742373,21.07725522510735
74.97396038639991,1.331690509875783,511.1456957583729,1.5516147261508182,31.902665397394795
40.8574401914713,1.413590144799895,308.9928597944846,1.442531667729606,10.603503930362654
62.23726020287882,1.3755789800560243,461.02553561442465,1.6087568051409455,16.980161861672276
42.78910771494708,1.4103276846560395,399.99999999999994,1.4266554659712192,11.00957988866843
48.61786237744633,1.3772604514913394,426.5436731214226,1.519648418164692,13.43757872332298
92.883996893296,1.3374119511958182,677.338727280303,1.5808825370713382,28.053281483894267
41.305764643116454,1.4134259557217053,283.28281668313764,1.432161721049013,10.474129533179012
42.87328033046242,1.4053746303375956,324.13141034678375,1.4985065989994528,11.720816567856694
48.61727327749953,1.3926759564394755,548.4132821840469,1.5429722266511126,12.2147989918524
38.91284669894984,1.365068603971467,316.6305833450983,1.4406414799054383,21.400251856674384
95.8198734311118,1.3313283948017167,606.8512837937914,1.6214788566914111,31.014020153586124
61.77153751378194,1.3715483223759428,415.5403341412859,1.6127860831662308,17.772811535493826
47.27087041567088,1.3601675284788632,330.2702972511919,1.4472199984923746,16.462427573110936
75.87604517274431,1.3482080335050135,541.1478176765748,1.5436992326070584,23.64805955123788
44.765191082851246,1.3987658454931444,542.7042958049758,1.532204998942062,11.646374635631
39.99061346254039,1.405339523137936,246.94134009495113,1.43847575769337,11.217250192901236
60.73172917134466,1.378190255230671,439.823448073803,1.590965627609249,14.828347475685474
60.39626649285177,1.3895895386860904,392.9956626113259,1.6073225361919503,18.51776077835648
43.64490112930334,1.4009987979196423,533.852147902488,1.5358082442200855,10.627196930727024
42.39939846331937,1.386471364976418,520.6650082816118,1.5104748212741017,11.30818431712963
39.1003479548944,1.4071205812230465,242.6925468801472,1.429941324631743,10.826741362311386
108.82105969049104,1.328386922905012,680.8654878580955,1.6861469917432477,40.32246091062566
40.83420583378633,1.392016166649894,511.11111111111114,1.5122681283147192,10.653221037257495
42.10543457909543,1.3907520756620906,516.3856588662029,1.5454441376436674,11.984065092110338
75.24935410085358,1.3462041481955775,546.6666666666667,1.5390070013453403,21.496199524176955
40.099450026950535,1.3913297117884054,325.79049614225806,1.5088255699954758,10.743857335758378
78.37108199879316,1.3403774763328171,521.6447410353217,1.471237694782092,27.132529647049157
35.91197243710108,1.431398473884924,227.74850168067724,1.443286649956496,11.70141206773837
37.802300543475525,1.4066154138492273,241.6125416843141,1.444636563808266,10.632266107253088
42.2282759268297,1.3773433847477845,143.80898935091182,1.3713000994174314,12.670766685956789
39.18658341461849,1.3864344253247387,147.61904761904762,1.4474453873708986,11.946390946502056
41.84771946541715,1.386168324193159,266.6666666666667,1.5567531625308362,10.634171971450618
37.38191364665547,1.405790826215356,244.3274042711568,1.4413626528598773,10.683119373713993
40.42620067921815,1.3892517075233772,144.43274042711565,1.4515899537504504,12.403244818294455
40.36092513464272,1.3900961826221805,258.08897477599754,1.501572799030893,11.23334801526063
38.39340570750616,1.4037532374596415,243.223898819328,1.4448577654159958,11.04003805415264
37.36951152432763,1.389506321539503,284.34935573403806,1.4088118605428408,11.625664269179897
32.3024119705779,1.4163897013385385,238.556019157917,1.4538410512988913,11.39281042260209
77.3597622279299,1.3379641073827089,577.4504702634623,1.6802410138727126,19.605120134800455
38.75563219980905,1.407941636675452,244.04486071488367,1.4498909603849353,10.892432270233195
40.92802642855167,1.397309385164293,257.94880492611424,1.494959901189952,11.31870269726248
38.3895754228941,1.4186992980854014,308.8437608332682,1.3914240948510763,12.338378272176495
40.111703167151944,1.3977697577461088,270.4339950595933,1.4650696007240176,11.503244277263375
40.30596708250911,1.4046224547531698,272.11321334326465,1.473170497419351,11.34911304012346
40.153019863273805,1.396798530919869,258.68835866827027,1.489528347690739,10.978282335069444
30.029839036078524,1.43346444297758,261.02691669411826,1.2038461141645835,11.260240299823632
40.63641157378975,1.4008089457259694,252.17747644800968,1.4970356866992374,11.49236025377229
61.14691466261017,1.3620888896175771,425.3807517337177,1.4959756864128873,16.54879269244645
123.21736641576072,1.3066734750627944,583.5156209016618,1.5577430262620768,49.92056867205062
40.73338651984867,1.391503800117464,248.58945467141083,1.514375434175231,12.14216784244562
38.9140208223906,1.4253550992432908,322.6405203624742,1.3890803735424797,10.682817322530864
7.750025434939847,1.3907313982328162,321.1959475130278,0.9175643669301904,15.644069919278254
37.00198670674394,1.3980793894574866,212.58323474772095,1.4715991137480668,11.233279482762295
40.42825083611333,1.3953560042865625,252.2490288934411,1.4765223123232425,17.38429081238977
79.18051693915699,1.3481683686287689,508.8561391181301,1.4750095214857373,20.558195425387687
58.92629931122996,1.35847794108647,541.5838332093566,1.4082122587003298,18.289883952426013
122.11185972591424,1.3101796653716815,876.5524016215647,1.5361042426735103,40.700884078837746
39.72860813084935,1.411826379126211,242.1768310902944,1.4994299821837795,10.967035686728398
107.0396010295225,1.3353050333499314,1229.1462628233082,1.5547256775900926,46.168507216007626
117.33253132541908,1.321449535275461,1249.7093824271226,1.554285599968256,52.78598662092151
147.17102531748375,1.3035739366438368,1100.0272812499477,1.5062298354145447,76.20686508090724
45.120363698747816,1.3826395847941548,366.3793302801453,1.308291732649029,12.453952048001671
40.12727223674027,1.411714126080596,236.0379610028063,1.506040368631291,10.74205536265432
53.1234481182303,1.3648269035703744,444.0506528413505,1.5445622983185296,13.896099003734268
51.66121159714044,1.3710874013633558,280.51345834705916,1.4225831042556976,16.233249559082893
35.99790687111626,1.415139672515798,273.29316294281927,1.41723820532434,11.611888131846332
42.28089526760901,1.4057722965270485,214.7172813370751,1.5148715190889197,10.856733217592591
62.82873519293979,1.3511359986635534,475.7866772943632,1.5511178278262678,25.38256677511019
69.17748582529428,1.3586820671484765,413.38836856842306,1.456564127974645,17.943911713203796
60.22829789892464,1.3665619376124185,385.4023965907888,1.5286909718489892,21.37734246399177
48.98962591383297,1.3747723226984063,269.2435349760903,1.532892978192036,13.666362188395215
76.0905056608705,1.345874870525895,397.8999239056594,1.609867265002343,24.19661771217466
49.40387614805305,1.376022545232014,255.137574724003,1.4459250628938538,12.542462995113173
61.26025806409355,1.3791238150105056,326.6725699139368,1.625416739209441,17.55552117404239
49.9625335655598,1.3906837343293308,367.5030071283878,1.5690835782123376,13.839456393412672
51.072079982571175,1.3649112093717992,431.82197011773815,1.509222927076143,13.59650293547926
43.37796709284477,1.3934015320903397,284.442372430843,1.5007274322943658,12.22155397434672
80.50369595531363,1.3409417995897608,456.26136226880215,1.509663376405759,28.500685914537147
41.81982373650163,1.4220721495040165,161.19320239438565,1.4673461816486375,12.614661697783982
62.04056231200394,1.3444265001955715,269.26927397434093,1.5649477376421872,27.899245205026453
63.49169324426374,1.353997755837373,533.6477145763887,1.6265913796721692,19.128362509661173
46.623146788216886,1.3962629954694452,407.2137446047188,1.619433208251405,12.680286802799824
40.81947688874137,1.4224181516629195,211.1111111111111,1.5279218823675116,10.975700782627866
40.9217104322168,1.4202139723201284,218.01898050140312,1.5224251696292217,11.294709876543209
56.44587204460933,1.366832513946972,225.13282041807344,1.5061570448097614,15.006140682870369
87.81162945598334,1.3120386961088062,389.3071870291409,1.540065723710495,29.749574974279835
78.9204628402471,1.3178328898201273,412.9502784510715,1.6794792297277412,28.73534212411817
62.74522606719435,1.3582074488379503,353.47153422007676,1.5177391175440085,22.08004701333865
36.79692718939567,1.41829753746858,167.9467963349329,1.4348033580798505,10.693364318094137
75.93734320003928,1.3365414448150317,389.808472558869,1.5949748991283452,26.42748828813933
35.971575201974765,1.4187982206303231,160.0,1.4176517918228273,11.733813014403294
40.625577265196256,1.4025231195325172,229.20340698476485,1.5187145273250764,10.888093050733024
51.61079846127405,1.3938763941116536,390.90868937656666,1.692122675809438,14.925369405864195
39.77798537249436,1.4025663846680805,200.0,1.5109578251867193,10.943959137088475
77.29016716177479,1.312718313008567,401.8391673399604,1.5894408819108357,27.99290385251323
39.31181584591947,1.3997523773628116,187.87878787878788,1.4690522979429856,11.723132394547326
82.40771857165109,1.3123068792715034,411.60347159907246,1.5986730813172614,26.95379826313241
39.57245626833728,1.3920581170273727,289.0021977602677,1.5058704527894795,11.143084852430556
48.576773512711824,1.3959429991985997,412.3185535028633,1.629427507386232,13.220105613425924
40.02866035530084,1.396240894758374,286.2102563735676,1.569997075692213,11.008318115569272
46.99515566708195,1.3927604385556434,415.73642267844406,1.6143170300837308,11.148815200617284
41.42235284970855,1.4090094429251516,214.7172813370751,1.5151620129124497,11.310739087301588
46.90309566007847,1.393196459030999,414.43683373730954,1.6140969583753833,11.097571694958846
47.14277720576184,1.394705024583015,414.2809041582062,1.6186451437293623,10.702752861368312
42.198201896688744,1.40825511504769,212.3902748375428,1.505579142406451,10.873779363854595
49.7807256795255,1.378330208401195,423.50443129718104,1.589706828106172,16.4245748659409
27.650389821145776,1.3968535712883152,217.2444455673038,1.374265516213805,13.901594535383598
63.16227593824991,1.3353601373231514,454.78528833304074,1.5071885316771922,29.937454753862813
144.48105399660656,1.299721048131953,603.8597128885854,1.5681005070958576,62.95761238323034
80.22723445718958,1.3205012686216169,409.5710455569569,1.5552157372435098,25.12757578632084
104.35310993284834,1.3223671018292624,879.6165504441885,1.6514176607228177,28.872050199709513
88.25826583168322,1.342442691545468,1291.681763984635,1.615259302556399,24.315043847934472
145.63995054867345,1.3168874353993176,889.7423291201177,1.5013038907070797,55.80962673611111
139.24263506544796,1.312207057550673,1237.2186769530397,1.6195883023694986,67.59417255015433
177.73773997699595,1.2941575665344698,1161.324673692001,1.5646115992746694,86.08811535493827
136.40783450441913,1.3065663297410888,1021.1611188917728,1.5879464741181777,49.944624164094655
191.4329232904824,1.2851927176661062,791.4030571483569,1.6122044557208095,92.27283434875925
34.03802145768181,1.4186370208639385,137.7374329620151,1.3875625298739127,11.931124035493829
37.26002451427095,1.3899413934645708,166.4012948095198,1.4011732585084546,12.33833996431327
34.36213923833521,1.4119151196885489,158.59867804286486,1.35217919981533,12.20317472195615
34.496670338320854,1.4135476215120348,143.2388703949573,1.3364986716882647,11.726673418209876
30.583236351100943,1.4166004145793107,159.68564716806983,1.2434585585974112,11.275639467592592
35.615321978542596,1.407478874354066,157.73792741912482,1.3402307756444587,12.316877183996734
41.98730472514736,1.395547814040737,273.43344566661983,1.5170314395094566,12.55621238425926
31.639657802741908,1.4132070563065466,167.7907998928561,1.2220451635186704,13.496036136831275
45.67912763535225,1.3752417593074326,292.93495602188364,1.5052795929792044,21.98636391088324
57.06218990903489,1.3727817010208765,280.51345834705916,1.443141364939441,21.56094879850088
62.90859855717569,1.3648045147888836,285.6500019730569,1.5685954738086465,16.857200549201163
41.48718856053015,1.3530629555670104,267.4090619277581,1.4620497050576573,17.909242474048483
59.84192768400333,1.3668987280283502,309.5961391213503,1.4292250569604046,20.11934515216306
46.69375958349755,1.3744348302320275,406.6926515120369,1.4297022689246657,12.749645932092852
36.47236594632539,1.408804525203373,170.9328300391127,1.3323613788989308,12.3902823591821
43.423014957899305,1.3999651984878845,240.69847837879615,1.41999407280241,12.004813010001785
113.2685858533644,1.3133667337882735,723.1451130404779,1.599102706184158,43.85668557126149
47.79122626654856,1.393912178624966,288.0591547736697,1.6015755799825016,12.31787784529321
81.69177039008653,1.34554553504024,654.2154647394311,1.4891088772651484,29.126891471392952
48.604047362707625,1.3756740524902815,290.732878899063,1.5526939143743743,13.193571658215758
35.9926223449445,1.4103527091813226,170.27283689263064,1.3932232378960292,11.556318755511464
49.78093398282984,1.386319749830528,289.11088345823845,1.6315947027549975,11.59027897610363
40.97616831897973,1.4025939702842778,263.70717030437567,1.506719097173375,12.00467926460114
67.54273209969666,1.3613099034973015,212.64926721022317,1.500791780391975,23.11313303833633
63.42583224732768,1.3558558166278138,217.0321844295448,1.3977019977774965,22.513033875988253
50.15054313795939,1.3818624667170576,314.4092642690647,1.5310846404479554,12.21742413165327
36.945148146198704,1.4097455709783202,366.3093914813039,1.4615759299589877,11.088552332970224
45.29352295660259,1.3669858444675322,222.81966977753603,1.4627130221446336,13.060508910225009
46.64492359781855,1.386368025935136,255.08246895555803,1.5053378656975194,13.9463511698082
36.65397429139973,1.4103477311936037,222.35022122683824,1.4838862758044156,11.188350783570142
41.61157037527514,1.398032632534129,260.59988627080713,1.4906669674130542,10.859636036706352
29.62237432861354,1.4092832091863587,236.93950355929735,1.4667645143160044,11.908488067680777
28.881462998011955,1.422345705397524,166.66666666666666,1.151765118749017,11.407872620884772
42.18397224636122,1.3958865563552867,271.2261342821356,1.498656822149583,11.0907237654321
42.632084683865685,1.402857558130111,257.13844381048057,1.5181238532466832,10.632652391975308
41.91801343813526,1.4045925328834992,315.8489603253036,1.536134717673591,11.89128787878788
36.68818165089679,1.385231547697533,200.0,1.421761328568979,12.269532214506173
58.0340846816923,1.3819005336424637,203.63621882616312,1.5032815865652769,14.537455512152777
36.34869627397743,1.3814310725267915,179.6284793999944,1.4564024284922577,13.450717110339504
49.68485827759451,1.395763332217872,190.5757828726583,1.6245758778987802,13.338304949294534
48.75372621504146,1.3824683415168355,171.87194697911016,1.489668646441277,13.418099976423182
46.3337737349288,1.387448659578492,322.3582947556335,1.5726052977711538,13.524984042630448
44.16049303940543,1.3849162291689627,320.3407948217882,1.5712767430058363,13.00891252648793
48.94363576103284,1.3764000437784951,232.24441815042715,1.4702460548381302,14.19420722453377
23.51494711701652,1.4466726830123775,95.11844635310914,1.2661452366701038,10.717060185185185
47.92769705456719,1.3761823283819046,159.03974113175315,1.4884452980651317,13.148900077160496
53.06301586016656,1.3807593668105227,433.856441055232,1.4916726549420405,12.426253996740872
48.43578310357154,1.3686649111793248,166.93966044030103,1.5163492457846768,13.51283789866255
44.07157772982481,1.3812043253873614,327.45798820384607,1.5695355595278295,13.449251707234454
47.689207147188235,1.377918792712208,151.9779418355756,1.497047675227022,12.50838814943416
53.38661127571331,1.3756875880513078,401.1968443324524,1.5409270693277384,20.15391089251816
45.20021025458883,1.3836933452078373,295.9738536958076,1.510661746075846,10.675152552726338
45.34814739754671,1.3836933452078373,308.3080750082355,1.51217968979292,10.946226208847737
83.16317813443605,1.3387410084118865,399.99999999999994,1.674245656404543,19.04159198633157
45.20546830504683,1.3822604461139003,297.25375506196275,1.4965582613977235,12.65423649002425
50.20475634321869,1.399523502988131,446.2925059560099,1.5518046851683092,16.23544164737654
86.5559073291517,1.319290024567312,419.4488117881915,1.5617414804144152,39.7341720396468
45.117839298812115,1.3825790408666203,293.77756034255617,1.4999232634928727,13.100962628260158
37.5612077201799,1.395112560634215,133.33333333333334,1.4092485115398696,14.240384998713992
33.56194546045065,1.385738503806961,148.05711966596047,1.2457462496950704,14.333336820394113
40.281234296870736,1.395751819434482,124.22942410111972,1.5019453547725186,14.114800194582976
58.851535561445345,1.379909794778042,231.8545718788001,1.6664284351750274,14.939978894842548
43.87909589872655,1.3759043148572987,302.569996323322,1.5307192439217627,18.844233217591604
49.75133555025256,1.3903230852509796,412.6635005331674,1.617844066331093,14.244403387440942
43.07219740792696,1.3917711751541613,334.953212623412,1.5411132902713156,12.860880955825618
61.53836338402977,1.3608260639251384,255.25070961047624,1.4909348261841255,17.265658688822754
48.33349878351723,1.3761318352700518,259.5932840506831,1.524458008835357,15.17648967978395
32.360037400005794,1.4411204737229784,147.0674219722199,1.248134305451975,10.747815531305118
46.00414770626887,1.39988748951261,331.22957319984965,1.5391405657374748,12.208708582970226
48.96451143656881,1.367576907884149,315.73756033099363,1.58588810630614,21.10689641120103
88.73810374343468,1.3344879515818266,536.09470489458,1.6042144643740623,27.103007973251028
44.11781237793075,1.3847707747574332,280.24583488011604,1.5056107793648212,11.44410369096469
113.3490728661864,1.3243690238409096,582.6422675284609,1.649486043739185,31.968905683443683
64.25673623620304,1.3569971075085332,268.3080750082355,1.4431468313582323,17.167439236111107
32.3628479220215,1.4348122205814586,158.17853308333102,1.2516648506328802,11.079632109788358
39.352379024923295,1.39656776939648,298.59534986262526,1.4696821435991665,14.403171147910731
96.5480684690698,1.33473013870965,543.8565660404986,1.6292055996360235,28.694722341248053
63.136031306858094,1.3661970644861638,273.03178676712804,1.4439248031219882,17.04773343805115
39.39269162809037,1.3873599118211724,287.3582417372767,1.4925493441126167,11.88809362139918
34.4986717322238,1.4036732591207317,245.07074092836416,1.6145120573982816,11.787494748799729
45.802825980083355,1.4013206655598616,308.9928597944846,1.526993298388997,10.464769483024693
50.90715060011974,1.3702440763052162,669.1582512566603,1.6371912318529045,18.773388146710683
33.227753690364366,1.3899487347675794,212.91419622409308,1.4761248939259797,11.294378169091711
46.14923533476867,1.397788463861079,304.7619047619047,1.5282996120495411,10.829424540544334
67.7611974232435,1.3544133024916465,354.09202006771113,1.5681768128519795,21.55113508663742
35.91059825059889,1.3976991094082287,213.18341831575424,1.3874351278832966,11.462119708994708
41.81593753758988,1.3997852891906195,285.1616817363552,1.5095969734726176,11.688600639329806
38.26234107817968,1.383968494045963,190.47321961188908,1.4350457334851636,12.29752491818986
46.3128050273144,1.4000558187089436,306.66666666666663,1.527195710931973,11.229465663580248
37.4501776349263,1.3916525186741564,205.08282171768997,1.4178251557449233,11.646775115740738
46.19949794866245,1.395504620033008,306.84287210669356,1.5247254788747475,11.864676346569372
37.02208038042828,1.3937043343734103,190.69197400187088,1.4020170980007831,11.626831321649032
37.61584878830304,1.3957993666881212,206.5117040328972,1.4197173145682545,12.238082802854938
37.03821091547413,1.41875969883414,215.19277695825943,1.4141585648759012,11.185248119212964
38.15602904842457,1.3791460759313472,197.16749203053544,1.4370514011161466,12.96451953813933
71.867972396561,1.3397559976024578,608.7469500982137,1.5173159250112538,22.76976100201868
39.41884708948915,1.3901857616202102,221.01209386071525,1.388095101218473,12.610378515089163
71.75616948817327,1.3650068767266348,618.0015505665181,1.5518700113273152,18.292409132317285
31.848704568893258,1.427785266443811,156.79079753131967,1.2693178764811757,12.137222624099794
49.9409209228119,1.378190733694367,467.43393722963424,1.4939443175741722,15.13419370672086
32.42976701249584,1.435221755197911,149.81423969999722,1.277580977314548,11.588727655606997
36.075775638877424,1.3905918726018267,251.95261140521683,1.4092384414492989,12.326700073653198
32.2092371337523,1.4185721868392271,174.90538241111557,1.1937787549023118,11.931681409832452
32.533446463920896,1.3936758638706648,247.6190476190476,1.56516606171195,16.153525752314813
64.85644173578785,1.3433010813979178,548.2717123189302,1.4036975970565706,27.57906746400711
137.80146386528466,1.3065835166973132,965.3350258071282,1.6278463856890613,55.99945571145582
56.50542763537565,1.377011648465858,449.1430559765356,1.5597125807865853,16.33378221938721
36.507126975415574,1.3709909510591372,218.86256223879187,1.406892439836957,15.004001802667275
36.1625504523144,1.4085958076175673,269.9494833498043,1.4472419189438874,10.77704041280864
36.57032688431174,1.3941960453412303,273.2804620068583,1.4700341300394928,11.827429866622577
148.11358598059232,1.3120879302471429,895.2257661518048,1.623503283393656,51.02373323901355
36.71143618873314,1.3969456480764653,292.3580473366353,1.4764564104338338,11.372139853395062
49.123752770358806,1.4019125316753425,389.3363860721123,1.587342984282527,13.08783515964728
38.134489934700504,1.3658913260132337,310.38509376029435,1.4364996374791963,14.250189900548698
39.80680913905984,1.3963664675239835,656.3811146244719,1.49195656817704,12.097216073495373
46.97553445517571,1.374093183389437,665.1958214683629,1.5098276464513238,15.083600381810582
37.29634505706191,1.3970629219726658,327.99092977765326,1.4052233956185132,11.10074322089947
37.95310401257184,1.3752936442261094,250.99494833498045,1.4547609364427176,11.931142086597816
36.46135066590638,1.3818673754333313,233.12808214099772,1.5260656355952773,11.061358346193414
35.989932897790176,1.3769214190331824,214.08821406264695,1.5079740799123622,11.034424913194448
123.09183084608152,1.3057621649252131,582.5411223788988,1.6408543206159727,48.73112507364255
51.792902975135014,1.3633782004257178,435.8322017114352,1.5939519241505418,15.04048679830182
44.28035258447321,1.3862386712457309,206.10400772245117,1.3510379095103262,17.57106586140662
113.76778361891505,1.3278792792415732,687.3628606286406,1.620244392503623,39.220821136507006
73.33512754273062,1.3513447991812928,572.7446102789055,1.580807782723446,22.282379008058985
40.79499020986288,1.4109011061054828,266.0541002728395,1.4183463018001052,12.291848958333334
73.92341921932366,1.3620120119746868,627.1277256854809,1.5661443951004712,22.35293619552999
27.492221873795017,1.3738895403122595,376.68438801070056,1.2779137882105958,17.45717472025082
47.780380998992534,1.387133562075474,409.1940133170787,1.6031894171074157,12.64444370055026
41.617278500682055,1.3791695685027434,245.95399870117632,1.3623344979123369,17.984082641158317
41.10094978453198,1.383634859359807,212.61481257463575,1.3835924453626465,10.764326051311729
41.52688581223983,1.3850892399068988,214.7172813370751,1.39023070472454,11.208309496252204
41.11307208538302,1.383415793685186,219.2519167931984,1.359867920961915,12.384115290637858
64.47900153268363,1.3415375675294934,393.6784117205942,1.4989900015394575,23.674667590011893
32.619881186010105,1.3410133422164283,178.30004234633398,1.441745468608125,25.42861177620469
84.41387158286737,1.346152190078118,335.2680689312354,1.4679887418119075,30.981297798190276
38.84802657749941,1.420604121670659,190.99407093782344,1.3327033746140695,11.133979873971194
39.37903083262845,1.3834881518219706,191.97794183557556,1.4481160545289982,11.34754983281893
32.2617403222848,1.3431885672752135,296.5759307321144,1.414159523314941,34.12867259837962
37.6597304935962,1.378983766772793,219.723110685244,1.4356052880683277,11.502702132936507
95.5290310348134,1.3103987186577228,373.2224890244611,1.5685814074928208,43.01596991824835
27.69635249562614,1.3964692128519614,222.55561865470855,1.328404656195305,14.038570188492065
38.007677855537146,1.4207501319825262,144.44444444444446,1.3406487194205474,10.928723269400352
44.88471994992465,1.3854382944841783,304.19575700586034,1.5452510690673686,13.95724305987424
64.31100588986668,1.3628292108824902,314.50144004601475,1.5340736788137748,17.2284884328893
42.445042528691175,1.3876912805556243,230.5739552869544,1.3694972388854203,16.155978438280066
91.56213902970292,1.32774100637715,477.2410902165521,1.6054116507289424,25.076496426759753
49.39726908509766,1.3925993572127615,286.6661188219863,1.445054371727032,14.275235446673529
35.42424029586955,1.4187667070112246,264.84236797208746,1.4299861743905813,10.901725597993828
34.13707029411084,1.380647804609502,210.02761414596984,1.351284037459622,13.384972993827162
43.11330262559445,1.3797201944746302,263.7460657299044,1.4423531635527964,20.996914771695717
34.403615252523565,1.38206040370332,215.98897091778775,1.439262168429563,11.427117967873174
33.21043509700277,1.380718363816715,219.20416577602185,1.3409528843304903,12.2022278338945
65.56250829460527,1.36008380437613,337.45028662151833,1.5019987093225342,20.163122510345417
31.950764587762627,1.367443707191549,212.61481257463575,1.4479688500484644,11.893793885030863
42.402436211979634,1.3902066634109,222.13519287155913,1.496270980759223,12.552095050297211
37.62153646920733,1.3773616203071628,209.667582657299,1.4375302720279868,11.598355516975309
43.80116961495935,1.4132986506359293,334.06681121179844,1.5046693353769502,11.181006267252464
43.92811706449171,1.408765725752346,337.71706661242195,1.4954773601236442,11.431336063627729
35.71100001704925,1.3845473554656604,222.5400187153456,1.4464116542053258,11.318551793981484
39.59709237849497,1.3892568506475398,307.53271471276406,1.5298459371790052,11.701161316195584
34.114311982225026,1.421226709812876,325.522872675315,1.418857530543814,11.104077518738976
36.05250811487131,1.3832419620243637,228.5640730174675,1.4422651123508528,11.65499275889572
44.09338641345048,1.41637991386509,335.21941930652923,1.4840230814781137,11.732776210455246
44.22235094795849,1.3721897884517342,320.9793579401841,1.4759728929478415,26.76687242798354
38.38571767352513,1.3856156631796048,304.9361142046765,1.5728846479309873,11.232222360008818
43.02765752470878,1.397738120698298,217.1384438104805,1.53074315704167,11.165765333971164
41.0511679511081,1.4071305183653184,264.19784209174094,1.457498815143864,10.854230737433864
43.09000486369633,1.396802196101251,211.93401338933484,1.5415818603181553,11.741318560313788
44.39046076049643,1.405742531484058,316.0013680533001,1.448711794272546,12.446178399600582
41.35442742187566,1.3862975983439056,261.1718843581479,1.4873973341421702,12.41261461548354
44.602914170134994,1.40583576590322,319.230320761798,1.4433906483124574,10.630467423804012
42.21713962511514,1.4116652610893738,256.5788865367009,1.514641441080896,11.496022990319863
29.84378827869189,1.400926436528551,204.3274042711568,1.3357980869793202,12.34511328563412
43.48428219881619,1.389993113811813,217.36398130459185,1.5442093069588914,13.69900465885709
42.613024504586114,1.413378779703833,262.4621125123532,1.5238688710961263,10.658933343855216
45.78714067447043,1.4059937112618082,325.77873595986154,1.45295182476587,11.86257409161055
42.46508659076013,1.4032218345050542,258.5050713405318,1.5098365916899572,11.924837756283068
42.98982842135983,1.4016597327813378,248.05061467040844,1.5304297336800208,11.267422288359787
43.821191478818285,1.4238085746827558,217.66073760449012,1.5595487892161388,11.141703960905348
47.13147710451542,1.3958593928461878,327.2056818574978,1.4554166347286848,15.498103439588586
54.74457640446295,1.3487614449432364,334.3983350250353,1.5137669737253017,20.71480032788451
100.85298633879344,1.3349483573863936,665.0476595789696,1.7069119116537417,27.284886702264988
94.84147454166784,1.333760458649447,403.6774880910116,1.6550478397356665,26.12004415240356
33.89782688038825,1.4008925956240958,186.16953420462312,1.3448324392854292,13.056413773148147
68.29512352600777,1.3437382344437632,405.7446135903491,1.5645971263294791,21.456151858855268
24.24989647480631,1.4047746647060002,171.42989158006802,1.2815348070307857,15.65969296553498
34.78286046484961,1.4204500944937342,159.62847939999438,1.3298890776400605,11.40843066077441
91.94697139270446,1.327918487292758,431.6281792735162,1.527277441087218,28.94430869608087
89.99740643340364,1.3301614424465218,401.1035004039762,1.668075386326074,25.66066454475309
41.313115870271936,1.4005051938970674,206.86063095000856,1.46050832327038,11.826942153742284
34.77991713947696,1.4100320975867835,109.25843766666266,1.2852211156752416,11.858302107445988
71.07436774151427,1.3518440086978627,427.1971756325267,1.4940052581030454,21.08358837743894
41.19057539586424,1.3906532695060336,235.1929366610416,1.4673465350300088,12.38793201838992
43.06642822053727,1.3954760866013989,236.58567168045684,1.4870125796534492,12.1489375239798
47.72449281657718,1.3770522279734267,297.1674549128127,1.4762572197390131,13.843507472794698
62.229646602140136,1.3693159756231172,265.1070453552598,1.5922772264030272,16.693367367145207
35.198682635515,1.4076019345611357,160.50247116310845,1.4337818640735294,14.698341194058642
62.16581906696502,1.3689425114122498,339.3545490728395,1.585402467479133,16.93404564181587
34.1698583305896,1.4047674297909218,146.66666666666669,1.3699484139898657,11.06523566100823
39.87957333457991,1.3815607896892177,135.9563108611088,1.4879253873232934,12.103833498677249
79.96123825615797,1.3405391680301098,476.7032781002458,1.560079096660268,23.995028828017833
121.22342084124944,1.3114958468915805,669.4848337010018,1.5890018327537745,46.91029632801408
36.88752652306632,1.3991824245354536,146.66666666666669,1.3755071497701,11.87802244084362
66.85867584279347,1.350813506936643,508.01157819640287,1.580968509097406,19.482799892526454
39.71686561891695,1.3827704487399728,151.9779418355756,1.5269327122555802,13.593843717849794
72.88822326735463,1.3442940164639148,479.6942598371195,1.589291017722009,21.179065447102193
61.88458654126496,1.3390920414085992,548.1845440738713,1.4919837137583376,21.424370913133348
25.28946169091117,1.418732860823743,257.9476778447601,1.4311915999007156,15.067194733796295
68.6517126773592,1.336775374436573,504.69130044565946,1.6065496569248872,26.39673321759259
72.5177483912937,1.335626407397577,486.1878420038761,1.592834728145938,27.00212116340878
97.47755425865644,1.3209431189726446,485.57996274402507,1.428819488438506,41.63089002307953
72.23207776317571,1.340091180576349,490.730532094266,1.580581421494719,25.73961949115628
26.29827598548142,1.3630675763860447,160.00000000000003,1.197186878923751,17.19834362139918
66.74714595951464,1.347180944317532,456.3461762754572,1.5631394573747488,22.15766630973975
37.12588281154589,1.385768554128722,128.3060567142817,1.4099263713140635,13.864864245756172
26.338699091930113,1.381897527619372,151.91674071650925,1.2162310090397457,12.69347281164266
35.595456155942074,1.3880171169005155,137.3604463370989,1.3744175717287022,21.688720754211136
30.11213103430518,1.3960806713172211,179.62847939999438,1.5326438647553882,13.449440264917698
25.099395989501115,1.4021632512914308,650.6030838708338,1.605922292156679,14.37430335097002
40.893657940339665,1.3909839822489292,408.633518967381,1.5276222304173095,11.85889448302469
82.14499543033202,1.3448575473738351,674.322753693099,1.5794595485777994,22.520200399522633
55.10627940878942,1.3479890528209812,222.54907341358884,1.458832676471829,18.21228445070551
41.289842600129425,1.4017438379250706,387.98692684790376,1.5364649331231943,11.309488650977366
102.31693074287988,1.328590236033724,449.6181521152481,1.5885909281530453,36.76867277628302
97.7900360618148,1.3152227883027705,531.6096659053721,1.6073202068278705,33.82310854704747
65.29357098432989,1.3578466187115217,572.2001803229348,1.556073403791053,20.217940026089376
26.516718623789792,1.3749213003501275,147.79043435013307,1.3880056303803785,13.361180242742742
32.427710341886296,1.3866855468910115,203.09100305082623,1.561284809992641,12.316966748649692
56.98177472779465,1.3615995473300984,747.543548291391,1.4852108345833324,17.023674678687602
45.26228328874324,1.3846767621075395,242.470208426877,1.4739742739610235,11.888499959127984
39.4418605967956,1.393101164012145,298.09698427787396,1.5901205259889608,10.71643886784512
78.19966453959313,1.347276290761945,351.12054883833474,1.4403637560502434,27.683393628037393
43.733145342381846,1.3876745327648046,290.61671941465073,1.6058772549587832,11.761389451517488
42.47348596250957,1.379668047798205,273.8549619542787,1.4142330730261905,13.47887196905511
57.04618479654193,1.3768731871233548,187.95124589346625,1.3259024294506618,18.059418687763134
32.123905198573546,1.4072600129591388,282.83402873687555,1.3739238496100674,11.901362525720163
26.026138079028108,1.4003647839795614,128.7296522067409,1.1892214821427924,12.737683142701526
41.73530879914146,1.3903558500990618,291.15989952032277,1.6072698935450294,11.148037174823632
26.48695239974822,1.42720703496937,131.817993564969,1.1671994503180412,10.783605163323044
31.74078240580401,1.3885698337395744,334.82504200695047,1.3731700260505246,18.21068834876543
42.80755286938837,1.3892120539271435,293.5474719766473,1.613024740347376,11.291253604207276
43.77167767504706,1.3860342688652785,288.7703247230697,1.6013101704841055,11.34777939618644
53.36645305173697,1.3700030323865875,360.8787508323397,1.4213627043614043,17.704708434532478
27.69647666473545,1.4216419211390292,125.31127516890892,1.383179545092748,11.612328800154325
46.097862122685584,1.3881889449834222,203.5039559012087,1.649569825384382,12.122777633728417
62.34538191271681,1.360927801800058,493.53574851067987,1.5634192015133257,17.17464379975766
45.2045440492636,1.386043602909628,289.9494833498043,1.6301842339355483,11.132357779180696
36.89366790222802,1.4074865630689726,221.64015491705885,1.3521375978483794,11.864221386316872
55.722679843013736,1.3681954463698545,301.8174580086276,1.4451739614652543,16.533206641302332
45.225333629544174,1.3822852659917635,289.2315893033618,1.5912694492091324,10.890537591628084
45.26845171627959,1.3831703773851003,286.3107711263549,1.555444088572988,11.376461658702494
96.42852464117932,1.3357558553583475,422.3497380075141,1.5032360171618702,35.82372178017078
46.87922803047916,1.3965617381568174,197.1649359315519,1.4573489292434665,15.188929158253124
29.685696544847332,1.4222795242100843,132.0810970393849,1.2790803114887226,13.54236014660494
87.25879718123184,1.342665619358992,803.2444769093518,1.5666183890913254,30.22059560719909
62.66038447397695,1.37713799075648,401.25983171897025,1.5418045493232049,16.380554152138856
62.16629189181588,1.3713883404191458,311.99327712014053,1.4266773714326002,20.772666261746203
53.64369372835933,1.3813771629896958,555.1481336409703,1.561371594672849,15.906282329002616
65.2460256248999,1.3670070880643737,280.2196436594944,1.440440911295196,19.524562021131143
38.66832740439501,1.3981792797324482,299.961141038311,1.4886184114777288,11.53920318011464
39.56459174630198,1.396473899202309,301.71556796596565,1.48470397632632,13.300985510973938
69.92527712952477,1.356163025634409,365.4168437443201,1.4958986425569314,24.823967178603223
38.432983884881544,1.4082895041713657,290.484714071938,1.4959472044100728,11.62336622546692
45.32900469325835,1.3854670968233838,248.0506146704084,1.5050303251626365,13.000232445987654
41.085383668808255,1.3764918285345054,171.1276847121199,1.2618288592944185,11.590167261445474
90.32659373445584,1.3225979689467575,643.3219072974579,1.583132479494616,29.248236411932197
36.01183417892714,1.3861056388683195,193.31495152964632,1.3895788828082396,10.80533096340388
37.77948963244357,1.418502496293096,281.71771098770665,1.4792398353835796,11.387552083333333
66.67198697179002,1.365334787987074,268.0345069513074,1.4268524903517368,20.1252591765873
91.11971449687832,1.3343330897811247,677.3584709699155,1.5578696509234524,28.543013370498244
36.72289531028676,1.4181836702230806,279.7077797795522,1.457017117973447,10.94405791859568
69.65137880407039,1.340587648804161,403.93705136688766,1.5401069139878334,24.99172120949074
45.21400268903049,1.3979115093471193,336.1755282037915,1.5647105214016572,13.38546502435851
33.05869934774367,1.3996891056189338,182.4978824777941,1.3695815153823436,12.135561583719136
36.35695200647413,1.3760869612639162,185.3005664791649,1.2888024515690093,12.499436835562411
38.248624784549165,1.4016269068228926,281.5124780918478,1.4847107669747177,11.397803964120373
55.79060817249472,1.370416100524127,297.7051625210966,1.423116332838504,16.694849582736577
50.13483752871639,1.3667090456375346,296.64447665117234,1.4936562444175072,15.436124526515153
42.77776993562426,1.4071160424697289,336.21768711104886,1.5786187569744663,11.651505890906934
74.9160129817261,1.3472283588086815,429.9969050847238,1.6436328823461566,21.85024834412728
39.67881687963292,1.3915682051739042,297.93641019770814,1.501697649728298,11.89614744084362
80.89258663505738,1.3260937252245948,557.8423950198916,1.512876991915164,25.151757750371125
37.054390203093746,1.4099799867204548,102.69600763465871,1.2330555321134975,11.75633983686067
41.09742929036385,1.3916813151693763,289.35902348201967,1.5210040533407745,11.404264564364988
31.1809443928079,1.399167304220669,147.0674219722199,1.400962106545992,10.741797150573191
101.85066617555636,1.3171140703458415,791.0509797782797,1.6763865232364554,39.46030244157849
31.377599453869248,1.3876618731445562,184.93073835762135,1.3676572599023664,11.8138324116941
103.77571495805944,1.3279967093653895,796.9682166644036,1.6484511355414977,35.231803219923954
49.2451218201721,1.3875967291317444,251.49482651841075,1.6012937324454426,14.174944834908503
111.99620988745774,1.3186869414167153,648.7947248847411,1.6137283344608655,36.33734049735986
8.869668379321489,1.419307101102023,178.9888497283658,0.8517300239374567,16.467619990596063
38.55347095195174,1.3933826943236476,359.0907585162125,1.458236606490465,11.13817759395425
38.02363504300834,1.3832392226845351,372.2648402646585,1.381305549524063,17.896470157464563
50.4713144688352,1.3822034866919064,314.5223073779606,1.53575529754187,14.14295256533252
85.67775374136423,1.3387740682537084,512.4891989140626,1.5762634136212588,26.02091569622521
37.32974252660187,1.3981403711283262,363.6363636363636,1.4474268754408666,11.485765094521604
40.958822222667344,1.354126248714837,379.187523402768,1.4761571877721755,22.336122608024695
38.44241511909744,1.391949871157637,256.61615001647095,1.5740432987323316,10.94831854423868
39.180494314489856,1.392176767893642,379.2843549077364,1.4828846833301417,10.545203510802468
39.50600522768524,1.3949026947689098,383.33333333333326,1.4942447242011865,10.951503236454048
39.7236521617946,1.3893072954301775,257.13844381048057,1.4773629913163508,11.349313110853908
18.069239952889287,1.3622036197703384,246.6010211690935,1.2034535940540112,19.99070759923697
42.91410890953061,1.3948618859549595,421.7198349144766,1.5619159561756752,13.342328863056895
9.34392420876223,1.4450855661904916,159.6000634141036,1.0591474124193128,14.038605806327162
40.284857245190054,1.3890203003203554,254.05456737852612,1.463270809778236,10.579904272762349
41.84010273077302,1.3897061354690716,267.3459862220314,1.4938238466924867,11.530968497232866
9.540213271279056,1.3845326485406422,250.8699558212564,1.05954624188722,15.984968171296297
43.358462973143055,1.4019390629385429,190.9442765886854,1.52176007318046,11.377369194328535
50.64967802175764,1.380547902902984,546.0946889648419,1.6114237041882349,15.266624349857784
40.74392568509416,1.4031748997812918,286.6573287008837,1.496616679802416,10.71378677179784
75.99384266824958,1.3469807058729786,365.54183783818394,1.3509585999358518,26.955447389094267
43.64499112857936,1.4045236710727445,190.21018246630015,1.5005859797044645,12.51354959647147
15.263128594978024,1.3731776789917236,159.09269413150318,1.0703102280867525,24.57369875042863
27.4345660468217,1.4210676288829174,140.4975891732101,1.3072731418169214,12.00939107510288
34.187837789927585,1.369569867175736,330.7215556561691,1.4449789381080511,23.317548776455027
32.954158747349915,1.3676539453574668,299.4086234547853,1.3575523915327858,16.831687692901234
15.065129672244604,1.4243824082697272,101.113196591651,1.079168907663721,13.551080150462962
39.59265755305754,1.391108675450674,301.3393949435278,1.5075917763819118,13.144005979938273
109.52530144741904,1.3229883211665028,849.4277330339556,1.6554114362342596,32.361738517846696
40.59217728260111,1.3719560815776826,307.8144759021213,1.5048705300813587,14.723388310185186
46.113717605399174,1.397208209271358,184.0433840032072,1.51850231087626,12.594148347852068
41.68818790794984,1.398209165914759,217.6619114045792,1.4788140795791611,12.324069141940235
48.9207322646235,1.3560361099992178,169.64342095277397,1.641748962258708,14.728316883146636
78.0848942589905,1.331615780907944,465.8212666828882,1.529640588872336,23.588331329187845
31.59936732580619,1.4160079180758085,212.3902748375428,1.3217337491361758,11.145992262517144
53.81984417393415,1.3592735406787673,258.7264809531782,1.604971955144398,15.084017443783068
40.61472201926042,1.411974235670748,297.2388769828381,1.5117067794848436,11.518722479423868
54.88280665338136,1.3707707266643725,257.4248587433875,1.6045865255864258,14.534349922839503
33.966907144959784,1.4128314022992463,204.3274042711568,1.337162203626633,11.0448342656893
40.15865309699317,1.3764898607693852,421.2995689601837,1.4651536556329643,11.531115612139915
32.72755689411162,1.4242516360834832,211.0379610028063,1.3069348876993987,11.114452267661177
42.68801177462261,1.378460795432893,433.9145489533313,1.4223026593140775,11.422335551697532
39.858381675649795,1.414211551236371,213.81573878058407,1.4485276713476003,11.425906264838554
32.57939329411621,1.423091651655806,217.1384438104805,1.330761291240947,10.915077803497944
61.45301452292034,1.369716990393918,394.29665299656824,1.5083484082429277,17.84732496348525
43.04565997948589,1.3968038365820543,209.66292084806784,1.4475687404940396,13.05871090735918
65.16593446185745,1.3986446576296954,364.9442605635838,1.3925229678047613,18.62935537239429
55.01251542782042,1.379884202403542,268.32219221572046,1.6335099141231575,13.64615841945966
40.2391149565069,1.4053489946755349,271.2261342821356,1.4957295342171988,11.651177372685186
44.61327315178265,1.4105562877644535,205.5091883821211,1.4975942395742283,12.34491002172677
44.26127888384944,1.3779866514206778,205.1933637102153,1.4484898106866813,14.379081639419368
134.3377299199471,1.3155217050363706,569.9493262108565,1.5181266295662958,52.90942816282545
41.14462280504318,1.3869291446420138,276.63927179898843,1.4617329410663702,17.010821548273533
32.30274758953524,1.4266841727017483,202.539062688698,1.353050028385246,10.996367463073195
43.97587653695449,1.4079039376934102,212.42852994733175,1.5072446284890804,12.450824227608845
16.864389192095178,1.411401112794865,231.48511543028877,1.3151058074119883,12.877677434689152
58.34162496465359,1.3578619380739378,362.8478048913598,1.4050585974169605,17.36138237847222
33.829833883719125,1.4084807718534875,267.5156709812713,1.432578808747091,11.79067001028807
57.095824478138056,1.3851670554265278,367.46233674780734,1.4519584169192563,15.695563347499071
72.32378119791223,1.3575490473897454,456.05654738560895,1.5491543700912105,22.431982203074988
55.79755578514722,1.3829162838894675,262.0952429968539,1.657739391475425,12.296006473733575
35.27438515079286,1.409286425873118,258.90150893739514,1.4223889297304058,12.67352578446502
55.46282940831418,1.380636442004676,297.44806593247114,1.457942784660954,15.860791004894814
35.97083624652226,1.4061813769275575,217.1113454793937,1.3790360501291354,14.639038146219136
66.78054643943858,1.3458874530866087,609.2000298985555,1.5428466075651666,21.599168870961748
36.67183447451681,1.4109780449958185,215.7142179871568,1.354710579950673,11.177525077160494
48.19482505614552,1.3936107756750018,293.4470776707703,1.5946301796631246,14.408970503530036
37.51838991052742,1.418699685172956,214.9596816340198,1.3501514677030022,11.460041956018518
35.90557716345503,1.4084369157882306,196.9211217556103,1.3905715393205706,11.79970031415344
32.113406706194596,1.41966141362387,220.39717454962016,1.4338066872128408,11.462693222736624
47.39134116241154,1.399322013069718,234.4402249669953,1.5341127868784386,13.847232348026838
41.16757524104206,1.4081652842629575,209.4972287464938,1.4623742668724449,11.661940230023252
112.43106828271796,1.3080851024534694,782.0346248510715,1.5540381930718663,45.478277441400245
41.25737765428693,1.4049145892349206,207.3661994865088,1.4639963576795436,12.462344593942902
107.0283751317098,1.328754247663732,765.1106258107191,1.649149790343012,35.44983463621727
41.156516741195354,1.4067957073966983,206.1602416666836,1.4582726573202658,12.624296698565944
46.218717118551346,1.3610047812072874,319.6677531824438,1.4818469989805123,16.459042401138902
35.230141621490716,1.4129836296688223,214.7172813370751,1.4142291650836896,11.153324928350967
47.344374627200715,1.386456434407391,303.7020856535074,1.5863430420632805,12.989825424382715
36.35599334049221,1.4080674665111983,226.50236606711425,1.4337606493846775,10.829938271604938
41.187533823541656,1.3954943519996896,225.3027446506757,1.43729247241796,14.114349335748797
48.08769570219415,1.37799606743271,306.6666666666667,1.4820623020655674,13.360452996399175
36.63357896725841,1.3984566537849712,203.17092539762265,1.436481388748357,11.086019483024687
46.73195297936713,1.394765957105984,288.11855201893377,1.5781180727146715,12.158277193413127
52.44311311374581,1.3837666251822984,162.91316660830603,1.4868617981020056,13.544988143832011
45.453498735922,1.3749605692264444,261.9762707142523,1.53083121206857,13.489367060860278
43.51494981984206,1.395446539555471,204.49603067641183,1.451873204518834,13.478400379546212
36.12176098111474,1.388207366130502,264.37393020598006,1.5331805216787262,14.006844686948854
39.0375498200468,1.3791589309468224,278.4921969352226,1.49413496898189,17.45363253483913
40.12508824048926,1.3943435151429144,213.58584480087887,1.4185753035798248,14.098546064160914
44.862347374653446,1.4032227584372368,208.76560700029995,1.5378283793379934,12.061722672163068
34.26158747569172,1.4142534109723293,216.48090636666387,1.378279868821848,11.256187467849792
42.90326712108046,1.3919460480319708,262.1109317632847,1.53364697924517,12.898665350802077
40.955558302671626,1.404217168057121,204.05694150420948,1.4206660060947047,11.311055919924554
40.419984592767705,1.403761431019776,204.50771278245497,1.4149571290522835,11.0711143904321
33.63262449105189,1.4072831218163762,200.0,1.3546754822785392,11.289975405092592
40.37766574870394,1.3535406178466092,493.32498307392024,1.5012531550919332,25.86859401304714
25.790769013395483,1.4181911126278175,152.86132489761798,1.478576295757764,12.472361937830687
41.381051868953456,1.4017888962962874,200.37949641814876,1.4273156029527636,11.888585123028122
43.531235512836446,1.4042576877984974,275.41969865709626,1.4955973867253494,11.715170154963992
39.45310391470881,1.405920819942234,203.96008341687784,1.386687511461411,11.032784184854496
31.88826354448739,1.3987547395950426,200.64645379565908,1.3692743639236966,13.497852083333337
45.38387861681467,1.4111467381236409,270.303889792439,1.4929736142581655,12.111628383190885
46.119021840854,1.4037714715703364,268.7184270936277,1.5368855125319976,11.461290080589848
32.30286318055413,1.3979458293304627,202.1637021355784,1.357730777174811,11.299618698559671
45.05786773061589,1.3870761856742035,172.43070052602,1.5385293901117527,12.965920286016951
38.362523690221,1.382851346787631,296.2950018561393,1.4405124333781385,11.069214590567128
38.29011002848717,1.4150912267615288,168.8556750156504,1.463200617365822,11.55252154063786
40.70427324272829,1.4149152934762168,177.32187706116352,1.4671962712903408,11.680088596781305
38.229599990159485,1.3835814488250668,312.6610960529085,1.4636635587113718,10.83023292824074
36.14218004460123,1.41698890083933,148.8991772873139,1.430385072599526,11.782829619984568
62.72061658527858,1.3618598148514862,378.4853562071497,1.4720649836105535,27.927962110728007
19.758823956117276,1.386538953673713,159.16704083972795,1.3285135077979306,14.568175636574075
48.88424033425389,1.3549658851994573,391.7490386133449,1.5729078019270748,17.681445397682836
36.005668059928,1.416934395957668,150.8879130847295,1.4743905061010036,10.626245927640603
19.52824436428753,1.4144288463971908,107.52660136327977,1.4867505683361169,14.269420974794237
40.96374588138745,1.39437719286868,301.62752164014194,1.520268840897716,11.780020667989415
60.61265025148833,1.3703047965169155,361.1035004039762,1.4754811506898144,20.1301160622428
44.66813990033631,1.3844912703537415,299.1792875248718,1.5079969580762016,12.257539338073192
56.47787708417397,1.3648685259325453,324.4655174789407,1.5265675319328254,17.599003728034347
74.70458467106013,1.336907057259709,355.9154883077419,1.4782767354934212,24.27620103114175
39.75693510901915,1.4006654796431297,308.3080750082355,1.4970065350153086,10.592920042438273
39.73632568811173,1.39614768476452,308.80763101868814,1.4918091326419245,11.141151006593716
36.71973896123392,1.4286104929289627,168.46975177964867,1.3665193123976185,10.895293209876543
59.05865625712097,1.369681867572367,362.112162856166,1.4713945859335995,22.874231871006295
39.7959921559561,1.4172113419221928,306.8773822781947,1.492803995772587,10.945164207175926
48.11830762230491,1.3678051598401906,262.3777154422547,1.4987981490387328,14.08868612049574
41.18570626756453,1.4011922388827451,308.00693728971646,1.5232478596009833,11.61893879159957
45.61236163183169,1.3948209776101057,304.86470532333277,1.5818689173441876,13.307428836218463
41.133297486410385,1.380406762356826,135.32491929095696,1.5392338045312028,11.431804813627732
44.040168123828174,1.366791594916899,131.17188098147682,1.4995857057810382,12.952561342592594
52.68203244282392,1.3676539182396656,663.5406224296429,1.5323546996190651,15.098062089787152
44.11684368936226,1.3872363952590323,281.6262811542167,1.5659404887136643,12.841051504629633
35.022749014283654,1.4248961137192997,186.75800196499048,1.1902012344423862,12.682607684277414
56.197421075489686,1.3834865993677972,320.56161259157744,1.5716646111688952,14.61588320774383
99.08420273263432,1.323532750080163,574.8284449255925,1.679238823638517,39.89297292952675
96.15706211604731,1.331799398016951,534.7168388510789,1.6636284642238297,31.36165837191358
42.257824518247645,1.355463129955672,256.0797523820154,1.5595104666838195,13.677847318672836
40.715788550376615,1.367948131684623,254.8776956400274,1.609603246317747,11.411067033179012
36.84607667684852,1.391988152679407,335.5285843155208,1.3996468212645676,16.32679976851852
37.7622101071605,1.4193023160330134,159.45850138754042,1.137085885318735,13.181740924562028
39.26624616153705,1.3866907044935937,314.7879425762936,1.498815040564746,13.41366923905355
29.48010752540261,1.3929564960455776,309.4502927063291,1.4605007287845104,12.242394545355914
22.193082830089924,1.4217563038849743,117.67666309164944,1.3227740978474387,12.683946180555555
28.77043934176884,1.395857878531246,308.5613815126299,1.4496586662127433,11.90414375048836
86.75267430930346,1.3439578298474275,521.9045018743818,1.5860624752488406,26.21308572468312
35.84644814267052,1.4106644085110691,334.6535935145704,1.4113914352006125,11.535823366769549
34.73263633700396,1.402248554973208,350.627447210378,1.4186452017622084,10.96676183127572
131.4839271307834,1.3150547669559485,770.6222337257225,1.654920927295941,46.31378947337405
65.59820334936087,1.3578887099105537,541.7676255321139,1.6291506735244674,17.656549355320752
55.21810705674119,1.38456271652834,267.2483691867122,1.400389258530268,17.081377996474835
33.900251273118094,1.4009205969103034,455.4068825680663,1.3983945242523574,10.914230404449588
42.841346695911696,1.4139127065883943,177.7267889931472,1.1023433631085937,15.832255979938273
49.88279259568408,1.395321285104496,316.17180025891014,1.590924622375166,12.60579318576389
45.45703783903909,1.4073544622660443,352.1101170615365,1.58087554368462,11.191169649216524
28.68333793076723,1.3951241240102998,298.10254131207614,1.4418880665366114,12.869720520976427
45.69222773339644,1.3957778811771926,344.91444939879676,1.5728807016865765,12.24175917157688
45.30340734458947,1.3830301060970351,357.62797303271054,1.5729976761374986,14.989602185044893
39.80322102869201,1.4241870184537966,176.76456989870275,1.115801609766265,13.494875290176218
73.45205262381717,1.3604112363411829,305.84776123553945,1.4924374419657156,22.02159372118838
46.17108325958201,1.408786727131113,337.29411387704465,1.5976351361616754,11.293896122685185
46.04232561182276,1.399358085816054,358.6755728609309,1.58657742898823,10.876531773589065
44.221336840636624,1.4071767687914876,357.7559891909507,1.508882533917648,11.108546296296296
149.60948095692808,1.302015825166139,657.3524188367068,1.549304032342751,69.48614441197392
41.056493096672774,1.3988566951044568,253.8072948844648,1.4764339324726166,11.245916694223984
38.17303275863403,1.4368298066724892,153.5916215010141,1.1472670779464254,11.780283564814816
39.77042698533973,1.4003054435248945,250.26328780851136,1.460638628393905,10.867265795206972
38.87540136137115,1.400721197797635,252.45272825841832,1.4803267100509474,11.5224514531893
45.261072280935814,1.3915168612104714,228.30807500823548,1.550686183740048,10.932450649434154
45.713582073375214,1.378056909262133,866.2018387752757,1.5792358328915466,16.670755208333333
73.10307095441685,1.3159647174555933,342.03967762334076,1.4802879852200446,43.32412056856895
47.97512960061163,1.3908346967569716,407.7463245731412,1.4862360252795934,15.651753922561218
28.599562113038616,1.3429115807943246,241.18624114606433,1.4185942251451964,27.942821180555555
45.1611447011957,1.367281794079647,241.78446482307135,1.4218162216461805,30.25650332470951
28.82978691985762,1.37507505435192,176.41097435152824,1.4252953038601035,17.94911999145723
45.18755625541067,1.3869104357167426,242.0452726593075,1.3608102495144894,12.989438726299865
103.682268788075,1.327401080035435,708.9694282320369,1.5839744093930133,35.15652193994317
41.551346684111515,1.3698533113921627,274.47226182161586,1.348008021445728,23.58130365512117
47.021957430634224,1.3991959429043688,204.05694150420948,1.554344153451945,10.84564857681756
47.14363975842759,1.4012451082685304,203.09100305082623,1.5524419660330864,10.94317756558642
45.79832531474098,1.3789476775976717,212.7226274526888,1.405675831076619,16.28091579861111
47.69312998741477,1.3980052373059828,204.1527651691596,1.5598515616635864,11.284757716049382
46.94301956698334,1.3640412599557312,219.3021459460589,1.3878010991609102,13.85467833719136
48.40601977924718,1.3849338110396714,205.61919701765547,1.5644320943544343,14.081300480769231
44.76362047489228,1.3823971596343267,269.826295326971,1.5039496447790583,13.095895750661375
40.93246059505843,1.388871017315363,262.68709973344045,1.4258204643108925,12.500114930555558
56.958533767365545,1.3687981141193395,389.6785312429497,1.589975453392841,19.82015625
60.78829576756392,1.360081052588047,384.6412889203977,1.5832596694668222,19.579547765637077
48.61677602869688,1.377280329432728,201.1862997075889,1.3809314125722425,17.118755744061968
50.320311311973946,1.391545831589557,221.505546741582,1.588224669641362,12.71175690082896
93.15189221891052,1.3408375413664997,427.2340040373802,1.5449453704881018,33.78277770571173
41.00602493150308,1.3882408480157136,254.9747416749022,1.5186411241798616,10.734171328446502
31.63848546925609,1.3729147186693271,219.93837342438863,1.4405697425552608,15.8618359375
181.6302446266124,1.293822550566632,645.4869153014914,1.6355826453239863,80.33410215914735
42.49669983730181,1.4006641334242245,186.66666666666663,1.422822693249847,12.092409014917694
37.623962606116805,1.402590831495784,216.28304883305964,1.3759818394076355,11.81635211709105
59.29047631572221,1.3477672936254366,361.403026976748,1.5831279710966215,18.02369153037421
58.89197721630762,1.3611399892015417,420.8426643180881,1.4658786729169917,16.910658790639488
30.970768852286863,1.4059412682171528,182.7390545510823,1.4946260246927847,13.402840591242285
66.74165478200862,1.3514220835655262,445.2974692256119,1.6479026074006693,18.17064101529421
53.24414539197006,1.3664453313524445,288.08614000851526,1.5397728392169936,16.494344135802468
41.10421804368847,1.399392850627918,296.33852748197125,1.3592867858908315,12.470420417524004
37.65466052849702,1.4157120274273765,196.9878945090877,1.3252165380678278,10.942047526041666
66.34332744292593,1.365052040017456,521.0270153174744,1.4767294011577567,19.163338123567403
56.08086660601461,1.3641757052935786,148.97473883352785,1.3691243361410792,17.168413477828587
31.1579588450024,1.4119513949724176,217.66073760449012,1.4896411559811584,11.82763888888889
38.46642596455063,1.4008100373413197,164.22942410111972,1.4767702816416906,11.13708314409094
19.147259031366872,1.4330297597746309,124.74191958238175,1.359178735359389,11.538867807539685
38.43569990716664,1.4021318685645123,226.47321877009423,1.4515260204850844,11.06646281139771
37.333717302599936,1.40195066970956,220.5098491781308,1.4496680913895197,11.398543900777904
72.5498039899474,1.3501947141602508,496.3505430669603,1.5799530698520756,21.14263792864239
40.157792954596154,1.397235627024069,201.5455015254131,1.5284020447001687,11.30255493301066
39.20492938096476,1.3859835102614375,193.27601288543545,1.4819403653500858,11.106713707010584
32.21959832078933,1.4030918576931883,240.3530440441068,1.3025558695778543,11.34777054398148
32.82631747019694,1.394360570448666,275.9013030190055,1.3586142603766818,17.7858970848389
36.10072741724766,1.4286683692216666,204.3274042711568,1.466823800978732,10.532920685442386
68.38918720916521,1.340118421343322,220.4886242885283,1.2548802705267768,24.97032143240924
30.3687778943374,1.3864675445412045,254.76813917546855,1.362138969799491,15.5252287808642
34.80635564498168,1.4027594739260123,233.33333333333331,1.365027170120994,10.899535643861451
34.03784237642495,1.4291009954486922,187.74851773445585,1.4203583693947728,10.683843469416386
40.161339421270576,1.3960430766559002,199.99999999999997,1.5880514226473232,10.782716876102294
73.78299370155115,1.3447215279837124,487.917319691937,1.5730277418894674,23.864369790646
35.49605578113249,1.4080753980925762,226.2094261838591,1.3656006193214758,10.516538467721196
43.93254066431782,1.4003050878593586,457.73578807903374,1.5886092331841029,10.9694815779321
43.63553099451467,1.4057067862229722,457.67856497537457,1.5733170925006843,11.72504159067527
41.32552916151547,1.3904124676824294,187.61309575748115,1.5684358619490688,10.670214671516757
33.838017621996904,1.4175720069979247,184.95010847124857,1.4076790536028645,11.27614588691701
50.73666255648192,1.386387057465018,190.18473177220017,1.5636019323596468,14.712636620958854
55.68076822873703,1.3799824244022858,207.54983311789803,1.5154335581496876,17.482349673640332
40.42438440020688,1.390701103821247,270.1506289834822,1.5122941233748628,15.155910172325102
47.63636973021575,1.3694394990535947,219.82144084446847,1.3763196533934812,13.726827835648146
41.76913576382845,1.411159003099938,267.97979333992174,1.5679361721909797,14.757451589209404
46.739438571874594,1.3630437874389327,218.58970656425845,1.3550920066919303,13.812674376362454
47.509155085039346,1.3910267125521203,259.5381466980656,1.529607136913235,11.377991553681657
108.78321012823888,1.3216880059791072,419.37301148929544,1.5312858433654724,42.50571750989732
48.19614306601774,1.3880209434928348,255.55555555555557,1.522140581265159,13.275160934744267
37.22850392840035,1.4033100404754617,207.7902017320366,1.4097405555450873,11.370544222608023
38.54068506816805,1.398344844587626,203.1948889251252,1.3788940219109045,13.553114075919217
46.6299196896123,1.3350803188791582,336.96042617423063,1.4615922591571362,36.7508142970273
43.9929290272364,1.3990314923024352,442.31495164410586,1.568638185230413,11.98160580934611
38.54965754130901,1.4033141600107175,240.0,1.442888081432838,11.047048932613173
49.25931717205846,1.380195485594405,222.10512440236752,1.4480103791206247,15.39213500425627
37.65731313330785,1.370907095224246,267.9716173984508,1.3961413686318012,26.156160025352733
25.3136172806349,1.4047931060602403,135.49703546891172,1.4438989933571733,12.181549479166668
24.368052830259572,1.4326514902900591,174.65359351457045,1.4098021382804446,12.1283203125
23.991656045512055,1.4307701119798384,175.61632542592122,1.42352234461798,12.434505690586418
10.28950472273976,1.4117075802413614,150.0716118170059,1.0139851688613095,11.883164544753086
38.57644068689029,1.4092350802733873,233.33333333333337,1.540243636927101,11.105788139329809
10.861458016651444,1.4182619931880167,144.44444444444446,1.1965979009657388,12.29999435074956
9.739871018702166,1.3909679819384035,110.51606095251196,1.0521389965610295,13.56711503051347
37.5560105547658,1.415724338588566,229.6296296296296,1.5180525554726685,10.664068383487656
58.21609929153038,1.3602975164793505,254.192742518538,1.3604592153467394,17.68814676556294
38.94304370169507,1.409451718912256,240.0,1.5305125591748086,10.782259677211934
56.72229230946282,1.3351417125558598,347.65559336670174,1.5179244925957276,23.37097544970242
38.90123676346083,1.408254368134663,173.64846399488442,1.4762629612172646,10.957154364859983
39.53024099287739,1.4058522462246956,244.3646677509268,1.5476501399222211,10.87473300715488
38.34109312802023,1.4062133909933496,190.69197400187088,1.399305473219766,10.37583732914462
40.39146537671841,1.4060784453650237,238.17615691736825,1.490292271912583,11.055506252269428
40.81869989892294,1.4109500953125618,170.6011329583298,1.4941034258845067,11.073294967421129
41.90816968032281,1.3981186658882898,208.710954503274,1.457468922234016,11.590799561969735
40.173952874394885,1.414778323211752,246.09662114184468,1.5361764126160125,10.601204025205764
41.41572915089005,1.4100250558350584,242.67995873033595,1.5180974855744345,12.76160225143298
42.38802893122629,1.3950067966603676,314.9908734578109,1.5290759359437778,11.207481805906284
38.56203920067862,1.3926568476509993,101.27290374910058,1.3242504215046385,11.965457692796306
46.018627680503144,1.3868777612842378,471.59095062856767,1.5652683199890305,14.612653115354938
39.956191896662986,1.4094594852869586,161.9047619047619,1.4588685591943635,11.07662121431327
39.83786224010189,1.411847212992556,169.49229786034607,1.4530287720354127,10.886215880594136
41.25743985613816,1.40535662002341,241.66666666666663,1.495172976924291,10.838739819101509
43.88035464915589,1.402344326463714,322.5349353731031,1.5351949400012752,11.871509009009008
40.0248987506659,1.4143655765262722,163.52263370632917,1.4579205664137362,12.50570595256938
41.06020479957346,1.414254455694754,236.9401682541132,1.4881706431927029,11.972433687063258
50.002958042864655,1.3492650596111586,293.33333333333337,1.4668926271207094,21.43536667309671
38.74598643427777,1.401396344268602,440.0,1.4958519076917949,10.58352671682099
38.444144775494664,1.403356085687392,441.66666666666663,1.479036038038132,10.887185892489711
39.69736094075987,1.400975833798735,447.0723684979312,1.4974557566205544,11.791688171582075
46.35713218838415,1.398234923476788,312.3487091350689,1.5403871922653392,12.639796196401011
23.15783826589231,1.4211361229377728,170.27283689263064,1.3796885837101367,14.73384162808642
40.56375480350973,1.3826752960962465,442.1007173603669,1.5059078125897882,13.367251683501683
38.773554377988255,1.4000752904246123,445.29905745646505,1.4869664130136366,10.507046830484333
43.89081867146998,1.405155812183518,175.45341271388358,1.4716772142134875,14.178729306175596
45.79680185723647,1.3944849280733986,303.5991627724226,1.5780131835694466,11.853424097235983
59.40938899970139,1.3509094521018412,419.58279004662774,1.5887336795731803,18.89479764612362
33.06819760599294,1.4190179003421008,167.20357998647728,1.397279768674324,11.209753448109566
79.71839567073815,1.3346824153046108,385.1553182023355,1.551344030553952,28.519159488027633
52.9143710278561,1.3779886808902062,269.74139155466605,1.4761460965039124,15.055593958773864
41.99615055512626,1.4107317609781984,181.50259707431897,1.481733367628192,12.10075894825523
39.76644175605167,1.4045771990095572,174.96841921236688,1.3626322326730127,12.999139763833776
42.86352498464903,1.3669152909313098,179.8236428894031,1.5150348766463169,19.05223862571656
47.93644504915928,1.3848782319439772,265.53811120003957,1.5411383239933272,11.587495831321442
66.11636485573446,1.3283185363777217,408.7626144148148,1.573464111535366,31.727733993216304
37.02354980377235,1.4164810565345356,193.0061005068035,1.4496685767210356,10.63062082047325
62.445131942782346,1.3353331953983114,385.31864898460697,1.5850447977433686,28.225092137299
41.41743491706257,1.4052484039136948,402.2070008079525,1.512255303850056,10.604357960390946
41.863426860456386,1.4179552409483889,256.03225029524066,1.4987477501148212,11.397089533730158
41.02050514251432,1.4042935685923612,401.8391673399604,1.506148947821694,10.480891479276895
44.92666770796821,1.3941946871375608,404.282887543686,1.5184414248411855,12.631274309939675
43.5592974078029,1.3964972007838474,240.66016948776675,1.5527465919212466,13.492762865028489
39.88943524421901,1.3831409979262073,215.54829269327988,1.4200622013221111,16.363075424382718
60.41569688540567,1.3554250971344814,436.6086744738911,1.5183886127595951,22.3878610242613
39.472892869725776,1.4112666931542586,393.181517032425,1.490375595870388,11.522013245884771
39.45535347656315,1.4167018842887351,230.78226830991449,1.5065813983135985,10.834909657921813
60.09593626063618,1.3704235102299966,451.7873584110803,1.5431786920221788,21.555679976851852
32.653060838692504,1.408736576546762,204.08252351618464,1.3509992668866848,12.05759896905007
34.754803819669185,1.3933112956421037,204.6365045762394,1.581880054988055,13.86145965952932
33.1181653474724,1.397828241087126,200.47996386415593,1.3982425614926892,13.20921789266118
50.82677188565456,1.3875775308019138,333.27887575443225,1.6337135711954849,14.473130672010685
40.5517996453191,1.3960587140500311,315.7954458456866,1.4579489955888882,10.951265782828283
31.566793710370835,1.419353480370012,212.9141962240931,1.4015329527447369,11.041867835097005
37.00003388208756,1.412178078104761,251.02466107830273,1.3798257804807863,13.257154241166454
40.4556422977737,1.398923232223498,316.04436608025236,1.4483377151810182,11.06156539351852
42.79617190524354,1.3719136914563124,317.9047247807296,1.484292343105727,13.291725417322835
40.33221599630623,1.4003491949884976,314.21351228721454,1.4411336825668566,11.569524962848652
32.901190555360294,1.404881812041442,228.83036880224503,1.4235600165472777,11.2510050154321
33.98384254948054,1.4039312729861022,204.6365045762394,1.3655269516985955,11.882209747942388
42.068807094084114,1.394607376993878,171.22368942891325,1.328860903442093,14.843031483342264
41.91281974977803,1.3953978025474585,244.64359603222164,1.4156532532572672,12.895454193376068
40.24673624905266,1.4003061726794608,309.64966012329324,1.456466177473179,11.686802563951664
38.92674952314285,1.4024308022731855,257.12625876763576,1.4048870323821636,13.630157903439155
36.54704607341818,1.3870752337064989,234.27688762096105,1.3987902388017346,12.35299318415638
44.09882989383806,1.3716049628310203,321.2922343246184,1.5023686186444292,12.931315354938274
45.02897090254465,1.3963048524392316,285.25133407225474,1.5602963362005415,13.450381219840825
34.59115167466006,1.4108595285821663,216.4896917004451,1.385832253362567,11.751764908509704
34.33416049340178,1.406381011268384,206.04203443017104,1.4030497021210635,11.28039665316358
40.33584747382715,1.3988334444844368,302.07682969491105,1.4648962540565855,12.365438535169645
32.535357104489606,1.4218710343072136,233.77689214204855,1.3783802718600238,11.71399171695651
34.727204442263854,1.4115030160027424,236.06901390261467,1.4135329804190178,10.789351162918871
42.524702147092015,1.410994438449764,197.16749203053547,1.4274595966310548,12.754333043981484
34.19542199981558,1.4140532654360334,227.70462766947296,1.3782847627730508,10.939401684670782
47.570345298903455,1.3850889028104971,239.31413927578868,1.5964178136945242,12.832980806327162
46.27604230492595,1.37403729271748,479.3805554801896,1.5146658069504395,13.971355486503828
66.33289300732342,1.351660936166713,349.467267657108,1.6209739163588066,19.192784909769156
47.59907457920976,1.3837648026375848,241.18689261871867,1.5562740151993333,13.019786671902557
35.73830489627773,1.4045234160143854,202.71793605510513,1.4912922441973004,10.739520760995372
46.224529227902785,1.3921928356833226,236.73740759503085,1.4754784459619914,12.588004232616385
52.09746861963341,1.3670909331869032,342.5142243876642,1.5365778627301991,13.569899923875877
32.43495698515309,1.4063204938600016,215.4970354689117,1.4846172111372276,10.567171585648149
54.42190007558831,1.3720637202426371,174.9053824111156,1.5519404304147382,18.016643587411817
32.68014390850116,1.406891133049555,217.1384438104805,1.4977359931694203,10.561036361882715
49.79194032177554,1.3684732756396965,340.0525563239295,1.4827401151460795,20.953901748971195
37.8486826127077,1.4012847274240583,206.92519400901597,1.4670122851760732,12.526940161383134
34.61037560578975,1.3718091880658796,225.03357354595752,1.4338028793833115,18.80784266542265
181.38481058144583,1.2882743449129437,773.7898124314625,1.600334503784307,65.47898007383111
47.760375226590334,1.375067996443277,224.1105723427744,1.4562630963805216,13.548711497195187
57.23289706237283,1.36255228520902,264.04108199203534,1.5354168500728809,16.717878623402306
33.079556650552895,1.390507240938087,158.779561454325,1.391195526874234,11.639566226039635
41.30633963195184,1.3892805437884692,206.26422762182432,1.484467941159849,13.054061354290305
33.09540869312639,1.388251038609861,153.14052452218306,1.308822349461779,15.429680955136686
65.18683129363477,1.3503447037027156,336.23510853112157,1.5199674671479153,24.429349243047913
81.65114483062547,1.3440041433113028,490.744716787793,1.549610029558204,24.14219554685153
55.024894093506894,1.3823124998422345,250.36404343270027,1.5947466274036142,14.723457492199444
43.068789682736885,1.39535233440276,211.06931104922265,1.4624799528435453,13.258441960841049
41.94521236805315,1.3821816117452388,273.37968474162403,1.560927953239472,15.281197721729336
33.84921602851338,1.4033657043800305,292.6925468801472,1.3152902413580478,11.586445681281774
61.13416755617437,1.344017815037455,318.7055223796531,1.5135877926450796,20.985710960131623
45.08603783497474,1.3964784096405538,245.3885454143874,1.5326177869050104,11.688417888374486
33.68340536326295,1.4044740581111397,300.0,1.31061612803018,11.012736040965208
32.637290807897266,1.4034683098384255,301.1002168176976,1.2965888170184436,11.0280610670194
38.36524034798452,1.4012938781041082,103.45177968644246,1.2684177569063455,13.123686878429352
44.37418751160843,1.396861124216043,246.5583947095262,1.526870968394914,10.988580439814816
38.27892235488416,1.3976933143637962,109.84020092404586,1.300839178701931,13.67309587191358
38.26271414041394,1.4037304522224958,116.35706616666202,1.2908020920143948,12.085468612213402
43.26197205036974,1.3964402856339255,233.5039351809891,1.515769029822588,11.306230145287564
94.37439601690066,1.3329504075504228,724.003810953345,1.6266044518806086,30.61434710032974
46.11829817143037,1.3824076806491856,159.35192623077964,1.311542860542967,16.502626579174514
45.195009663766726,1.3960317491986711,269.15521117867775,1.636938469170614,15.703063633294754
31.33562325448926,1.400383622170528,325.3866191623996,1.3217298548551315,13.94803501724764
32.36872080882043,1.4212094052418678,213.33333333333331,1.3512943197123823,11.091016428755143
32.189498284594585,1.4240991866573336,192.02169200160355,1.345825844922639,12.703170572916664
62.47187241495447,1.3424013761445133,293.51770949342034,1.5329032692188969,19.857112054183816
45.27896003218306,1.39803211591898,294.57254171719785,1.4738335319450375,13.634799601894812
40.56946778081756,1.368179842053418,185.0305042294248,1.356515774877026,20.142921368634266
47.53812965018254,1.3986133134894216,271.74026115125565,1.5537540895946274,12.151667729917216
93.47397948206688,1.3378641665486817,949.8446345916494,1.662075241664005,23.677712302337063
36.147738920566304,1.4236728019118534,206.49110640673516,1.330185308900318,10.976410108024693
69.11024016239773,1.3589573582935186,447.00652907495527,1.5165798109752238,19.868458168925688
60.535883396006824,1.3595587931333903,289.44061645972687,1.4414925899911648,19.6613785744202
67.51011318690932,1.352976169343833,346.6482728329961,1.5990428722979997,19.049387081618153
36.59182894293212,1.3993387100570402,180.74291921655,1.374706147230002,12.479639782326185
55.019009175277446,1.3836398255435287,369.6311716529105,1.5598701904633592,16.063253890477263
53.275713484506966,1.3538281239603989,334.7057877061059,1.5478378107155064,20.74862019201766
60.41882014296257,1.3686238611713002,335.6229747910429,1.6044927241122386,17.53236608593242
30.892994418655633,1.3896163013379577,302.63621813881025,1.3160245747627444,14.987621746983727
62.64952500178073,1.3574091557955394,411.9007534651719,1.5240776469133492,20.080723104056435
45.12240325282952,1.407812941854328,180.8687808286041,1.4596130302498842,12.306443558852411
54.66068018675867,1.3825904756342169,346.2829911749869,1.6482146317053352,14.600306140930726
45.34167017150575,1.3843947804463832,152.78256621609566,1.5066614872426485,11.81577946925447
64.73587575548316,1.3506483478297584,316.0553611041439,1.6217296477196728,19.28718182013031
80.35298958135883,1.3297732139516834,447.66659827799646,1.6067584771536954,29.751202211559836
38.46554145587745,1.420226943121122,191.97794183557556,1.4360370263264954,10.950438368055556
59.938154166256865,1.3665359017412562,332.6885691956742,1.5996476794540233,17.350351466049386
43.5579182432528,1.402116074800642,192.73010871289685,1.4550586528409073,12.524489149305555
78.77960108617393,1.3184237641322518,506.50838634912424,1.5595743529382893,37.2178602193677
61.70354353093824,1.356115253313598,332.5080160392252,1.592647703356588,18.25954728491512
87.51898570201793,1.3285388502094364,624.1401062631816,1.5825955205302031,26.824087783542943
52.99644514364232,1.3623165515785285,177.70462766947298,1.5742386484600506,14.00337341392318
47.73620902228149,1.3773627787201206,173.15097304668762,1.5233406523546158,13.112625566647376
59.143934947899645,1.3550078141345223,315.6348717655207,1.588291754549128,18.478661528479236
55.04556956512165,1.376559301895293,365.966995321959,1.529249195719648,15.21024966201053
31.15158362687672,1.399291865031097,294.4151844011225,1.3789215896895228,11.578417596099888
37.032028532272975,1.418651807385606,257.14285714285717,1.455597056499059,11.366589023919754
66.63084933950431,1.3383013608039722,269.8375920642893,1.5283572018047331,27.662618542668053
47.64913488549591,1.3819338835217057,147.0538769813122,1.4582470344549774,14.047874589440152
27.24419559361603,1.3808258888214815,212.9445105058805,1.4663387820650051,15.263682122878086
27.857923340209425,1.4022060732501018,197.6549116627338,1.3635571310278984,13.100410572741303
33.44133776410052,1.401537059869072,204.67186081530457,1.304077044128667,12.438970121742113
37.36870344946093,1.40242548461223,177.77777777777774,1.4047915081271751,11.361969934964728
34.01739842906371,1.393755876152318,185.91858345986503,1.382532910645655,12.583479214891977
82.23455015370803,1.33002329786066,649.8960996876541,1.5881361494314428,23.315138730477024
37.8490888215778,1.4053048394100156,186.66666666666663,1.3912245747249423,12.08676713605967
59.36118884889542,1.3495048891634511,274.8954817175593,1.4647428232065132,18.425296987540783
91.80425468842913,1.3410846029132717,708.208797932466,1.6749549526555751,27.392574530022447
19.155182214414815,1.4064495754681088,213.34288036898545,1.2702052401372848,17.293157793209875
38.89747350654239,1.3903616702417472,277.2762801070895,1.5526132423818195,11.608299137205387
39.42744927644089,1.38243961879831,278.1408532703984,1.5428281342113552,11.69826772012174
39.69128295000221,1.3872698992275423,260.0943212378189,1.564220185143673,10.682311094576718
46.323273631988954,1.3852075717073935,125.08226440762098,1.4873469732900826,12.989102172408316
40.64654336000176,1.3855030697883297,265.2654467923351,1.5517014579890902,11.839322744433424
53.67306548158192,1.369993394232192,430.4219107874156,1.5394636351347586,17.87990683417417
41.535255318523774,1.387040252265902,259.73370421522253,1.5274717991594022,12.084322978892873
46.03798398190461,1.387795213757432,108.4940820265204,1.5231764514209314,12.517901206855033
36.327259372738624,1.4067220634614772,217.50067196563683,1.441272647454735,13.675136495484685
55.22643613554137,1.3801703314107103,271.93476557127855,1.479813408011781,13.95652007724048
42.552567313967614,1.4131222738447935,211.51787235075443,1.4765580723869336,11.935458883786206
38.36927538513838,1.417301022038148,186.38724192717316,1.4429008299516088,10.788228973765433
38.496742355383944,1.3918659390114123,216.0379018906846,1.4405473137985716,14.00590563914609
39.77337042496429,1.413641547238638,194.37129433613964,1.460394687809886,11.062192001028809
47.74072302513342,1.381370244068327,267.643503390946,1.4191252604161655,17.087490837191357
40.911991558422315,1.4156504528387863,214.83085169883844,1.4240154852654645,11.700105716032969
39.153901293596526,1.4068473298950217,202.1711762917889,1.4524488111148992,11.368147519122386
74.24374727350474,1.3503457086017328,351.6536929751581,1.525338198695014,23.33125857972857
46.85428696300405,1.3838076570162674,227.7149237717871,1.3948113118823224,15.28082425793598
64.69148632601016,1.3705304560507063,392.718209196798,1.3913235886676234,24.733338781334275
31.82326670705814,1.3915611315876604,144.31854060631068,1.4405269784158488,12.130558288323046
37.82259493951519,1.420697979663234,216.76827322275992,1.4441158667153662,11.140259170846193
40.03901967468856,1.377204583160191,231.5025148956586,1.407150064583209,15.55762879372428
39.7513409490194,1.3922113671244971,425.5922317655456,1.7010423129614118,10.654491209925313
43.379189407459045,1.3889031153271263,223.10180221909312,1.455990025773553,17.14391503772291
97.26764483928704,1.311155834401087,498.6801374885802,1.5353538021668265,35.74101460955387
32.34871316190815,1.3962320703223243,203.54007852501223,1.389398778992134,12.301226552522348
40.008528447606146,1.4138825159540305,221.78072494562457,1.4464770632113062,11.047893367814428
30.50560498434772,1.3929224580503496,201.0291056228837,1.3515971631159327,11.719750803755144
74.10867701026626,1.3417442586085837,349.07673130947825,1.517346189927913,22.67790812900091
40.17261795185745,1.4102691834101009,213.7872471043278,1.4445793346076108,10.80219184027778
40.333540160256526,1.4139516791720803,217.66073760449012,1.4537715640579485,10.633554526748972
42.98901326862495,1.371593232392947,222.3507278430557,1.4273908107718791,18.99116185485254
53.2816156196656,1.3901046704095976,265.6461329382221,1.3307951863145049,17.529661119268756
40.60152912446838,1.3935159283186744,255.14992998902667,1.43171476097356,12.115199244796464
30.145976659989604,1.405653888651094,196.8898968515463,1.3919942462051642,11.1031651877572
50.3455725237375,1.3690569492612694,360.680730916912,1.4734898714277531,16.209585724759496
30.13490465352019,1.389588426977737,201.08277143385723,1.3808248825806426,11.218610482085346
41.21069301158574,1.3899363421106743,256.92339584019624,1.4327521795270444,11.28506641313933
41.40241503855595,1.3969117566203515,253.63292380977563,1.4871431494939045,11.058744936342594
17.043180942095425,1.4493487518034636,105.15132689830234,1.4015920884307431,11.769056391460907
43.03997605780927,1.4080107208386436,212.91419622409308,1.4909296292445922,11.211099812610229
28.723194807258107,1.3873187106789728,210.73335751190305,1.3606217647666012,11.285681423611113
27.830479517708355,1.386383817357152,204.05694150420948,1.4830824026132077,10.605573666838136
52.09853201686119,1.3850106761087992,288.2155363465788,1.5579042211248828,14.621073565832424
43.627155987767566,1.39944174930362,209.91221987003425,1.4969060281117683,10.913093258978677
41.35496341506648,1.398071349735093,256.27505021688506,1.5004569843987303,10.65436077353395
60.370503063598605,1.3755057444166674,453.42461788864114,1.5360950281869177,18.53775414440084
27.89640242255524,1.3870662724385348,192.4950591148529,1.508157251135188,10.522820216049382
42.0306534725269,1.3939606827200286,255.3557636907752,1.4871723158890584,10.999403027414669
20.006699219242467,1.4263423104357866,88.67042053163847,1.4582372319460677,11.381979488168724
20.18429810440178,1.425021385555242,102.3813468302556,1.5007602596574428,13.317873585390949
43.056733650564034,1.3922260488200886,255.49703546891175,1.5244033476722345,10.597964409722223
44.118167946169144,1.4004589645300154,203.606170225964,1.5030237955939427,11.051867972883596
20.530971259654468,1.409235080273387,141.42187522596058,1.4998758770182954,12.411295331790123
42.21988736419589,1.3923017249341854,254.97474167490213,1.4549874279229584,10.334163773148148
19.944541109006032,1.4167989875261835,84.0802583309161,1.504072874758711,13.47789665316358
19.898711524115836,1.40630644101239,111.44879043989536,1.495493971435954,13.297768052340537
52.563023462376954,1.3791903744084304,444.59697073181303,1.4919255589137563,14.169768208375118
43.04041027819837,1.3872555766478647,257.35864066853753,1.4732199119359846,11.490114638447972
43.48319691771468,1.3956379872753946,269.402347235948,1.4955660237858373,10.92737364969136
45.47172345294479,1.3956379872753943,266.6666666666667,1.560792740239933,10.517564346340388
191.0939349365608,1.2936789769469612,782.8416948272105,1.5875474938048038,83.32576334576692
45.63237907628687,1.3934625247115675,277.13351917707416,1.5752498147087015,11.414937186535491
43.165520261298376,1.379191175176727,302.4336102686862,1.4934213742844933,16.936960490805546
46.071111216195334,1.3951650878798656,270.93780888198694,1.5668572732295485,11.05149994488536
46.644529512591525,1.396556508479586,294.97474167490213,1.5703470936626818,11.070058031121398
51.65653305422255,1.3793406135976607,149.20876614364505,1.4262525325367736,15.820416492448263
49.73103263089469,1.3924317281160268,279.29188420700416,1.5048552379530027,12.959161739854109
75.03384887083374,1.3437243580862497,469.36173814696895,1.5111440871169974,24.68423129586397
49.59290383365384,1.3856806937855102,236.99787894508177,1.556457640172235,12.727497917005008
36.9441310790327,1.3653754209066928,168.2404531833319,1.505126081420804,12.45760390361953
25.905597723196305,1.4191500321939152,109.81423969999722,1.3345615972015368,10.637509805812757
44.5696141931819,1.3743086178932,130.8196950238075,1.2488110499352585,13.483218878600828
41.15570756353043,1.383155370709154,190.2567291735296,1.276976514102062,11.84559330908289
34.510234955650496,1.4187986312411305,196.5788865367009,1.3846571713388298,10.978053100448934
41.1500305103729,1.3734686332353967,199.33164084128333,1.336757001083291,15.946341735253773
54.062714125605474,1.3714198712158032,318.389793575119,1.4515493001161646,15.113885788398592
58.85139431883697,1.3650799675923686,356.811377789406,1.5777792718797936,17.630391166064438
47.44875645608104,1.3736618168598729,115.0932038906992,1.3581071856631224,13.419852466278009
51.735517681604875,1.3905752940711218,183.40542850718597,1.5271033974412882,13.862225714864572
45.57240367341171,1.3829578432036762,106.66666666666669,1.4575900421056938,11.512666698816872
50.38564225845622,1.3671721794578502,143.63389981249824,1.4476004762559946,12.900814793381343
68.55623448449491,1.3610752705021152,351.5148503657584,1.598384707160785,18.186533243312752
50.06352871176486,1.3742831424804214,115.40984751190376,1.3724083930718995,12.971361175411523
51.69719418356184,1.365084750138216,150.901542556491,1.431209103095353,13.554898801044637
71.85649622844178,1.332642513371427,336.7579733387449,1.498464311079503,23.145498049498183
50.91957088674018,1.3754079783453372,117.84894442816656,1.3434956553530126,14.006495992915262
50.61847797524486,1.371722109623399,126.01100286299705,1.420878599440406,14.0276815685646
47.33042952031534,1.3884918056936872,108.11757414419066,1.534988577103001,11.189568182548868
50.5976031067327,1.3763296258199005,128.87663435309753,1.391617564387236,13.522545428240742
48.02917757640052,1.3882066478046604,108.06613106263254,1.5213137507497967,12.525778163580249
50.67343057059907,1.3754769244284508,123.13076720654183,1.3836539803560317,14.164706843707132
43.44245473009256,1.3922002540377574,374.7299108172147,1.3598774254896564,12.640084514853395
33.09885621907344,1.4167234912221696,147.06742197221988,1.247126902225352,13.700083360890654
41.05862976135038,1.3918703086555548,109.25843766666266,1.510491560782703,12.638184799382715
41.46663738543993,1.4059656582188869,131.69930594996373,1.4478249692382068,11.109375120563271
44.59223189302693,1.3895391185520405,217.77307706988117,1.363956085910352,13.748937665343917
40.01658283447156,1.4008484889427293,139.04903916064723,1.5544568750094083,12.382377614883405
29.51818592931326,1.4019989771657522,127.48904302259687,1.2366215919314612,16.503322852366257
52.89794758707043,1.3703001864500388,152.03836139932648,1.355182863142088,15.892024793167009
51.45178349393206,1.3750727136935057,126.9352120472142,1.3926199346314283,14.319202862439989
39.39293179801926,1.39460476776369,165.56718380975815,1.518006366026349,13.357347608024693
39.335521685720515,1.4076648959835203,159.98161819631298,1.519234458063912,12.602778604497354
66.63884179135563,1.3410834470640958,364.8840794208016,1.5540374189339876,20.09931218973913
39.018098078501595,1.4065848286873437,152.38095238095235,1.4973764795412343,11.573412061149693
38.6640906905861,1.398843184082185,156.45709811204654,1.4709033185766598,12.58008168625356
61.053954137154264,1.3639754748291784,293.8044575571149,1.534132958267128,18.1121591314546
36.384895617696365,1.4130351819078657,200.94757082487305,1.336990223056899,11.118439107510287
53.20024396471961,1.4009683185559978,270.9296472049604,1.5281364008314011,13.880469929956702
76.86278028320845,1.351438217218777,407.62085686674817,1.5804563856410343,18.468350991690993
47.35826637112389,1.4000113340395677,237.79136859924603,1.4617927170938083,16.76112879678938
50.98589031391557,1.3741801490320262,111.11111111111111,1.3916144255261835,14.793799603174604
48.42142197702892,1.395688011732099,727.6618895058067,1.5273967494107368,15.2337778184278
51.33404767115622,1.3929453003386258,425.5825200981614,1.5912612747859645,14.944480062279542
49.15815500733839,1.3904794601518693,709.3794000576864,1.6205207955679832,15.508397280092597
50.69838304099459,1.3727828643562294,120.00000000000004,1.39953722679856,14.48833638760288
48.669866892106555,1.3923645457273954,624.7383863075408,1.5847716344897926,15.833024172008548
50.77697940101786,1.3757729804111598,115.0455774027743,1.3959473730834848,14.137665079341566
48.543501315501345,1.3909462090886644,398.05139776505945,1.6010412962586478,14.298201785408091
39.03145468751896,1.382389632290208,158.10218516107537,1.411107846759182,12.582687930180422
49.38532066957926,1.398143972460918,247.61904761904765,1.436422989130319,16.94377631723986
50.93065171041309,1.377728590700685,732.5255812206193,1.6037665743238378,15.987889821244858
49.50687693386459,1.3993111054539196,552.7327462486165,1.471775148705691,16.638755519118654
38.01973034499145,1.4035123273171248,253.33333333333337,1.3231205425844046,10.820267322373084
47.25063113875724,1.3951514208211686,237.73203296835433,1.6225284172468155,13.536583410493826
49.92945751257432,1.3986314851685024,257.91189146511965,1.4219548914238926,17.30374272764759
35.80248649581147,1.3993103284019666,221.97632454249248,1.4336048675533937,12.02573722718254
39.23917517508354,1.3844243346381329,272.9310710035727,1.500680101142875,12.654967264499714
45.45391622742786,1.3872794185989457,333.92628857107275,1.5193441021689744,14.557955891140558
38.72914160901667,1.4049963254844569,253.07764064044153,1.4621339362408543,12.166185592421126
38.309357550279465,1.4154547673612858,240.0,1.4888799056475075,11.098862364969136
31.999659004921927,1.4196019488341711,108.33333333333334,1.106106629309802,10.459717292524005
35.947451640965966,1.4170089102748855,154.62921883333132,1.46806101829821,10.740160951967594
37.232582731859765,1.4212506926932336,130.55432316666068,1.1746301913145047,11.178729504243828
38.87180991654149,1.3989770600780267,153.55338691064438,1.452431622734892,11.739557773919753
35.95712984920329,1.4080592590807486,254.9747416749022,1.4398368413879823,10.998414834104937
33.10060165619678,1.4160633409407823,117.26395257490536,1.142546833581638,11.41616550236993
114.40133254664276,1.315109340504478,676.3041720214516,1.6314779632200265,40.35793403121693
35.79906722551868,1.4087693523390128,260.42126049361815,1.426102147384868,11.312070151748973
36.785304103062614,1.4119862317726726,260.47636774760264,1.4541123449638549,11.305941358024691
39.242507280669685,1.401417240114497,173.321078797542,1.4507874916917975,11.87098917722547
38.02301918897472,1.4032583286512084,178.57901124944746,1.3932838958058162,11.287691036522633
34.101405403280836,1.3859733580269498,285.15466506307104,1.4851230432018032,13.1024679941421
37.9520708128085,1.4070891984449063,181.35040086780688,1.3907980341350037,11.3030425883059
31.02667018862144,1.414514774924417,110.95506228450368,1.2468280060162078,10.769931520061728
70.87278883518455,1.354064594622569,252.76700626186877,1.460140551449147,21.384191127873997
64.08357334602898,1.3569796008858308,315.11607934642194,1.4523094188297236,19.22326281585366
43.18970313418426,1.3999996695028858,202.7557021058678,1.5111977831371146,11.81781043152356
30.687878250638295,1.404419413076657,141.7921815355728,1.246659932508577,11.156388567386832
30.427277986058016,1.3828607659549583,144.15208307984847,1.1657010865531725,17.115223572530866
44.420442996527086,1.3996996664209764,203.606170225964,1.5053749999257389,10.792763310185183
42.9238339474186,1.4099208924592614,515.0367627183861,1.506025529723602,11.101877635249298
43.2137921585585,1.4109152136930097,456.06832475245454,1.5101164204432889,11.708177837217573
31.424494694846512,1.4113115557398557,123.14757303333052,1.2759913801825946,10.982484085648148
43.546228701750415,1.4051748471283587,913.6538811988312,1.5053484058842603,11.91777846407079
44.1612421438668,1.407730813920669,708.9274783931216,1.5079565642225676,11.8653878279321
44.17141359101725,1.405138753645203,502.6754954615186,1.5032157480407338,11.689645458877996
48.187534021614056,1.3644329354717253,207.08015705002444,1.4799263762883463,15.450516038244492
42.60914795802951,1.4185324201766516,851.3606734637159,1.4958197710453207,10.856818737139918
43.93117159217473,1.4054666350810816,1091.2488944362924,1.486592911892254,12.588029835390946
44.18807338656264,1.3968466590482225,438.2251091527656,1.5080611985978734,12.51071079720819
35.42805469692754,1.404717776594197,230.36310750809463,1.397867651215964,11.061469232253083
41.83220296453884,1.428177985468677,442.62222610896663,1.4911211574210164,10.657004726080244
47.5422773246851,1.3900005920750786,507.6796182671408,1.557462953935902,13.656215009859396
73.36238754558725,1.3353716021927298,438.2282465716811,1.7088712747182766,20.330277858153295
42.534117287559944,1.4187560155048853,201.803085112982,1.4970411015082223,10.751374903549385
74.22107314005142,1.3370121577239134,439.35321864636194,1.721908417856788,21.51106229226021
49.122778399010286,1.3884368753903995,681.0932780258415,1.5417229545989286,14.93367450547138
41.72586262345243,1.4034366689300728,195.3538671257181,1.5035922437196116,13.58177345127866
45.520673376277706,1.3880547670546532,187.23011033345205,1.521437413483551,14.666938362954603
41.41318035025534,1.415985595280559,597.1390176015155,1.4749744337529054,12.027093942901232
75.79392343579424,1.3417445600932263,435.2156815998048,1.6936754901586255,22.453583122060554
39.8877841650185,1.4251022228197483,447.35228183164656,1.5230863481154848,10.94033950617284
54.968805262875875,1.371450447581228,266.7693337741273,1.5491125089671387,20.078381236483988
52.37137814848528,1.3874735600642316,222.5810045852405,1.6090481012951774,15.64342420273823
61.01530410095532,1.367709620418922,371.6975210712944,1.6441559041367442,14.6665857356434
52.8742058081993,1.39972516816629,294.5844824435285,1.5861426421978868,14.985503854260056
34.39510080867459,1.395288237120561,233.8575301597932,1.4101133517375044,10.841846450617286
33.09092541467697,1.3957063657533084,228.0776406404415,1.3775395365143486,10.917663537379973
46.919416071217086,1.3603450641043888,298.45606617711616,1.535135569687923,14.697914359740937
47.57655758908909,1.3879226875718058,174.51442819195472,1.512072629632205,15.568784891535008
44.44575196023313,1.3995944149038757,163.9563373199946,1.4980294697446928,11.752234342849794
36.120326376389016,1.3706628946650006,176.05972433925308,1.336341935161015,26.499234156031033
41.58995539780929,1.3869635501398336,137.8087251588911,1.4783789897421495,11.467807447824809
41.323263473678885,1.3842443514847271,138.57928838888424,1.4786526513091796,11.62331183862434
42.31395539513309,1.3871979303549675,144.1363842544216,1.4860200111972728,11.343883873456791
36.47310997073468,1.3717025000667178,180.86021296649864,1.4023875804723538,27.58654582110057
42.62433390199806,1.3861949121856625,145.93921141701395,1.4829009427250353,11.54022230405911
42.37762341579846,1.3860245883960365,203.606170225964,1.356615283788434,10.96650964506173
41.46878895719264,1.387000074806274,196.57888653670096,1.3471306063745374,11.195203773849608
41.89644397751475,1.3980748185602596,170.06296235983783,1.477349138651158,11.074263668430335
41.06604703031122,1.3865175616548768,195.90303775630832,1.3720378319202098,11.178599898726851
45.18287957025353,1.3887908605503918,153.9282344364317,1.4810569381080347,12.61972272985705
43.35307325748156,1.3893861423875022,176.95192706902054,1.452557043291997,13.72276778198653
40.348225963842886,1.381353875048991,189.230738867098,1.3973718455490156,14.155248456790126
37.602862069965866,1.4031938271260609,176.48090636666387,1.3550627657519234,10.345200135030865
40.50930135162338,1.4021468055363868,169.63689284491048,1.3624808934025128,12.890938657407409
37.24742684486814,1.406539053283853,153.93446629166317,1.3450525590054343,10.29570473251029
40.3038892662123,1.3821149390881762,181.38394800374175,1.413331060695247,11.191253444664904
44.120081946692814,1.3697563483801178,213.8300140265122,1.4106385717479122,19.92759164875441
39.04475403856143,1.395404120149701,153.93446629166317,1.4163208470790731,11.007893732853224
44.62794725199961,1.382433951373924,177.45643423586833,1.3829260755725907,13.393378916733765
95.74726531627124,1.3336187219825375,787.674623755516,1.6262988914286838,32.37793362961484
32.94740975422955,1.3973941133690129,106.9301978378278,1.3565459525797303,14.704624164094652
37.5775330313151,1.398143972460918,157.35864066853756,1.456594338491832,10.385165757275132
42.171189015319015,1.3846703715970672,184.99310682361735,1.3803500093484882,11.170904650054466
37.77102240042589,1.3954519335967297,163.45026343017506,1.4345055098669812,11.272252483603395
37.349864642548816,1.4072623045843122,164.72135954999575,1.349650404362967,10.691809238215487
39.64252886258985,1.384175475700116,175.49703546891172,1.427819056292602,10.78760513117284
40.047318518291,1.3850497644445032,190.69197400187088,1.426498145889416,10.759520916005291
39.54505096281395,1.3870512119989211,180.50031336521633,1.4374948476933018,10.926022549659702
37.77307115070908,1.4041742194491196,150.8960907677864,1.34595273291414,10.77851983375421
40.45943636983222,1.3866332523022618,184.877794038331,1.4553314953223724,11.814036651234568
37.59138495997661,1.405138646406319,163.0051941486379,1.349616299493273,10.726708890603568
33.172467210255405,1.383683808469603,121.46922694569012,1.3798549669393994,14.09114737654321
47.15910648549493,1.3595469749626308,258.107753796482,1.3351875847938073,21.49740045728939
37.87882171556837,1.4117179695111537,163.14757303333053,1.354952978748688,11.062114519032924
32.319499746968575,1.396249593524865,108.24994242904852,1.4546337512969372,13.713645904778234
53.80571897145043,1.358608934183387,195.72708725762968,1.370813445508601,20.52144761335852
39.436309541955765,1.3967390337138217,145.80321061778497,1.4348012530389889,11.93071697881594
43.24319117346266,1.369887373198664,158.33333333333331,1.4366961976525146,12.91447884516461
39.774341596040166,1.3936606577338964,195.61843638076817,1.439837618136018,11.656762152777778
77.7315112485687,1.3463900460290374,320.68515735886564,1.536336693394741,22.21187212445271
38.95231668156432,1.4016590802507205,151.9779418355756,1.4396574677179412,11.240488040123456
48.86640159139394,1.3785355033548934,234.9824803510706,1.4991877514232153,14.479872449586903
39.476513811573504,1.401423849898025,159.72645957003144,1.4743199101347335,11.066401252104376
71.85170217860349,1.3618881456896024,398.19443541383595,1.5527627774312325,21.03191813669176
46.501940938537295,1.3955118681732084,216.2240790351578,1.4277587439121553,13.42076418566002
39.668421127520546,1.4003606941053446,155.60316691111447,1.433713574224457,11.32228629298942
39.301854819199846,1.403081203436756,158.4229868111234,1.4245964794009909,11.512315055941356
43.480796832700754,1.387776478473813,170.02438743475597,1.500953922319274,13.481279320987651
15.777522621503229,1.3598913618586126,302.3342453688667,1.0649443320290677,27.34138013414055
38.04224509604112,1.39058838773089,203.606170225964,1.3886686544776994,11.517989555776014
38.55615235044747,1.3998001300005078,197.86180408543805,1.371861152818855,10.966879255174293
38.14557173016132,1.395100892279075,181.70807752551164,1.37506523763945,11.599828488108203
37.96951074269915,1.4000558187089436,177.66073760449012,1.385188101417028,10.569217463991768
38.092005292857,1.4007785883380397,182.2038404185352,1.3805614449263632,10.670698164682538
45.67411977648043,1.3787720006111668,234.76024976226353,1.507723050466414,12.697507595101603
78.63042151302021,1.347517676655646,385.396405804369,1.5571557102652556,24.032119195482444
37.84902252427997,1.4006802058976764,182.0167227444614,1.4057470967397463,10.77908219200103
38.56645053735172,1.4031938271260609,178.64460850224225,1.4180420320849716,10.32928899819959
38.49944284727607,1.4172321815613926,162.80525881037966,1.3497871695634214,11.996766225137172
38.701301808136606,1.4023078286141435,177.70462766947298,1.4157586088729626,10.749336741255142
37.93842626463135,1.4163444176693318,139.6284793999944,1.3796389992244684,10.725857606738684
37.99243100059536,1.4184469676690457,156.17472035874445,1.3616394851420572,11.042119261188272
58.97787819496656,1.3809713248811175,286.21377133253014,1.5226500820262,15.070492778109214
148.93896034482157,1.3107407071903483,713.5642506709574,1.6845569949788095,49.27589551070446
50.974774121624456,1.3921115820243888,602.9039921074854,1.4918258308506969,13.713491994598767
51.178886430421066,1.3748906645687269,282.3326158608887,1.4513148860502108,14.205748211173798
39.65149418840942,1.4131806245405325,163.89214838720366,1.466858554256809,11.372814429012346
38.01966656910112,1.400473527156333,160.80508957253497,1.4177273055888615,12.714264274691358
54.6826208331815,1.3526175176520483,343.3660308749733,1.5665221417652773,15.390695766400876
35.388768125884184,1.4079908304075357,181.79218153557275,1.423548969922667,10.420198849022634
50.509045424466805,1.3839789593646608,225.24806601039776,1.533329320706552,12.9106953125
45.15662045605717,1.397308199747791,238.5237034490378,1.581259547363592,12.096839931544793
43.25055091517454,1.390609260884452,240.95504373081656,1.5523051810486044,11.52297008389152
40.430689537867536,1.3657551569668027,269.90417788597034,1.3915356802415526,16.431699574808338
44.14707260645058,1.3816997877482122,252.1246064006656,1.4966657140342303,12.076091729613385
55.166408603476995,1.3464610016145768,286.306411327349,1.4921958142108842,18.584709078269828
44.81425805077086,1.3792993875341155,256.5038780839361,1.4965273140015962,11.70937352487291
45.35435298325465,1.3804789740009562,395.0741560958266,1.5269839066996562,12.592908310132422
58.25318082686578,1.3602034348560266,281.9873318841567,1.4794493613987656,18.663323670542848
56.30240648553096,1.3578105641611682,370.796262415856,1.5078207701549513,18.272265699765818
37.359274670812,1.4062668724793912,203.78647873726217,1.35942307022063,11.59440379739859
45.23886949879969,1.3966998363628071,197.43740357723144,1.4155301654685204,13.149083660680883
49.17298988726992,1.3926781303710631,307.80253137530383,1.5737505956793982,15.038596856800742
35.164551940705365,1.3938314192787122,210.37809302138896,1.3112558745412968,14.344461162551443
72.61337550901045,1.351487123085822,399.132756535621,1.534355737246674,20.064683654739433
40.82785545445824,1.4068676119974788,192.03928690233033,1.489201978052196,11.194410342261904
76.16607082561084,1.335311896838577,311.75491302849997,1.5335336403062352,27.310148265943845
38.19007638071729,1.416088895217382,124.84519974999768,1.3511386137125043,10.631100501543212
41.01745485822542,1.4041566290056522,188.83036880224503,1.4689151774179685,11.148672839506174
37.97555455434424,1.4222140654966782,118.7822471904722,1.4063755727398632,10.940518904320989
38.21232200460573,1.4215122260478288,122.47396322726894,1.4152009683682365,11.67246070685722
40.8874389532901,1.4042492141379843,158.80968916690884,1.3882870233604685,12.365021732171
42.6166635094746,1.4077364385991082,192.38434236516704,1.4576814258950608,11.181972163513151
38.33549285110638,1.4205671567062383,125.50426625757191,1.4135031734539438,10.790361287937245
38.4790045437906,1.4190974702035253,120.60113295832984,1.4110159809634482,11.334063571673529
43.168628289565035,1.399023484674618,153.8988494745447,1.370262210356484,12.715176745756176
30.910597147406655,1.4181108143959515,212.24174557891465,1.3632130429953986,11.119225380979938
36.07712718006905,1.3981351658729295,246.0552361907763,1.3793130209778537,13.98104679608586
49.23166732426944,1.389423637415561,238.71848856523732,1.6032082501118508,13.790211226832875
39.0145724007924,1.397138386707249,209.68911300331723,1.3941401242667428,17.521344345874425
49.14764421359217,1.3861838570949865,242.3586756757564,1.6896115270208671,14.89913242669753
42.917563777914665,1.3844639707371906,162.43970582771294,1.4100292443673683,17.77627294128942
34.87701315672101,1.4036158165692667,167.4749773044873,1.6029583224901789,11.23104150591564
46.16545167991148,1.3935943586375823,152.85463691895174,1.4186229859154686,12.891613726302438
39.632544166194144,1.406165129912893,131.8369432435865,1.400131942503384,11.482274094588709
45.94064047400131,1.3871262080399096,138.27880248799352,1.389681571359045,13.48017571033043
38.88458810706234,1.4145711700756511,234.74572261660884,1.499679066060619,11.729286185056583
41.05822445792728,1.401258703511483,137.8298662380912,1.430414546334329,11.295065715020575
37.33849168973892,1.4259953602562143,124.42376287853315,1.4922781029956185,11.21593822337963
40.67650035702725,1.3989387261155604,143.30395851281617,1.465555523354237,10.997246059303349
36.53489913911837,1.422535435358833,120.71877011209496,1.5237660645385962,10.932726952495978
39.03674918047402,1.3989207107802428,164.16501970495094,1.483735127419501,10.578900270061729
39.39246116130662,1.4129738672067829,143.2388703949573,1.445067991618802,11.401994598765432
39.49226406700223,1.4046246537170008,145.60113295832983,1.4065958883438914,11.161178733710564
35.985163520560384,1.4237116131217735,117.20412585204984,1.5326839157100052,10.978074309842247
39.29119064103138,1.403296794904779,147.1402203118557,1.384475319068421,10.98767144097222
36.22299601854258,1.4186834023154875,105.24595505555088,1.4645013361468473,11.137507302689594
44.12215999379638,1.3940391879994656,156.19304136168478,1.4355263661976292,11.683493908252732
36.26695164304192,1.411795535657213,114.21737207739528,1.547353197466325,12.635979757426696
37.084896491191,1.4028470597056022,175.5737218698464,1.4201384880193018,10.690679591049385
38.99526714571243,1.3949293749451022,162.97571353584038,1.357745193010309,12.836384182342943
36.68582270990525,1.40232757454956,177.47060585874246,1.4014006001761985,10.95293885030864
36.52754192000984,1.397545956766762,176.77100093418233,1.3920331228860794,12.258077357634647
35.251065710746936,1.4207501319825262,116.357066166662,1.5656123295340338,10.953861193783068
61.76753157150497,1.354897536715539,256.1003129229032,1.437521340270798,18.437600861525123
63.43177864056639,1.3629327363998631,398.4171270211177,1.480201132062399,22.85944409689658
52.53536723336649,1.3622719388875342,208.12973926411345,1.366291854851972,16.863255219752954
34.74354930420864,1.4309066236690324,239.2676726249301,1.3926813512003426,11.18802047164352
42.10347973122802,1.3868985340507205,173.36525093249796,1.4355483203827657,14.75166416952055
61.46267087292306,1.37595680358212,402.2045381182435,1.4920908136282416,19.27526684670782
65.87872930936854,1.346439809080867,405.3066768271778,1.4751322606993469,25.812663847946588
62.50069508980489,1.3699390734833583,300.3858843154839,1.4985821480267425,18.42929439369211
36.53687448639867,1.408891066208107,231.7435798947114,1.4255617171405714,11.078893229166669
73.87529283809303,1.3407471039688674,437.7464272911574,1.499486875817349,22.17334218633499
41.69672344795091,1.3968922544380562,161.0818510677892,1.4152566573103975,11.173459771324357
69.90260360312641,1.3425591962719166,402.5664552560811,1.498439175525654,25.45090444958848
41.52570288821752,1.3988521051233245,167.24403140796716,1.3817470868390824,11.632021484375
41.10811233420631,1.3978130569134068,154.41518440112253,1.429217988063616,11.07218741231762
75.72463021790881,1.3333638324157309,441.1291806751016,1.4555290896414554,30.47037531346451
64.26775057930003,1.362523878502092,445.53195193410414,1.6584470333868624,17.233960005352696
40.86366023924863,1.3927721481830535,156.75761229754357,1.4694740317296529,11.43368113425926
60.538828849253086,1.362030468990317,451.44387081566856,1.6477150994704086,16.050631354393612
60.990771779912336,1.355229572628305,449.7280636063458,1.6171840381756863,17.925333656505533
55.93951429297173,1.3545370212428811,226.0980396853954,1.4674916416744064,16.876644424894078
38.19620404928025,1.3961133467919389,221.06253357901164,1.4827938458575416,12.318327633978674
58.39047887244089,1.354792220450863,202.92712585128805,1.5044149590520668,18.64428555247758
40.61050460316492,1.3950496645248085,219.3021459460589,1.2740227292063462,10.804525462962964
42.564498187043874,1.3967187600916888,242.74326014448175,1.5487769040299793,12.618152476060462
46.23329143846442,1.3933448101556365,216.09107089379577,1.303139317459458,12.10822707675875
40.04451199580946,1.404785396452904,246.268231490632,1.520971619149123,10.78297337962963
39.98017083052631,1.4058551293420052,244.66252652638175,1.5163099825185606,12.122676800661123
75.03557604894552,1.3595816291318583,340.04540753654817,1.553930169570111,23.374921487342327
40.74735449094821,1.391421921883729,146.22954253571126,1.402896283157979,11.72131674382716
42.591797077405154,1.4082320844496845,151.69395416296666,1.3804657279582977,11.772460575810184
29.45109919204757,1.4057244465782972,149.69039949999535,1.402833047025751,11.165711254409173
29.632488521648018,1.4066491575230426,156.3435834868869,1.4396049876553905,11.027555378729422
44.083136713536746,1.3855065199744954,157.408681533343,1.3668233276273332,12.607782329041282
26.69326283616122,1.4316181993782422,159.5463733679717,1.361783950445598,12.053452656525574
83.993258563646,1.3369104049201035,313.70961882151676,1.5852531588957963,28.352848419211792
40.22948226034799,1.3885542271849312,289.31316574678107,1.4632115825423524,14.847965001578284
63.90388686350317,1.3422992835586791,323.3472538732686,1.5731075033669668,20.7757249501992
55.31050053479246,1.3514448818111269,265.9290966914766,1.484883170713212,25.208444940542112
62.26372777564123,1.3455622259594495,297.8466837807572,1.5023262950172944,18.710570038506617
99.02916366945011,1.3296953851876372,601.213861898517,1.6792156723645408,32.032046126434345
70.94104259708534,1.35449478128399,251.63482743288264,1.463573191291984,21.930290716029127
35.58260681639516,1.3931077902048803,268.98210519432394,1.4135196121846254,12.98214554398148
34.439668719010385,1.3897618932961262,266.95268351047775,1.3934647185313298,13.509496878507294
36.139596954887864,1.384267194083007,281.3017748191017,1.4322806897665488,13.585901568593826
33.11664067710549,1.4240316986723744,99.6284793999944,1.3665356133475342,11.65733844521605
32.35196958991951,1.424580954232584,104.3790283299492,1.360619726915138,10.525273919753086
71.13586225514234,1.3608427853071197,470.20781553964787,1.5122127008016537,19.60247991723192
40.710335074117,1.391591703651485,171.45570339003768,1.527837440774804,14.371658743784474
31.10845974032384,1.4315488950100703,107.22535044303208,1.499133389798187,11.238917686287476
39.01971934479223,1.395245352119853,213.33333333333331,1.5363564206573015,10.540402038323045
36.985714086288894,1.409173466625498,109.05169358775804,1.3316410624982862,11.720533251350307
82.3988013576077,1.3501447612653086,333.53150054550065,1.6019530607308123,25.511140306358964
41.35067711209382,1.3998247876190386,91.970040471356,1.301193030069152,11.21626434702932
15.117801883314575,1.3836866890730397,90.50562229890984,1.211712691042971,19.148841060729843
28.711182260841735,1.4028303822101769,266.6666666666667,1.423287555412318,10.958081757973252
66.17501148206681,1.3542137740251003,580.5274076814868,1.5638216678493877,19.855413218365133
55.23935715777314,1.3770917458745515,456.0659746664457,1.5725145919534054,13.961331322128856
52.599120756367995,1.3648472869496815,175.52314678048708,1.440537678502695,16.021559185457683
28.50543477715614,1.4011014641879855,268.3080750082355,1.339871702760506,10.901478427211934
29.308531337529935,1.406175580894275,270.0670695427309,1.3284463872976324,12.310375988618826
45.189388538524575,1.4034114911142106,243.01898050140315,1.530452890822358,12.61401770404664
46.44954596116782,1.4065873803063371,220.9839320829295,1.53131640409648,10.960290053310889
47.61782074996059,1.3882165814538017,274.9468299606142,1.5080030705476373,12.52308186599874
35.4359688710495,1.4031393400846053,211.06931104922265,1.347377448357956,10.98829632040895
33.74441094120072,1.4145806842683888,211.0379610028063,1.3650257679760154,11.32576346021948
31.604761914982703,1.3962664442834902,262.3908084499961,1.360354884518304,11.751135464891975
45.8483722007994,1.40633202907046,212.47895139575175,1.5476168456785175,11.201189373897709
96.08575568520176,1.3275183615657449,622.1269896695524,1.612263865017419,35.06761373068736
45.85026334090119,1.4052380744502728,201.54550152541313,1.5265697197015298,10.48440441743827
29.484284030752903,1.4067381540363764,269.6283351894726,1.3331751486373993,10.868921521347737
69.33729435627883,1.361056550990687,364.8672229590894,1.536477002689835,23.07380550845937
45.66571327175962,1.401893313932511,201.803085112982,1.5306140772329613,11.230412140906934
29.078435175701102,1.399420539388618,259.65907640947756,1.4204123034592695,11.05454048170194
30.56173351981077,1.391036505449845,259.43772182615686,1.4383003694115024,12.086850030006858
45.87045372637732,1.404400549884401,202.1637021355784,1.5275998416781915,10.815942001028809
30.325201124022847,1.4045007800480516,257.5114819930003,1.3689017391163574,11.426980432581018
45.48999538913391,1.400384084776762,193.56719352701677,1.5206077056874754,10.404026692708332
47.734841898283875,1.3909442868868034,190.63758379563455,1.4998894823087678,13.048641613618829
29.433981919633812,1.410928569153133,271.20543234892995,1.3489383854512942,10.8208949239418
26.565469507999943,1.4337861251918314,163.14757303333053,1.2656224741897808,11.25028131430041
44.20654498756824,1.4069494771307942,188.06297914562228,1.479284218016638,12.555613691514584
53.87237942005478,1.3882681416115612,309.35759592694666,1.6018888860897658,14.4142557243943
43.667156456446314,1.403295219610987,187.50498088771715,1.4723546628341702,11.789865933641977
43.72507936880041,1.3763608430673229,152.96181273332772,1.48576721385524,14.762283276849717
46.39086024127692,1.3828659210667635,181.7938942111385,1.450741650537963,16.094476940883194
54.36485221406357,1.3783609823131775,260.4486713669498,1.4723007442530387,15.277450787190867
42.88530806021504,1.385358320405386,184.00692553151717,1.5117521644810874,14.516213899911817
39.35750357184774,1.392691552684302,189.99341215313711,1.47755522229616,14.229279417438272
38.146376501525886,1.3982966725487354,181.03322177374392,1.4619298495140118,14.233524144804528
35.10122444408409,1.422701235241386,340.445609326463,1.2900425676191418,10.912996923732942
76.04341312947419,1.3618883793518437,283.8471297408971,1.4449747271744622,22.378075753929743
74.35202696958628,1.3652172216718632,295.10621187824796,1.4337019681522425,23.679143776084985
38.40503851710366,1.4212371742437646,217.66073760449012,1.3724509855577622,10.87226691100823
37.75903887229218,1.4141653564082253,204.05694150420948,1.2906038044326646,10.570282707475991
35.873831054350674,1.41563088627493,188.7913554111491,1.2906235593714896,10.88683989197531
40.49508888141742,1.4086903890315887,175.72519228151796,1.4145242855215376,11.5144737654321
27.988078974972357,1.3539870430711842,268.10084003301444,1.251437199955885,24.64160796957672
37.9577237438515,1.406243001111692,108.28691869186667,1.3223021764069,12.112596747388412
39.85883977412214,1.4138286352859502,171.97794183557556,1.4483556635718122,13.142490004208756
34.17354873363506,1.415157012046202,178.45136997596163,1.2858690071034975,11.074013903727446
33.904626153648266,1.4074646946656042,171.91262172221752,1.327607067985227,10.747387152777778
37.93476631295432,1.4132906258145177,171.937815292916,1.4342166389640452,11.96819099205319
34.361288072385804,1.4289147657796182,108.28914747551887,1.2867387484832853,11.713801661361884
46.23635779971371,1.388472841184747,207.0496170993348,1.461688378717094,14.221291126841614
32.817769733479665,1.4170018199550425,145.15132689830233,1.3553510016889094,10.63023582175926
32.130178026033235,1.4214701429162848,155.79821668767502,1.3132481219690435,10.72554899691358
29.86412098876303,1.417871559444192,152.96181273332772,1.2968625401382408,10.826921457047328
38.8824101704709,1.3833272032394028,192.505587962508,1.4935431183840346,13.804031236696469
34.950699204265646,1.4097509617245692,178.31954698056808,1.384848257244614,11.299692536865567
39.11207381758203,1.403144003337823,172.83363886187786,1.403501760851171,12.413580732963933
52.16905077188778,1.3970936277803927,168.05194095556018,1.3924327773857137,13.40819131444629
33.00104266576958,1.3831480731083958,192.92264101496215,1.3903058283698615,15.36346852494856
32.31475584503488,1.4229212857664464,91.04569499661588,1.4458889618240318,10.61054960776749
41.613249449418035,1.377581876104702,196.6120782720496,1.4570574069658857,11.647666323731135
31.73192486711624,1.4160780054517312,118.07948226350638,1.276040562150985,10.986772521219136
32.06043053177333,1.4135448496188223,124.84519974999768,1.2823030951079193,11.029222332451498
49.23657553347954,1.4013163837969471,376.9923940081581,1.3977357468389373,12.222074532214506
41.0823975260868,1.4227707292461356,463.6308745805422,1.3616504871757709,11.342066775977369
52.660648701109544,1.3999398752681678,251.1444255522164,1.398642320000486,13.270467491948471
50.851363301000355,1.3917480650035952,241.44716018702275,1.4091784704384702,13.899600855195471
53.996132916204,1.3979187531885682,168.01898050140318,1.450199078790633,13.497009406771966
30.933576846243252,1.415068532310304,124.84519974999768,1.2494292889292669,10.646845100308642
39.48045790448179,1.408072189408429,173.27672827701943,1.487579916530792,11.95485416666667
42.76217539453853,1.3821265570240235,200.00000000000003,1.5258855935332551,10.903521412037035
47.797542791773765,1.3714966592400486,193.84973212000725,1.4903117721694414,14.145048016329511
40.25446303641623,1.3783458426002408,216.2468412203005,1.4242533723613369,11.7434332248095
61.2891337636248,1.3622883815066067,552.479315236026,1.587596807103428,18.63154081885496
38.70071910849117,1.418111429368821,169.3987653991596,1.519539121964938,10.823996224647267
43.307624010161945,1.3888257113629945,161.97590182756133,1.485306654544541,11.209163235207852
39.49963431834162,1.4158085840263055,162.47492113923255,1.5229091844858178,11.266715695730452
42.23103792577725,1.3901690193688956,160.67125326350236,1.5136147547584404,10.890787760416668
42.0653370679644,1.3892301511217005,163.14757303333053,1.4888689523046736,10.91012104552469
53.11353005146882,1.3927737893213838,168.46975177964865,1.5589728636771516,13.852885251322752
40.48569102321276,1.384568913490856,210.6991131283669,1.4675482639517765,11.108815173059964
43.0124932914969,1.3885973315005813,159.28020564980798,1.4519728927378417,11.540249999999997
30.669416487502605,1.4164810565345356,99.6284793999944,1.3755641755459973,10.268125
40.0234829064546,1.3940669851823788,203.38078458684123,1.4440714121493738,11.59204310775236
41.823801906257565,1.3941382686404369,149.8142396999972,1.477056139931361,10.750797968106996
43.25538499418195,1.3963684473599045,163.14757303333053,1.4630858872015216,11.6380385159465
43.3704542117713,1.3976217561473825,158.42298681112342,1.4746902378189355,11.886175267401022
51.742237195074864,1.3944354328379154,151.97794183557562,1.5494243707223152,13.505167824074071
36.641952906727106,1.402838447235112,203.47634175523885,1.3806737955123245,11.377989004629628
50.656218554832705,1.3986972989587498,165.69852988255403,1.4926497443886504,13.370765215084877
51.21575676357877,1.395733257030766,158.50626398272715,1.4637973331409424,12.974787519290125
44.19457698504725,1.3872459006348798,154.9850031281662,1.4709965975309789,11.593038422024554
32.104577012154316,1.392127500859932,192.5234474320614,1.370660377421508,12.8820333886876
23.31030698158297,1.4218456816616118,127.16425583987674,1.1872946253064782,12.357047646604938
31.63200976064593,1.3999278487403015,184.0433840032072,1.329504187804802,10.85059594425154
29.90639911019778,1.4291985206108264,98.05469288332914,1.3681902520863216,10.53690603956229
23.48114844725476,1.419268323986892,99.84314589504432,1.2461494506207684,11.815536403218696
33.12864587513953,1.4172509145795371,101.63501028685032,1.3303520536339954,11.659218069172114
29.707318109521992,1.3996713659851758,204.3274042711568,1.3547501410141818,10.772749164094648
43.73254525418286,1.3983707978551048,347.46570623000594,1.554929607235694,12.755846991985264
36.075411554607754,1.3868026261938806,190.69197400187088,1.348805247900693,12.041489610890652
44.38677521450587,1.3953393660804037,154.6317838843306,1.4848130313830108,11.666418868965632
51.97364531215442,1.3954824072685148,165.36707644693897,1.5195103342432443,13.223872010030863
52.906163433138545,1.3955383158761872,158.31016201368078,1.549242365965034,12.957516603284832
29.182514602808297,1.3968175204048294,191.85793613364632,1.3478828215299288,12.227271865922294
41.50561000994196,1.4079922482332132,351.0576013019894,1.5197530562995276,12.707843152476665
29.623469470127425,1.4061827537035123,209.81152089138337,1.3078315180205338,10.976920331790122
52.25252931685541,1.3722454257810426,138.28783125499433,1.3942570504136016,15.643611075388662
33.78978252941706,1.401243281585833,194.576267439838,1.4617091644406028,11.70125964506173
41.39131791175558,1.3968752097909445,349.3896127008612,1.5216695413222894,12.128812682064083
37.56368532889419,1.3931204178324292,236.28258366299264,1.445007764259295,14.116896920594836
46.43384408075073,1.4030931835344798,143.12162607202842,1.5708137019603765,12.300851148329702
81.08616658540947,1.3209235012850191,527.0371436516983,1.555606635000172,29.993633274199382
42.79471667865794,1.410681370736679,289.9643417335976,1.5167714750670347,11.267173921064613
44.86555532588066,1.3977071452499774,144.30137101175546,1.4832784744771998,12.291198517264316
43.088821865150955,1.4135439010564552,290.03140955585854,1.5223573921759272,11.517776744378306
32.07745132661721,1.376290970433419,240.8131741503433,1.4831135153384791,11.768510561342593
43.83726877738604,1.4132315599563603,287.2010679061771,1.5526982542646584,11.33599966680696
43.71827511312695,1.4112586297669372,282.47350424904505,1.535693117560644,11.45750652006173
40.79419755495353,1.420123977761077,201.82378704618756,1.5013063235056026,10.795491860400606
42.218612502918106,1.4048977182200213,278.76129398076756,1.5214727249876667,11.941471070508817
35.17196816524375,1.4374569630854497,214.97474167490213,1.4888586802659638,10.873545427859474
35.76229849595743,1.434117400041389,215.49703546891175,1.5064810273884497,10.62509307462309
45.29316168052286,1.3971685707467565,194.99670607656856,1.5215034075509488,11.311528549382716
36.31225348566116,1.432716663255953,209.6856471680698,1.518203438365363,10.937789030349794
36.29494759044997,1.4362264630693775,205.78635312517025,1.5222540723041762,11.004979938271603
26.681217828317823,1.3998325869621706,151.4934846129773,1.4143097999972487,13.864342482363314
35.94564932971903,1.4326673198979218,202.14013546008,1.5053918783219264,11.152018180941358
47.33354676319957,1.3790713230555771,222.34914531397172,1.4216538672804253,12.36892770434261
35.959216978864916,1.414778180768275,202.1637021355784,1.5113712553304737,11.517487461419751
36.32235315097795,1.4287331081301906,201.36784028464064,1.497146221362609,11.148570188492064
35.44880853812446,1.4426182970337107,201.3523138347365,1.5322658989602245,10.76630540552126
33.595491992936324,1.4077459507736545,192.8714079781222,1.3223103259920814,13.754480047837577
66.59820189704911,1.360700113564535,279.7077797795522,1.613679597083185,17.459208381558643
35.47428840801381,1.4337345934048729,203.606170225964,1.5064375224864084,10.892788525132277
35.88503190579788,1.427060850743585,202.1637021355784,1.521000591197582,10.711473122427984
37.90865805652735,1.3971617266845058,172.5820173826166,1.4144831662280024,16.27522633744856
40.51681736753818,1.4044447761923693,175.22233940636352,1.4384444303209076,10.90459201388889
35.21211533873669,1.3884193177544113,155.28678012639966,1.4057360762397444,15.297408479080936
42.23584568052751,1.3957103081304765,155.12551486890612,1.46317095145569,13.29705311213992
34.30982456484363,1.4163771822749165,205.08282171768997,1.4460460385630212,10.517706301447744
32.817094723618894,1.4266845622773354,212.24602541927737,1.2753278496748006,13.10014078520611
38.247229330010065,1.3825492900708285,268.3080750082355,1.6286001154415028,11.468271783448165
38.26006364964369,1.3800435312812105,271.56112130148585,1.5268088241206037,11.66737718621399
89.9296582908917,1.327610740030141,537.9333261916612,1.58784618519117,27.072621897331597
41.96520662093379,1.3899792336262882,266.8382550146529,1.513861018056409,13.624122942386832
29.92183151587663,1.4323309294418596,209.65107297302944,1.2769689842535374,11.09592431841564
36.62955184079181,1.3797860540755449,277.2762801070895,1.6135104900418376,10.6746819760101
30.91261101970604,1.4398631331205125,212.9141962240931,1.2833351976548004,10.78442405202822
50.67528094301598,1.3782543829002225,196.1973471202495,1.3781772015109046,14.11899218920686
38.127869361357035,1.378837920668161,270.7701875205887,1.491930595596734,11.728166580932784
42.40957929602379,1.3825958531822002,270.74405039164657,1.4816080781997845,12.395115119445638
72.29736403418588,1.3288278728266798,492.8468939048416,1.6093247481747115,20.74949196676654
24.986954904639404,1.4106576478035888,130.41901283227403,1.3246194543802092,11.336305084019203
24.63296450884924,1.4493162706304694,148.10582528954455,1.3564469445978569,10.702493034122089
88.44316557561336,1.3491686437414363,505.9048569779922,1.6559422463652036,23.06365941106316
63.31937245456887,1.37040437749127,493.8887593360671,1.7267453559219317,12.16296579832788
63.53657425539755,1.3737241705157646,561.1406292870307,1.4080335728230875,17.26916541848221
41.41536677650778,1.3992275087170696,235.97148042487495,1.518099207090493,10.63067544367284
41.59375171641171,1.3932131516457675,144.72135954999578,1.4519803000619165,13.403414088804714
42.51853786087083,1.3663648028098316,403.4801564311059,1.469209784522675,14.913599168926764
39.19893491269755,1.394802671709698,168.04882406621414,1.3956981929713317,12.680074673083173
39.340032075933266,1.3982603556114244,202.95050291215236,1.3805248640854737,10.71551512667181
37.54652276067305,1.402723254387849,166.66666666666666,1.5048880121427302,10.879621913580248
39.39030773141378,1.3839581215931227,222.51497725351717,1.5374050263075647,11.417999394991584
42.2494105246067,1.3972320111723775,161.8132806498461,1.3838539707890212,13.310294165108616
87.9928704944536,1.3432007700892663,342.4890016644455,1.4435708451819635,26.444578847669597
43.84317630451488,1.3768990919369717,220.23862827235973,1.430664483282599,13.109197227082724
46.93552114815738,1.3923887237465462,175.35916365643334,1.5728176224845174,12.46081930373612
47.18192148242687,1.3857600283814069,195.55409982248844,1.531126056603345,12.100742961536469
49.37852992429975,1.388966902581702,280.01445485508924,1.30039362345401,16.712592110339504
40.39501556139143,1.3805142942878077,219.047619047619,1.4250544765828708,10.686397690007716
39.274894508959065,1.3883696008869375,144.8794976862712,1.4402503809484108,12.31185962148491
39.902518752113195,1.3802208632649215,216.0168715568028,1.413310437904621,11.160563683420303
38.83194595094803,1.39885638831099,138.0546928833291,1.4534708401819616,12.254402795314252
37.69168736838804,1.4058160653532912,216.08512162171576,1.4652922144052023,11.052258735670192
46.48861187007148,1.3822684448166953,201.39822625673375,1.4953206685827751,11.807193111672278
38.376828594481736,1.4065753468180526,204.80135354186177,1.4690918911172888,11.422369598765432
46.71147646072238,1.3808111696601115,201.39822625673375,1.5031865930803403,11.54358445566779
37.90459226620978,1.3993844409132672,215.67183329756315,1.4581680469164997,11.392259516460904
16.261030761398924,1.3968787154444366,205.02839941959388,1.1380143837976828,18.500587625385805
46.40290126297712,1.3814640104244984,203.12811650922777,1.5001910086022034,11.279287712191358
36.83745407479062,1.4047111211820489,212.3067105574839,1.4557198748212177,10.845646657547698
29.41572225880437,1.4127451681850862,261.6297828838578,1.3412663602203725,11.42271522266314
45.821516390678504,1.382154606809447,200.29912116079515,1.4899108561995422,11.836790525334363
49.88625662464263,1.3718023217513409,208.44092821794797,1.4894943400480405,14.541479840919582
37.11885185037794,1.407298351781477,204.3274042711568,1.4568823851317196,11.02274225180041
43.52371630122451,1.3843046270514987,226.5238917420406,1.4694633607549568,14.921467427248675
32.336231760574066,1.404569492935335,271.2697435310414,1.3531710289781955,10.98033950617284
36.24128411089601,1.397954760949386,202.71793605510513,1.458850446243987,11.021947820216049
41.1110801122404,1.389527913780814,192.5578170312707,1.4514736315128685,11.685412335157125
71.54683288141307,1.3638256020106383,162.16370213557838,1.6295007738110892,17.64618752728735
143.63787618092053,1.304123285860204,1263.1105914508596,1.7160845257542847,49.43559561453354
36.99554078375474,1.3907047473702372,189.997432093803,1.466271077203767,13.367028034979423
15.833579650025497,1.418076759537311,220.33109734232735,1.2348568523028232,13.491924792631174
108.13964112189063,1.3008379851090883,374.77318361160434,1.5633504661382482,46.31006252026897
40.858377211818755,1.416178127850677,196.28392810921193,1.430715076392394,12.428394447075483
77.3944756283385,1.3511468142515557,560.5698366285501,1.6003223111643003,22.90332205646196
36.69169905151698,1.4154000308974362,298.37223552866965,1.4073833429858358,10.924296323853614
40.05482348501454,1.4096204309321958,187.59881750448915,1.4493643715553302,12.42017132040895
38.738255131759594,1.3856455021473189,152.95366049025972,1.5108023052936417,13.049839707282638
34.9792453055605,1.422367780082901,291.11767527655763,1.3734871690281216,10.704819034529322
37.312265893930125,1.3796939332288516,140.10435849389543,1.381269843348255,12.697020565145117
38.25212603687227,1.413710430424929,186.03796100280633,1.423810919404174,11.077338704890789
35.2842464504688,1.4010643711051864,116.53398073809323,1.554591895301916,10.47956440489969
21.718327421076328,1.3964840875960416,142.63196787625515,1.2085098034419637,15.022722663139328
21.68863611783093,1.413142244187918,131.33881291548585,1.2954109779896734,13.022033030626782
24.41898939179049,1.4078001725918263,129.23130628377453,1.4465715807532642,12.000207851080246
71.91313685432249,1.3666295195518374,290.66853143295435,1.2045800692658082,21.76200042898931
23.709723355506195,1.3855608511820037,141.20226591665966,1.6107050432774317,11.419285125561167
39.3208741083058,1.4134541847506568,267.8391011963587,1.4251430251865298,11.029985894097225
39.2461882490154,1.418611130257749,270.94652730879,1.42078449863397,12.10990484958187
32.4166378548388,1.4544164105622135,126.29514606666108,1.169703784318239,10.912689686213993
67.55100963160928,1.371260759712775,236.93220535220985,1.2506660581527722,19.646726863141033
32.59230305111003,1.4296782059476756,107.22535044303204,1.164853557259295,10.75358176256614
39.88254968412928,1.3934098974829017,178.14176947595698,1.4691811390249658,10.888243496472665
40.77730898968994,1.389930597665502,177.6414851372014,1.494470527046935,12.31189175268772
72.42447490637996,1.3419914704892022,390.4269765927785,1.4528689560481625,23.181741824767904
35.88508430865312,1.3845449505105212,139.3679425877302,1.5546463364007512,11.295853427211934
26.895010836567927,1.4339576836401942,139.89888531387166,1.1497405970151662,11.042177469135805
73.51288009566552,1.3287159847831855,414.481931965511,1.6472594963269185,22.661448960991812
22.244843759574117,1.4208224079165068,126.82459513747884,1.1593523371138357,10.801822503306878
25.65132098761993,1.4327865913094282,144.57466559522808,1.172630803300733,11.078216507523148
28.176336921565056,1.4258628049741948,143.82524344443513,1.149744323275621,10.883386243386244
