Avg_Concave_Diameter,Avg_Convex_Diameter,Avg_Velocity,Avg_Perimeter_Fractal_Dimension,Avg_Laplacian
40.67361587690054,1.4388889346888605,541.6121695291553,1.5460793309192369,7.527392934893674
28.016589157175076,1.4670844810697006,164.3274042711568,1.521788348757015,7.893867348251029
44.407974585941474,1.3985668538946987,792.3356285593048,1.5053842363791916,12.296404655209264
69.13466272423305,1.3457360210374354,843.9181806907231,1.411651933764151,27.07105552958412
31.0701598117302,1.449056634473445,371.4348568552741,1.495583794744955,6.53479114057239
42.07524457415444,1.4181729733078667,856.6797072110469,1.3412046033239402,13.052541657480896
51.513437906893415,1.3876466587375886,576.9979214614681,1.6464558565147696,11.597400109567449
58.4189526843343,1.3544049424596951,840.2961312105488,1.4273890245454708,24.2362025942503
38.30741659688464,1.4215337886457182,989.352177839062,1.501638917220638,12.665872617967242
44.38379394088761,1.4198443530108844,533.1888783574633,1.6029226986040297,8.754503279022238
25.814345655669243,1.473291587826661,371.7150591343168,1.558918853846886,5.730863182261209
35.06970268705944,1.4395720762573616,605.3897056687271,1.4822595307460615,8.096901175458838
35.823707026498816,1.4261794713333922,403.3667720275771,1.480169843756812,8.53804053408813
38.027361238419495,1.4193936864544694,581.3366729996714,1.4920378187820929,8.75707953057562
35.79452514074363,1.4207241814720395,369.0025404133713,1.5922727062247075,8.519313380940668
33.46695230494733,1.4450757321397123,521.6221670539638,1.5628084058813134,7.100973533201486
31.941573831686306,1.4553865801683987,304.0194683744048,1.5045667928499398,6.5332398451278655
23.54789119167123,1.4887606514522778,519.2198576133677,1.5887159201868792,6.321443061985597
48.89388656474615,1.4088747932846986,672.3937543634972,1.6475281584625443,12.384713820301783
31.525095544466048,1.4505409503261155,543.8124456442773,1.4838822235003069,7.743762002743483
27.329679573740677,1.4575323505055924,427.6612950230011,1.4982461034500174,6.353800797325103
45.25782693289358,1.389301761320497,519.3225101537062,1.5534950307867157,14.875959899824393
55.09697499155603,1.3772380709645762,605.2432178050739,1.6134094346492898,17.72475131261244
22.130527038600256,1.4801544450662534,509.5843930809909,1.4617379605217002,6.754502545457595
31.93820870756372,1.455979106140372,227.96623478199464,1.5103597335028671,8.488353373628259
27.056226011202416,1.4454916466753018,405.1401669686786,1.4455012136730006,7.178901027107908
21.087461328125904,1.4693074547749327,585.467058655737,1.3543764064614812,6.576981371252204
25.07534025823011,1.4637300121602612,193.9393939393939,1.5835452750508576,5.777771669238683
29.655530497879244,1.4627660018303177,881.6071220445383,1.579608361504775,7.470095409965887
51.5857324161848,1.394599822462231,596.3876979256668,1.6531310104333248,11.648478495413384
22.844190583016708,1.4977776988530946,519.3884833214407,1.5220047876545024,5.603961812073536
14.38438473909575,1.4724562294922026,504.97186807487134,1.1851569243771816,5.882079571759259
34.09644039912311,1.4461063349178664,595.416533658882,1.4879554241237891,7.171224617412552
36.69373015300764,1.410792277849278,414.3684089849462,1.596578856244098,8.784091630118404
25.316793505401645,1.4684384090606395,271.2697435310414,1.554488031709977,6.204245273919753
27.14824219854624,1.4638860928119264,359.7791762895879,1.4851827074720372,5.521679365997941
26.7812064701851,1.4591753642249865,428.2535267885468,1.5195912029239529,5.743728137860082
36.89072571909004,1.4135601440364958,855.3172115716512,1.488831763093957,10.175893361095186
29.550941393978427,1.4616266044380803,522.0957313885931,1.4411596550612995,6.870633532169991
14.4936754607419,1.4802574311232926,438.7913719481093,1.2785188399006686,6.3105538837448565
27.581219038009586,1.4642149218039937,244.04486071488367,1.6240867361701763,7.325765174897119
23.061134581692347,1.4824406898098297,254.9177339472594,1.5310542496772162,6.349443342151676
27.07022747229216,1.4568701649892464,425.50748275931664,1.5880850246767404,6.193445661206079
25.491070314391663,1.461158577935394,441.895141649746,1.5505282648747645,5.908149112654321
24.274514827886435,1.4750514033356343,369.0066796456982,1.551239730671674,5.987515110596708
43.1118931296363,1.3954250737233125,512.5213581860557,1.5008240300597673,13.446751508858291
27.391846076991516,1.472132369939678,300.0,1.5082489739329863,5.895213378442545
22.3898831489839,1.4825573160945684,294.97474167490213,1.5603217611870557,6.43104118441358
26.361838412910927,1.4728318423119442,402.5850919063012,1.4377457847674373,6.474585491990005
25.974580033594982,1.4627894138343454,383.5570960131676,1.5454505442576385,6.063854580026455
29.714847768537076,1.4565669615403205,788.182598805874,1.4636675739518303,6.509626536461554
15.60852787293931,1.484126135116299,402.4834331981722,1.2185860379323763,6.679858612163301
27.967184062161973,1.4586896101379694,247.0037182063449,1.5348629469429684,6.7575785177632826
48.98125744311278,1.3961472925422342,576.5262543090661,1.5998093391633987,13.169725429205249
25.481310598612943,1.4716923697768216,342.3800866384806,1.544502757166085,5.621559325167181
39.73741798290943,1.4110483950293136,736.0006029835728,1.504820142205282,10.627064111171125
67.5181485717897,1.3672593670989182,1339.7617872320602,1.3090585067289706,22.112878729412284
40.8323024854741,1.42200396218659,600.7523586933731,1.515563542524732,10.069447461463907
27.01105291946457,1.4663218617364866,300.0,1.55616922564287,5.30347263558201
115.95842808974484,1.3241923825785495,1100.7750264271658,1.656080906815602,41.09221710716149
32.96711453801212,1.4453008349068417,322.5630714207496,1.4618144271932176,7.720075122040207
25.421243436187567,1.463541124514241,348.7088485095082,1.4799068611733015,6.159540982744107
44.67446282083184,1.409155611071734,1165.849444071972,1.5284382065411295,13.245210744598763
21.94392979858412,1.4858009430666976,171.42857142857142,1.474614714435265,5.411256992669753
38.62961679573576,1.4074699631041891,1142.2441938459124,1.5552343745468582,9.97957750610854
27.737963631313004,1.4614406737296686,290.5342602904477,1.491282123254047,6.067761091820987
25.56185188178271,1.4642459784352333,444.8933151271325,1.4300781724975908,6.375165380658436
32.70707131750084,1.4188772056220738,482.12452005711,1.4000730886806538,9.649254430996931
50.07416082043733,1.3926560899258558,863.9906680954771,1.6685833971726212,14.032334678593012
17.564006536605156,1.4752043976460951,426.6945303420688,1.3341975855009178,6.813250868055556
27.406515639571605,1.4656844035854897,302.5869990095889,1.596241633943499,6.299323945473251
39.2804888880885,1.4254475838232152,755.5555555555555,1.530039341433748,9.754419918430337
29.82854112363202,1.4535054068874425,506.7668750878568,1.5218043682847946,6.9588307429453256
18.98494541075811,1.4729554020421374,603.3001354249269,1.342759998383977,6.28620205026455
24.262346278497784,1.4633874397129756,333.179865842157,1.4796440669079698,6.011727141203703
43.037631959749774,1.406255537338267,792.4177867107542,1.5704978797704798,12.000900848173254
45.55020258219934,1.4071402212980622,1166.636000890853,1.5231251774768213,12.948653178418802
38.97574531462782,1.414026978153818,733.3333333333331,1.4674627180351794,10.6312700938786
25.45696220435225,1.4665680999944744,304.5963488028676,1.571534907327811,6.092363361625514
24.939669771200386,1.4643906058061569,536.6335832089637,1.4507537772699397,6.54487161351166
30.08425953975492,1.442056900461124,512.2784749345998,1.4166644779094022,7.871104710297419
33.071282396351194,1.4336452101441572,493.2242149430151,1.4751170321828884,7.715530025891716
21.451035855494624,1.4771763908388102,642.031777883136,1.3829721870692824,6.229140142746913
35.24748241657208,1.41296431398213,717.8445485086173,1.4350123321764623,6.431148350018976
25.83628378271787,1.488458934983145,371.2112177639417,1.5555639504447325,5.354579046639231
23.84545856692569,1.4644481548581811,469.5478412061633,1.4499601975666536,5.898697916666666
15.928560362425804,1.4801679779498589,467.378282079502,1.2675439604215784,6.077910558127573
138.6078783789895,1.3263521367644355,1123.720573889713,1.6787252996598112,46.97667597846724
28.114464406319623,1.457521793927632,333.7523354654644,1.6143308948649375,7.017119079076644
26.45667037900133,1.458134504397007,673.5163549685984,1.427677590924446,6.893903524221685
66.83541747455342,1.3743542933403827,665.7085164528478,1.503955507713099,16.96291264340553
17.93596419928776,1.4765254297047097,452.1732879878916,1.317553164872986,6.39524046818148
24.974827721539253,1.4670767484066782,389.9771678785954,1.5568631921386722,5.771539030349795
29.89816131638778,1.4637850239096175,573.2638156393953,1.461602819113114,6.815743772045856
25.317461933334464,1.4652816040316252,223.6138365727166,1.4903209781825677,6.88520862007841
37.43736323087269,1.423541209749489,668.7011958417543,1.471620773440049,9.22195762348366
25.33427585795936,1.4668359388108514,386.4112967451587,1.5130892638957023,5.811944926697531
30.055457475852933,1.4578638459268014,505.2609557548882,1.5364868375112697,6.759406001068437
26.52638275825344,1.4607972889890668,659.8370250470417,1.4857836250184338,6.857059888414055
39.80914816843403,1.4315046811582457,443.3254828368397,1.5513418477980092,8.195996414903602
30.876072092430544,1.440349035175253,546.0710383426504,1.466551724889533,7.934146886569688
24.842507575080884,1.482325682866491,406.02164082947246,1.5572654623702138,5.480696116255144
25.91359609183881,1.4587580743661268,626.7250698378498,1.4457197910585713,7.2907006869427295
23.306581697244862,1.4811874442438733,282.9815154493974,1.5400168467318955,5.398992366622575
29.218479467060693,1.4529401060613922,482.84271247461913,1.5249001793729982,6.691196148405349
48.53989240153894,1.4080121653111184,577.8814140899573,1.6270228299126164,13.5421845875696
33.680384691420024,1.426142513380083,528.9331617546183,1.4706735609125083,8.421098110096398
18.59580406273053,1.4699503621957897,284.49466659061426,1.3611719328706335,7.584427521745232
28.800616223504782,1.46954657352934,510.75162407981486,1.637822966178287,5.632090213477367
34.37437327748848,1.4430132723061202,447.4907031409047,1.4720465054267406,7.403297279957523
22.001196858251777,1.4614133732546142,156.63909396113615,1.5206517366891663,7.043136290195195
67.11612223908877,1.3718463129043603,708.4997172812267,1.4990700702198172,17.650242548257722
36.77273134618733,1.4275288215994582,810.8353255221999,1.4611624751963133,9.523320634001127
58.77823539371207,1.3751969034574127,1018.3849501059616,1.641071427521732,13.754654302595725
28.26977333995494,1.4759399364282284,552.9411258961935,1.6509070562429364,5.596930700231481
17.97198510348652,1.4540667775534566,200.0,1.3423107809973276,6.976415895061728
46.69182346499764,1.4073090765147354,1039.7505036548637,1.6268449401007756,10.95377669986761
30.717092122150508,1.448917235817731,523.6352845773771,1.47986815985726,9.22844344260255
48.229434825822665,1.3946084512353092,500.70691737003256,1.529335201545131,15.53855979220188
63.22791083497776,1.3678650863257438,1132.8504226771756,1.5465535237775574,18.63328209310206
39.24912797446028,1.4157744635915226,751.913593357807,1.508819244392661,10.668253931606298
23.223202234231128,1.4975706038269618,322.2222222222222,1.52365020405092,5.450441330467371
18.87456561799614,1.4958355388516729,209.905537061624,1.3673036610927232,6.93506004050926
28.053218464104567,1.4814375844556116,541.6731229773333,1.6848770374838251,6.006470696548822
35.03997245429196,1.437823667449042,527.8390486730822,1.468836618684802,8.886508946942975
44.23105170846766,1.4067855048554674,615.9342956860876,1.583569087348973,12.22772232880899
30.12491344001302,1.4798168566575474,409.026925625566,1.5888591670401786,6.151795187114197
47.01512971059171,1.398634215363563,584.256418968957,1.6001770688752217,12.895074052640602
36.62472289503981,1.4357609343805688,481.0543508474383,1.460045692350342,7.923539379409171
46.78910509305619,1.401988274307218,843.322044559401,1.5160898167805257,14.396953351942628
39.35686869275251,1.4228113992217262,808.3462514259502,1.494232381447375,10.9866729646565
27.22717852886437,1.4481378018546198,530.0736215818554,1.4374010834936304,7.827636702674896
55.409124918268496,1.3723456333375654,867.2573434959089,1.5854357432774573,15.014346619396454
26.770238005790144,1.4456320696370113,557.9372709201339,1.4751543601318362,9.042467930083758
27.026692872228264,1.469857095253176,314.43836003650193,1.5795939275067017,6.120146385201986
50.53600071665878,1.3971408035274109,560.7553960174328,1.616562511595672,14.372332229739898
37.13918940257318,1.4363393808737133,809.4501535188439,1.59152754620281,10.019069710831864
28.48936406506781,1.4727200708716826,524.1177069817239,1.7465162322959398,5.9031867766203705
45.91676180169592,1.400702567813498,411.79618653443725,1.6286842595832391,10.440061635922564
30.14281674687535,1.470924196873285,259.8266977708758,1.4411727408234716,8.369115547839506
29.85595172183845,1.4452551387910646,741.7258611264847,1.5464001606466882,8.03249281978738
37.8968195530941,1.4279970748887425,896.8153309711877,1.500075847458124,9.58403923050362
33.50237397913534,1.3853527710347078,483.1024002697633,1.4990297148182594,13.72055985296639
35.17236731983166,1.4301631004447055,461.2943156626631,1.4578738418212704,7.890484791648937
41.50218375791479,1.4243146384034668,735.276563287051,1.5630125465986042,11.55412224579904
35.796129506922995,1.430659420984232,843.153404753641,1.572859635173246,7.394133549926124
29.94443223419622,1.458418335958086,257.6483493335303,1.4505520208801854,7.468555702685358
33.62288109110808,1.4486896857516949,515.2239516555555,1.518408669820878,7.908320153842559
31.80777445452809,1.4377310610055265,315.584760343963,1.4223086052686842,10.811008294753089
24.24851863635732,1.4961054973588592,567.305424024688,1.6314185233900662,5.517302436985596
46.63301914851163,1.3801281772211993,371.4522199127368,1.5098297405475007,14.585200235000984
36.70924954723052,1.4226075596252048,535.0743553670939,1.4570688451208,10.162979847512569
29.64767619797558,1.4751282214207726,464.71899515981903,1.7637861431999646,6.060355619099491
22.270334335750587,1.4619925634403723,166.49110640673516,1.4828254108024823,6.297293756430041
37.45429431131429,1.4104477462763454,237.9150207976797,1.5204251780425808,9.297169504788526
34.900383863105226,1.4221114379301387,1049.3103061073698,1.468732873894106,8.889900438072479
24.08438229225241,1.480443197166256,228.83036880224503,1.5008486762282756,6.621778710133744
29.595978474936864,1.463416471335126,772.2208491198531,1.5444725009385532,6.433711058063271
85.18987215144298,1.344644162809672,838.5863359271323,1.5811140758128643,30.06641669813927
42.54138991216773,1.4141624682718392,286.2230295872332,1.3532399822700631,13.18970709053734
50.49420532766107,1.3889928715442732,778.0617345730162,1.6839908960380274,13.846016393921662
29.349715796018604,1.4747396661131495,446.5501573886067,1.7912562327845052,5.568030864197531
29.941326687753403,1.46986271198218,775.3466214899357,1.611678689974536,6.3739906978738
32.997441398201765,1.4182312064353682,290.1841832829363,1.5727132559283137,8.43163699978714
27.61034488929606,1.4719135664177525,337.9014054216434,1.689400991523124,5.978908626463664
28.07425887583577,1.460665494022953,325.22771038808486,1.588048605597936,6.846824062373169
38.10037771275025,1.4275333699024984,483.45801636829935,1.4793140867771544,9.718267583582511
37.35574712409726,1.420824436438375,357.97246937920835,1.3725563945609172,10.22430444266382
51.37966702827224,1.3917424840419963,1012.7838673074629,1.560215695068632,13.725729531916496
43.69708176669612,1.4215988198061291,595.5394226204647,1.5910401058586354,8.925369995454162
32.26241254515449,1.445356504025899,539.0010186732482,1.4505474778248413,7.337578233970161
35.29174159018153,1.4080098931474174,367.6825054769116,1.429934639863226,11.11895839037861
23.10455541862493,1.4439670475845456,314.0544109475395,1.3744498755440189,6.79845031415344
47.52620644782301,1.391201618854075,599.0733325905042,1.6016607888834176,14.543279167918651
29.784466792040806,1.4491325825059422,385.0896452419294,1.5451799343220072,6.021655092592592
25.096206971585257,1.502224076044134,296.1811382246932,1.595179577668651,5.818043016975309
59.5597524509688,1.3755116764288555,1366.8362781585906,1.5642125861328864,17.372189154686286
38.35532775501487,1.4112714117209442,307.4511943707888,1.3965361098823212,12.276454895997505
73.01735293493726,1.351966125058364,623.5610632566065,1.5890401344409633,27.27610215622027
25.61280787460843,1.4960622712367346,314.8719315505603,1.6610693186519252,5.798561792695474
40.66835038169894,1.4085861619458708,334.49314579105203,1.4684940519632532,11.310588720441189
20.967653344027863,1.5305139277881044,248.7914821487396,1.4301749559328452,5.567436583719136
20.20827007878437,1.5093068883751044,161.33564184383908,1.3971498043875052,5.93196571434373
22.071721599338343,1.447907982722579,240.0,1.4014066087588966,5.475308641975308
53.59624789222324,1.368984287939082,421.4405872697483,1.5615403366290233,17.62390888047138
21.40775941430127,1.4367662781775632,327.2720389312572,1.4653282906273262,6.492314316814079
20.94692123159529,1.5037317810881865,142.85714285714286,1.4294181993907502,5.575524811921296
36.021731333429344,1.4264071378977168,387.1923011609716,1.5343505027142494,8.396574964387465
30.548451268425296,1.4287104339412608,214.1603141000489,1.5596584986428308,6.918595317322531
29.673424732724623,1.4489243077782226,400.0653766485239,1.5464231209108457,6.131852389328712
18.450939259399007,1.4452312796966478,336.3252383933441,1.2250782122121897,5.8495926890432095
23.168077738579463,1.4534608749796205,222.2222222222222,1.4087729630350978,5.87997444058642
34.43992596985609,1.4393199941972146,377.4306916657292,1.61948030150829,7.645760513117284
20.93757093289541,1.4956523329315563,161.9047619047619,1.497071865152297,5.906068552276235
25.836950715339167,1.4937212792979155,548.3268732879612,1.613601477698965,8.102684781239267
16.61806547056043,1.430415021630605,347.01405175812414,1.3483237978573477,5.958410638503087
25.9253244788994,1.4825889915052677,338.1372538547346,1.638248620202828,5.66113938637102
23.275415511845186,1.446319842581551,214.34910691565895,1.304959881154878,6.029957492835097
23.73246952726681,1.4918542323102495,373.6022160319139,1.548200527914541,5.430886220421811
20.04034456780501,1.5047768087770428,179.01610738415562,1.4011046601642352,6.004746334876543
29.348746042937545,1.4582254391037224,309.74054827898647,1.578425544482722,7.21944031014824
23.276231930841284,1.4501683814928037,250.03575440474515,1.5021330533147472,7.809526748971193
35.87455615639281,1.433186261162799,406.775281544637,1.5725590165571015,8.67305500440917
63.43845330113479,1.3723007664490348,1164.0693576279473,1.6290402022646062,16.562837022700247
20.42402133346233,1.5160509031355365,172.7110630081356,1.4273077033392056,6.046568679983995
28.09313718308042,1.4570318055095768,549.1323398709535,1.612913029956372,6.561633998788273
29.3455791910673,1.4474321331362203,214.45822726833637,1.521803414584408,6.115440150930603
25.389956828118564,1.4825449917245224,384.4148960741143,1.6075763986878184,5.537440562307099
24.02190902049372,1.4442108065996382,335.28312060120084,1.4847773980593126,6.395597479423868
47.529785883496544,1.3907022486513567,350.8412154650519,1.6743611716411162,14.59190480324074
20.811494554208505,1.4524207433475105,390.0660222258189,1.2616888176267995,6.79252342372134
68.75753722112354,1.360952253905387,718.4852224643831,1.5656155429441183,25.368475502745568
25.838052322995253,1.4847231870501048,348.1733463123649,1.6841586983917196,5.678517327069717
20.663686099358472,1.4671801760407404,267.0477253406897,1.4797872255688045,7.085732886904762
22.76897213488983,1.4479896255347584,201.5801553432904,1.3300212727270069,6.133035258990875
28.20008185680745,1.4530785667488122,833.4265022318797,1.433103922514993,7.296937830687831
48.28108760360664,1.3923316576672915,333.9934634239519,1.6519127134998817,14.310235777918074
24.46184776718796,1.4807702558523177,364.29577096843866,1.5963597314483933,5.809866196689113
30.5177750558276,1.4502848133414488,511.900753465172,1.5588590958811648,7.178350694444444
20.510893938366337,1.475159163178838,179.67186081530457,1.4887215211571647,5.899543788580248
39.03293478583127,1.4118886662110863,274.98869463471567,1.3357266059048878,13.104595426756884
22.76483640478107,1.4784596650381912,208.6094641493954,1.3777965364745763,6.087886381172839
26.7520039627625,1.463246104117372,385.91866306365023,1.513233476255342,5.638601556498246
57.18363032962959,1.3574218838661745,893.4792992559753,1.624084342797894,16.60324770136239
26.98135532117788,1.47716153921251,324.4226558576174,1.722123581112489,6.047583636463846
20.926673833373588,1.486720209926199,297.7632520532264,1.3819155873966438,6.1286871276369626
37.65306764352231,1.425182497652649,324.3095893650822,1.5338154516934797,8.991681547619049
23.696420609315112,1.4509451005296343,200.0,1.3311345692476524,5.62713210978836
42.42541964177128,1.392466019923727,644.994807436194,1.5716193688747182,9.857243602109053
27.11862169192892,1.4491838220640572,387.2848274075366,1.4683493841408042,6.738125128600823
58.66793622363915,1.3609359393213414,1009.9260861965416,1.619096753532085,19.26728673696845
34.34147461951268,1.434333088041425,385.4882048902575,1.488431361143254,8.642769590690497
20.22890294639744,1.4992047211228954,168.89515139227802,1.4095076199941718,5.543931005658436
42.68793261629208,1.3980377276704887,811.7688541935074,1.583866232185132,9.48481555237836
16.611759832070334,1.4799355060132853,174.5195744793977,1.2491263205172125,6.124355589313272
26.93886931660165,1.481276810032331,349.50104376307866,1.7180824126351797,5.788521050347222
76.05486402049478,1.351795764209236,448.07568432113607,1.5668147067743674,20.56586915784832
53.33352726650929,1.3941514967027266,377.8942258707287,1.6794594130961835,13.617277091906722
23.47304993562386,1.4388920715961568,206.94367804341417,1.3018909816715485,7.696703420508273
16.7791623050934,1.4668728710555528,217.5229081547996,1.250018817426822,7.421691693063677
33.707943559561365,1.4252879222164567,266.6666666666667,1.3333499462030884,9.65692756558642
19.77714721271661,1.4903818138627718,243.8051104771472,1.4016106899747365,6.139659850823045
27.59150036437624,1.452052176528522,356.8648339541223,1.5027666404332571,6.175773048310514
19.590117671911592,1.4692675968760849,329.77173096288,1.400358214656762,5.883806616512345
53.877424916459695,1.3897315364243146,385.9913252226519,1.651547885435472,18.14137791763117
29.548273362490043,1.4392934079316275,212.26726340631689,1.5153194569872994,6.5229072053204
20.03478652716417,1.488333253426602,456.3280618788439,1.447369612263802,6.242086998456792
27.725967753768977,1.4515419377367529,269.7690861751805,1.4878276282820069,6.625912169022093
34.2668335131816,1.431205417258483,375.8794293954144,1.4137534678831212,9.775928527238438
35.474224402893114,1.4476049005760945,321.7000640250412,1.302500435755631,11.732269069664904
30.87526642022815,1.4624092228245398,513.6284674070854,1.6265580842699296,7.0963774706149865
40.89218553750551,1.4164349808399843,467.6142374915397,1.5284830457948078,10.150335648148149
21.41933418811117,1.4775062587182843,286.24448520594353,1.4535066865983597,5.842349054783951
84.01010676555283,1.3778001485810691,478.5674201318386,1.4863222345460692,21.11212232694004
26.609072840300488,1.4786428337144577,375.7568730756584,1.6802485664565094,6.356683912037036
41.71773799369444,1.4131269567555138,678.8265766046039,1.5311910866665566,11.741424979251931
45.13907832809178,1.406013306656473,507.80192734428135,1.5813111433139058,12.085728021054916
30.74908826583589,1.4430946195910948,479.2548717930343,1.5293537684106728,10.00907081886574
40.4752961254125,1.383858495543616,643.1729933457113,1.5745569188222377,9.77841398088794
23.347709326907022,1.4859431732213466,687.219857389081,1.5075411009150106,5.448046794624486
100.91066911562238,1.3432155381057924,581.0841488961056,1.5249199498924444,29.49842950027233
40.17887455912682,1.412194720792819,291.22917149960523,1.5058161484122532,9.597077309544074
32.247870615508454,1.4693410326350205,370.112467383564,1.3642585224363517,8.985966021825396
23.93481594523973,1.4490749305957824,307.9701994079163,1.5197221099652924,7.455020928316713
36.0511569980428,1.442722341127174,674.0559833060508,1.4595261106028736,7.2847401620370364
26.184294010630005,1.452763701468731,380.0,1.449478571171848,5.83119616301908
22.6471319883461,1.4997102633852593,266.66666666666663,1.4809937287944306,5.708819795173962
31.688423248369777,1.445155334311032,467.6491831479266,1.3938279650520715,7.638383671369783
54.97368832769133,1.3763088958490386,788.3903644651359,1.586326084397027,18.20163512164125
23.4927639808836,1.4950260964871371,449.08409849679714,1.5315110593903758,5.788139829282407
26.699112341645733,1.4705645607829,600.9454449005842,1.6784112318313849,5.930172412947514
30.046883166191115,1.4528731203245493,400.9877569339649,1.5432705565037297,6.609080779135059
67.88616078523096,1.3625565386435023,1358.3073012557568,1.54638376507283,19.259089696026656
23.336955277817378,1.445271698665262,191.536723379322,1.3183685194161625,6.509269069664903
32.9592166135178,1.4415770905472167,430.8557411896032,1.493150515286836,8.694726851851852
26.4173359532721,1.464242631742297,338.5329895670424,1.4631395397941611,6.623842491065627
34.359513629268015,1.4247008860876973,404.899008843494,1.641218831434336,7.38224822498975
29.294180769951605,1.445686224945177,462.965624725364,1.562122940376914,6.864508680555555
20.9213176701108,1.5066661974194246,173.33333333333331,1.4419522670424938,5.472860082304528
55.753791650351474,1.3834008507066602,626.3071848889974,1.6079893872663682,15.004957556183218
19.00161722418789,1.49820678646141,364.66047843874463,1.3826454817640712,5.498518931878307
28.947333795511295,1.42743362649088,312.59000371227853,1.506758061748692,7.854234342849794
100.66619820409905,1.339866673100143,736.2302284364301,1.540297494176125,31.365351838073185
48.29385360560815,1.3945355030328568,339.6669706785112,1.6709272181424415,14.533741475850851
49.72706165199077,1.3793184468176465,713.0034647974563,1.495139570550703,14.961495935331351
28.175841101651773,1.45325497918336,859.7938988075886,1.511974791498256,7.941400572620841
21.328604862702875,1.4839622080046202,184.0433840032072,1.4528264667505055,5.9124157262731485
22.51536442049725,1.455364545702252,372.1697068063569,1.4399667259243585,5.82850352483165
27.75386813929032,1.466809326006201,446.871738161899,1.6068936360353523,6.211950064547723
25.113634792677136,1.4743968902051627,415.5403341412858,1.5962883194440012,5.78869011066737
20.23998902877755,1.5147223256965945,195.5433010197642,1.3457034251923954,5.383160204475308
37.37221213092179,1.4275764194661222,412.308739624863,1.46796089003111,9.637080236133633
25.755200731048788,1.4856084243480123,467.5989717706891,1.6161929948999578,5.8770676601080245
101.38164921178648,1.3345641074177077,890.0613252339201,1.5190735706688825,33.53077840241035
36.323137268986166,1.4301100248539669,406.6565244493012,1.4961534471041484,9.46275295781893
29.51287726121849,1.4382362402935247,215.9038637116091,1.5091135809387424,6.1492877523791165
23.378607721970205,1.4646281237784031,413.6009953965087,1.4638347401593237,6.038293209876544
42.15703169563479,1.3960345692079597,574.5291408555612,1.4645279018463104,11.934359551362896
30.638630583822533,1.4392045304400674,485.6684022383638,1.448833402177241,8.020263953189302
27.0492690425724,1.4596191867636856,330.74409009212263,1.5081446301574266,6.060076418566002
35.21893885500876,1.4458151909405137,231.1321362644722,1.505662737544814,7.5558665507839695
18.960336799842285,1.4910383538384928,185.13641844631533,1.3119013698704964,5.5415394260446345
40.20684936517252,1.4164535208493951,710.6418819812126,1.527869341334102,11.103055650845826
23.617937856115446,1.4402714315740273,193.7023866201405,1.3014288186822718,6.796265930991268
26.838014422034966,1.466020478035619,525.1443020760349,1.4812366071644023,6.124732896090534
49.18044688566216,1.3874211736443502,471.5268005606179,1.4779004758114649,15.797785621791013
30.32876580749927,1.4509364786390315,347.2474045546282,1.556430750079177,7.74773644868827
26.956505119327403,1.4348667930230845,270.9485953707097,1.4322162788839208,7.245179398148148
88.03689499089131,1.3482108536713846,836.3813616065828,1.501192523237182,20.44592453275034
66.36630275357697,1.3694078877419522,686.2485304384409,1.5597053463693362,20.87818542895421
55.88834115103054,1.3919504349521417,1123.3766049972096,1.7237550885098416,10.556342788788491
26.93246568812238,1.461728918452221,453.6508465802133,1.5507884076867102,5.62637452846365
17.81027841221441,1.47028193360838,199.47098352721764,1.3304844031309764,5.746118975546058
48.96566344800476,1.398515363491745,344.4444444444444,1.6501880671620504,13.746375110229277
24.623207568308104,1.4719647204892023,433.680219784074,1.601434684616642,7.251088514921271
29.719705324071647,1.449567445419451,224.0253073352042,1.5255040957122898,6.1013719411375655
36.16124454950479,1.4285560969408284,448.4032519053216,1.5214041632057684,8.530319239423294
19.01492307202575,1.48212067463396,210.71152738155035,1.2727283535780418,5.554815564986281
27.925636441295467,1.461245107002212,463.1175119994357,1.5444462129474117,5.589831597222222
26.86582145009469,1.462453211561845,330.07618881012434,1.4806076757332365,6.482081838348766
30.821171730807077,1.431829695648834,200.278560945084,1.412929469623751,7.628146821952161
19.86525754487876,1.4561099265178052,357.1542155470203,1.352324040125523,7.000625783661266
29.79661988855025,1.4320886484544195,212.47895139575175,1.4794841255396116,5.967764136904762
35.24915766666428,1.440042783430494,613.5389920010505,1.4461559176134648,8.251596784077735
25.271198559682706,1.5019789690232603,374.2420227099,1.6383889126095186,5.691766826923077
42.67131076991153,1.4102827260781683,572.3902490380372,1.546011319054511,11.281532154985882
38.50344945695056,1.4391950647345837,252.675759636622,1.5265098248331508,9.116432081620747
38.08430388455404,1.4284826497723706,240.44010715462213,1.4060407264440538,9.102034746334876
28.35101436771445,1.4448677241758785,362.3076581201835,1.5368738688131365,7.954128383190883
27.44194548211534,1.4641222571283272,457.7533316243651,1.5231804179806914,5.734530022446689
29.966365260894616,1.4391074306712812,233.26418494325264,1.5328317295795233,6.229668209844637
26.49997215423406,1.4755539716180768,440.36423949482605,1.6700634338198472,6.2913020541058735
26.327993492977303,1.4772352892267426,292.72478627586787,1.5377564632799547,6.97194389329806
22.61875690240066,1.466823621059265,443.4702877104963,1.5002274226272647,5.882270447530865
28.744385649389624,1.4507136898170303,450.5463533424992,1.5146206475201964,6.131770023837082
19.108480881367463,1.4812152751706886,349.3071870291409,1.3844892366299353,5.435256799751425
28.309369075237267,1.4555870660804355,809.2253242667111,1.5696285197438906,6.20505649491788
26.472897209185955,1.4668360804342735,391.7786181274376,1.47753769204604,6.163545079230374
23.589536000507987,1.478056956335705,390.95218453617946,1.5380476637115676,5.958026397792024
34.01674743293129,1.438080947176314,942.4201933604064,1.5478720966755275,7.322311626496408
21.51422013183501,1.490786080456504,529.0367072388192,1.1864140648363677,6.155655623070988
80.01671176623421,1.3505349062854914,654.3781281300153,1.486368240721535,29.906997135306355
52.16892788717759,1.3859936531699832,620.0468377306487,1.649194542388866,14.159692683556466
23.7045068013888,1.4730756292886389,307.9869268479038,1.5444444570519495,5.535946118430584
24.925591078506887,1.4906078531434286,350.4106874331172,1.6450961831201318,5.675674672067902
67.89115277673176,1.360524444243457,758.6191766294611,1.5301405572403537,18.09017608024692
19.979398532675404,1.5003033900734983,295.4742976853548,1.4098334751892956,5.856313920454545
37.86554805707103,1.4329866116001195,759.1493466481508,1.6052587464112895,10.352157077867798
26.54503497392926,1.4563724649358245,335.89848474159595,1.485161825323817,6.612257723468661
29.138152930002125,1.4548355585129975,569.6767942543901,1.351352521513426,7.064739181455761
20.017930857302577,1.4802751627103408,225.0,1.301637479898026,5.717264446159122
24.580833578914927,1.4806741600755084,397.2873886906431,1.5442388125971158,6.201897376543211
20.03138197373873,1.4669952548374177,303.83589738697896,1.36542178423142,6.138290895061728
47.0305072153903,1.403735154719502,734.8234976583514,1.6128616483536284,10.448035641149698
20.84958842087962,1.449216992489338,268.9256463677874,1.4142219695298035,6.771375928337191
28.45978313828196,1.4491120191486089,551.5134902118841,1.3796920345813304,7.7746293353895535
37.94931555493741,1.42096804317351,564.9826930568771,1.5006409657057806,9.576727317942613
29.03757484638677,1.4253676134273532,501.1110463347002,1.4929181478759286,6.067332886875472
24.20869904043964,1.4915961823816282,250.27963578837927,1.4962818534974618,6.018674003565347
25.5062136683186,1.468947952481091,320.5934032908445,1.5731142246828391,5.91445739638448
46.80988597933042,1.4067627741719977,608.6190186406344,1.594160913176942,11.326210807375826
28.6929922619233,1.4482023457486006,730.5395353576075,1.5000607760928542,6.8977152777777775
23.96939142458238,1.4624988474878795,554.248362735834,1.4280766789562591,6.4204882423164245
25.242208760424383,1.4647748470303397,356.6557723732531,1.490833264540658,5.344146825396826
32.37116260486947,1.4323748832661565,693.9937689234328,1.5736762672727709,8.23538532021605
19.84415501136587,1.4644490772410947,206.00288155876584,1.300893584636665,5.706269359016754
27.4913892860307,1.4413514734136286,254.72615439588589,1.3762635449393958,7.603358934767875
26.835330670841444,1.464227983888483,336.3781567193856,1.5059669599255725,6.385991412569178
66.2292334936514,1.3615955381709084,661.2206261612059,1.520580334451411,18.287978877314817
20.87445534803725,1.4788689520824267,255.49703546891172,1.4029014254796728,5.2776266718107
28.677716477905115,1.4370038775297522,524.869951825586,1.482957590843922,6.142158112702546
23.88846273727539,1.4780523635459268,462.4706708141055,1.6220660863367922,5.652271572788067
39.64123908734074,1.3858798453233374,379.9635079693486,1.3890504503059853,13.762242714268758
24.957124942624297,1.4703065516315832,355.55555555555554,1.4710261116114751,5.531145061728395
87.73786130482013,1.3528656121419855,1787.8175171568234,1.6210467560023276,20.39564814799176
83.11688531238293,1.3465968318979744,1643.6623957977272,1.5832230644721574,27.028509340706584
24.961899391712787,1.497381305732888,544.9997730891396,1.6549794992360014,5.694360961076818
41.84685566398608,1.415522702623371,590.3316380881956,1.5477564448203671,10.40980702792595
18.44256811833957,1.4677744409498743,484.3314807704626,1.2977814971613462,5.6336045739026055
32.65247580932104,1.436463498843497,729.3955677461208,1.5370449514827822,7.835037523883009
28.21299317548304,1.4466198109940878,280.3796466135876,1.5236186129039706,6.464706122388415
28.298486985185964,1.4566029706732642,604.7978977297379,1.5165216240160997,6.607276390974309
22.911710992018087,1.481160762569323,532.0570422467644,1.4660997684621355,5.420151588220165
27.97627118636572,1.4532389666552847,719.3483120288657,1.5079424545668976,6.459629481244065
110.97214999874556,1.330671266936983,1739.176367119216,1.5887038762836443,34.109756969058964
30.228122412577196,1.4548771666659992,517.7210819571335,1.4450940605954132,8.378728350318092
41.909564767899575,1.4227513403094854,651.1894471160192,1.5714468357381004,9.034949873236332
28.23630845271777,1.4439880633556867,276.5626253230824,1.5054134605014162,6.8346651296794105
24.16946704491892,1.4743232160884965,497.0061491185997,1.6342718340460989,5.717590181327161
24.74106858714489,1.4623992815665128,476.34545786787913,1.399906949100154,6.319636801016704
28.764755344427694,1.422802833334634,805.676260351042,1.4560937355479968,7.661153227880658
36.294968162801375,1.4143468967650197,860.6615796873702,1.43565169801868,13.282820376800414
27.226969192441167,1.4655521471430142,335.5337669687285,1.475500861783599,6.48804732247948
31.98861711874857,1.4397429388595002,648.3610860336487,1.580343976606422,7.844579957561729
29.71545483559761,1.430808163585932,349.4233722079716,1.500708037364718,7.143061559114387
23.70433226110983,1.476965199995285,351.94770739161515,1.540255797488267,7.158034336419754
27.727824238182965,1.4278538919030777,769.2882574054046,1.4788784188581494,7.447766479276898
25.68736929704607,1.4421875808712634,376.54804914996674,1.4784853325993188,6.748608129910212
23.142011379352244,1.452034001496836,694.5177538707693,1.3907993571277386,6.475094561753448
34.91465184838845,1.4085973937204788,689.3017707102433,1.495182451697079,12.638414158950615
22.11380465799412,1.4260433907063113,739.582092955503,1.3173845941526516,9.313291136188273
33.04860910735341,1.4276262210605657,680.9754209265351,1.6244817559774194,7.805033619929453
36.24706421424848,1.4269058264184888,573.3247126453226,1.4626812996551324,9.094874656232689
51.64519781299212,1.3995637762990238,750.8571059564596,1.6254374235524924,13.24826851851852
31.172388175670022,1.4165022643258118,721.9023736600645,1.448677690291159,9.836067418981482
23.46989304373505,1.4868992229131703,299.851334075789,1.6048160018866104,5.456549145299145
48.66352031351884,1.4064296359806274,659.7569708535977,1.5912815366072133,12.25584806204972
30.57243420936234,1.46156994801563,763.3886496827772,1.5116600003025602,6.922065841319784
21.51064068752432,1.4922632264870748,386.36303406485,1.4494191343515572,5.433790723593964
70.95190072540981,1.3450050592204172,672.0681285599467,1.4231802205144828,22.447864968882715
29.73510831412223,1.4481256891229095,601.1111885299304,1.483977622977598,7.479997917515996
22.969131511527618,1.4580865978667823,533.3333333333334,1.3976866292874175,5.452640014146091
30.487075401491136,1.4701683136786183,764.01862412423,1.681871934385561,6.98322860034116
34.327501611400365,1.438828229734129,615.5164989576494,1.570091289821653,8.280195824762723
24.28364133481065,1.4538436798159036,326.6386527693176,1.3744610064837386,6.136924792631173
37.23930029145599,1.410455084151964,727.0382806945522,1.4122907629383794,12.631820023148146
25.842773411519943,1.4437679840196704,387.7701670706429,1.4531252044285192,5.703303594393003
49.87536812835943,1.3931079471641552,501.1110463347002,1.6399741904061076,14.4877829218107
49.287459422581605,1.376689900674018,846.2220509342197,1.486554647510666,14.342685644594228
24.68941213280905,1.4631637668683044,613.1636804756703,1.5493084600623506,5.320105010609568
40.16890799842519,1.4226653285820283,673.9149256729712,1.5306914937032985,10.062150080312303
26.867922406398424,1.4393021400635444,268.3080750082355,1.4713673701583314,5.725113007973252
15.788844867883926,1.4831383540604246,276.4046249870714,1.26349990495652,6.339053819444445
24.74369549973184,1.4569512774313031,414.4368337373096,1.4523987540688477,5.231416192738896
26.261590827494697,1.435269501088426,682.1395289273067,1.4696181978783047,8.206931423611111
23.89191190716005,1.4856000959853048,389.88760120412326,1.4957538530172496,5.790407407407407
52.96076243830654,1.372974246565048,494.2651360326592,1.484014524356355,16.023302017810803
35.88859625859642,1.403430586147543,697.2987307374894,1.4330302428889374,13.342550540123458
57.47297337934328,1.362331706676151,337.7342006041237,1.345002502925052,21.534332837301587
25.63360905336909,1.4416197976148966,439.8210774043605,1.5846165937459074,10.069425302706552
30.58265521538145,1.4300541515268763,670.1548721148954,1.5000263744033453,8.252659915123456
22.51886409973969,1.4830350635639191,306.9432309067972,1.5536433492722015,5.723911015795207
23.27800751182224,1.461862922503906,365.3672770264953,1.5353325621605285,5.87531747411813
40.44618222940598,1.4166144467411694,716.0939026798052,1.4502851201107785,14.788756303736772
31.610259845034903,1.433127245548382,262.7231059148405,1.5393463483217027,7.97386505625249
34.2094222838439,1.4243409748119176,487.1714433924388,1.420736386219262,11.654829198537303
40.78387865043331,1.3830270107687896,374.5633924246635,1.3576421554067497,15.909656528635118
54.18610303745572,1.3700210635028771,703.2933863352647,1.5967514558229616,13.496267874580406
27.06422500909141,1.446359736779259,257.13844381048057,1.4708847443659383,5.995468106995884
43.56630421997504,1.3981372094525903,687.2389224969734,1.5670740039764834,11.718746805073302
32.61710099614848,1.4271337233775827,453.3012625985652,1.4577720567310892,9.897772472993829
44.45912098020749,1.4099504072603244,592.5585853845355,1.5752572938286835,12.314985069444443
25.34286082903781,1.4680126273644285,425.6406742703043,1.5647708985580109,5.501652888007055
22.82397619083184,1.491673244619769,356.78651048928367,1.5060880451973648,5.453135609567901
25.21114983314286,1.4645948243497753,438.85045576577,1.598038335746352,6.333818319187242
31.945370364606703,1.4525887787965008,527.1698146810758,1.4933190721516003,7.30893977310644
24.615668637875977,1.4526890511979833,263.19699657052865,1.4074035717562734,5.593141010802469
33.64655205087797,1.4372540336652573,424.9017237480416,1.4456310718411216,10.778336226851852
24.859054794278737,1.4642828838589856,350.4106874331172,1.434611977660093,6.080078768004115
31.951103548036677,1.4310328416040097,731.7480361722061,1.4587947373785664,7.994903769427243
24.758950329525625,1.4527910202664172,512.5925062240448,1.375864660372758,5.983175567680775
40.79743250068359,1.393026610848728,436.9062773485773,1.41064973145726,15.185704656862743
24.946279752861116,1.4813199160013495,733.7371270391571,1.6397461037913186,5.542653731567216
40.711726281881255,1.4146159529004008,510.76085004841394,1.532944891547365,11.242986882716048
40.68894542019232,1.4001337398664535,815.1117822635824,1.546760029837793,9.417866994025545
25.451204980127667,1.4790540606530913,367.96200515404,1.534739926445971,7.150816369371823
35.658142782738224,1.4204673800335346,436.248624724915,1.4422139622272705,10.492735744653295
25.859139299341926,1.4456970132280116,278.5353452498602,1.4818504130019703,5.451712601273149
29.67126459913876,1.4289183685513984,924.8799103840922,1.328505424612412,11.816079562988582
32.43221197120093,1.446911522974657,265.91968081271887,1.4422288262655965,8.165461379870552
28.033089487656344,1.4381347138985,607.2108449957794,1.5068816945767844,6.289431686658248
24.54190247507861,1.4541358962576687,488.8888888888889,1.4168952685500482,6.244354906121399
24.670282565200665,1.4691746469878662,297.684376160087,1.4898038320245723,5.539966696169209
23.689943226725937,1.4589335849059069,768.5921354681384,1.357011249804422,6.271030092592593
44.952402588137325,1.4032889833549318,508.8579417990343,1.566225079134388,12.465003196647958
25.58045567746843,1.4659290022880715,455.29656409146247,1.5747863912809366,6.643598219662752
94.58948086851446,1.3277988721447065,625.7717126243515,1.6033316389279109,27.58387438185611
40.30379188102233,1.4084878936890155,340.8596063841434,1.485515201201678,10.89611829132373
26.37881781816883,1.459695603800964,298.93552221861347,1.4436697058384127,6.593857526443017
46.75279306537119,1.4080923409560953,791.551739549182,1.6183564026012298,10.476440122110308
24.31582473809413,1.4759778300093782,318.8007373528495,1.5799266906908718,5.934827123750734
34.91084560241891,1.4376830643116856,577.7126772911123,1.531389414794623,7.060811625514404
28.40642116764317,1.46438804371006,285.0942554358114,1.5124526726703345,6.111756214383206
22.27074986665179,1.4667863496538582,187.26779962499648,1.5248917240557076,6.968311792695474
34.32488674364232,1.432320927640974,319.3892167781211,1.5092457906787835,8.34387393904321
18.477031711745703,1.4789372048969114,217.66073760449007,1.2229912434131671,5.842992862654321
22.118171627274787,1.4746128181713092,379.9652085076533,1.4825095919280382,5.505610982510288
35.04187393407811,1.4278796289549454,459.8632364849165,1.5591777292773503,8.354879478275473
57.16697866870667,1.3843070871482128,1041.645189343399,1.7001048868364976,14.993607111295049
18.57158035758649,1.4169942153884396,334.88280947549146,1.3706135201890428,11.532281883818342
19.32715959965413,1.4694652899252916,212.9141962240931,1.2917230734592593,5.826031470458554
23.11232168321101,1.4854004578571716,353.9573815294899,1.53474595070716,5.43803638599537
30.53482463709549,1.4386746045419252,187.0572425418005,1.4698321158646468,8.572353648315067
21.297414922919792,1.4587364080859688,306.6479907351007,1.322081250090644,5.760523003472223
23.352253953879448,1.4428927800474871,183.33333333333331,1.1794298670414347,8.048376365147199
26.97973783440204,1.4572411118084725,366.0964114641301,1.5008206836375937,7.45566246017523
41.990912198068585,1.416773952087588,619.3396618983614,1.5620569521414214,10.290963826370543
26.535615273881135,1.4340753224600962,308.77989784187605,1.462012446906119,7.361972586244499
55.10138048010559,1.3673743301164094,1059.903677160563,1.4232618033551585,20.554450670130635
44.062040973146,1.3970230110400548,1065.0000839462386,1.5307775540028763,12.776105125499274
28.34538229510744,1.4605800118974015,285.4165227655565,1.5062313946785135,5.927645991161615
34.73335937391483,1.4292668192621332,363.1545716328255,1.5162908578058325,9.440963530100284
22.4714330942351,1.4770590359766853,397.17071012540526,1.4955929804737682,5.794493287037037
26.828772061911025,1.465186402149321,363.0437922017713,1.5903026400918874,6.798983651723818
54.79103620022104,1.391259099360446,771.176408786542,1.724805235887597,11.321446554080133
34.49838988625173,1.4241677860350337,555.7076663302066,1.4811478729268903,9.733426376028806
56.62378421152274,1.376854639646846,740.5232754890905,1.594132138432398,18.6088033329131
18.02744643145567,1.5076767771888662,261.46216152245955,1.3358099269448072,5.521426091269842
28.999962848073768,1.431469198413355,400.0591665744984,1.461216063515929,8.224438450727513
23.377121983077668,1.4794909523407087,161.33564184383906,1.519014060674977,6.02964516325536
18.791579859980512,1.40884576181246,511.0499408693248,1.3513292437878577,12.744025022045856
49.13871950821485,1.3924200024813476,630.0293338963079,1.6504802684129043,12.544573332104466
24.24413176203449,1.4889812665229736,375.75709391854673,1.6138794221294244,5.444193351337449
33.935194550344576,1.431039253655885,776.6821566984204,1.4062107523632044,8.599113060428852
45.15240863728051,1.412287987322186,492.1635606492743,1.5131083244033423,13.420695150180668
55.05248901605935,1.378552408167301,597.5271041814556,1.2464663480852276,22.36396985575161
23.354986745138213,1.4890430530505228,558.8615946796721,1.4974745665641938,5.49080756723986
43.09145924530846,1.399018611233973,704.9914575690068,1.5707102710165255,11.617854444305204
28.74311570846629,1.4496189680247515,406.2826447750482,1.5165061865365823,7.875538323045267
26.791003288119533,1.4249900468932597,180.08180702270133,1.369737840243894,8.77257947530864
45.20089360988587,1.3996099396607786,314.40485437045754,1.435629760959975,14.416523558063272
27.90228049645524,1.4266726571893371,427.4784024443963,1.5284477144690325,6.388606887320145
42.93438597985065,1.4017230086580652,1058.1408609711834,1.5547735726493797,9.900995531121398
39.81343859104214,1.4324572263473565,336.45335063870874,1.5423940242356942,11.012820078262788
23.09526623123441,1.484963182120742,323.3224390399198,1.5087760040049327,5.330698353705834
22.901566615125763,1.474835017591382,397.233102103593,1.4977616231922122,5.42880256558642
24.971745978531303,1.4658214105541647,443.15458986505126,1.6114270322899522,6.670690750591017
39.69913390794838,1.4141525578754266,1020.1604010423368,1.5127550060794352,11.26748120192755
49.33805571802411,1.3876013825412965,1321.0691978273314,1.4613200748257755,15.099042934303352
27.85384252452692,1.472678175514441,292.12014649918143,1.5282284056526223,5.516025977366255
24.38139238753117,1.4690052355873229,164.7908108410084,1.582351836397064,6.992745451264435
31.415305742463424,1.436374936534922,832.7446713990719,1.3879141820224716,9.436540923407197
19.387494678466027,1.4749474872625083,661.1169488324537,1.0705135291422203,6.963758680555556
57.47203513028161,1.3668886181510798,1241.0096343796715,1.504430071643642,16.995534872256517
36.67746006659955,1.4391595060645856,338.55991630763486,1.5482874916904532,8.295666622150998
40.787571770512656,1.398140042120431,713.147145923602,1.515871806370439,12.041003960503472
25.836595152363948,1.4704057039866187,400.7071732433654,1.65380485877822,6.560015904509952
44.87494006356677,1.4002671671938165,1157.636859106418,1.4424036879285669,13.693250682573598
19.172194463657853,1.485751098427525,239.70620919137724,1.3654294548973327,5.985015519781144
27.430653471198895,1.4546871590981951,542.4963537051034,1.061654119753258,12.688943590167549
28.90735687772537,1.4660961074611298,226.2504792046656,1.5637559894729465,6.368351444615912
48.59994936740895,1.399890193276062,1180.8669057138593,1.4177074744205944,14.691807046156004
28.412174154926262,1.4778794630142056,297.9416676978552,1.527909664364189,5.788453510802469
29.988342383279843,1.4480758302903995,333.18667308432384,1.5111128098857374,7.651647205618065
35.75402870808416,1.421318696900935,927.0193180782304,1.4246403523050457,10.307307413902231
44.21958857047608,1.394351485667179,1229.6589032381248,1.5608814490659657,10.401453648589063
52.203982346806775,1.386420255820976,1273.9789949884962,1.4797363888551798,15.995432818150396
35.202012059703776,1.424470816161177,807.1632643351828,1.444605202950014,12.913632933063273
35.85900693099895,1.419454343230506,472.03138707233614,1.423057787613106,10.319067238660764
38.44910239789497,1.398247109978873,804.8461949428107,1.4527977359110733,10.301372299382717
28.35925267774869,1.4651473151338512,290.3502636988823,1.5212483740090912,5.776854556662641
25.76878180116797,1.463116072836265,362.09074069118367,1.5725124726525737,7.581840813614542
40.480145814246015,1.4231465393610303,369.9764090064048,1.5616264544087592,8.985057171934866
60.83527473804295,1.3711100401534675,694.9676877857016,1.5524196898696312,18.488966589368147
42.87458918662495,1.391928840305302,696.6862317370396,1.4978562321723627,11.080397939171812
40.17582798511848,1.4138415311206756,383.00503145511686,1.4850359519338667,12.180826011854656
24.336981043275987,1.4778817520853706,368.4866916987652,1.5846447071907468,6.694068983624828
46.45070031340634,1.3890816452384342,564.6280342725779,1.569294925355522,11.203871527777777
30.813477626314388,1.4512320409230468,544.0183239726653,1.2465873501271838,9.693445081016938
33.49998312590009,1.4490011056277412,400.0398195649721,1.4717190877375688,7.603258658870738
23.707015292658262,1.4740150147387434,433.33333333333326,1.5604358582671127,5.633761574040053
24.65887866327404,1.488533074665826,149.81423969999722,1.6633986866143793,5.470756655092592
39.52998435031811,1.398260212950394,771.066678351083,1.4517721221493145,10.63245620007262
34.69282400379283,1.4288914029804742,419.7040621727476,1.4128131150139027,9.466064116816924
25.04923781658932,1.4731845317414536,264.23220053274423,1.664103917478187,5.916745756172838
32.38876317856237,1.4168668404108862,179.20241877214306,1.4750837995571866,9.261807427241752
24.279211389426223,1.4798796608793845,161.017157116247,1.6431926712029676,5.728087108686067
35.31451552439073,1.410586068723633,670.166252070403,1.4893906625394042,8.935638686098596
22.29475150534836,1.4948419128530006,360.6817489567039,1.47949688851061,5.249850019290123
29.839436192067645,1.459298575169854,383.23764145157264,1.5128260467328485,6.964098984023231
48.025239330599184,1.3959279773878297,457.9739393187392,1.5718263006899844,12.370625714550783
25.36711856584644,1.4849355416668713,357.2207526426918,1.6385772378512078,5.79244470164609
29.16787761569404,1.433454231134132,308.01927159558056,1.5295630900525472,7.548573112210384
35.854276963694474,1.4072166362269118,621.5026912391488,1.420313777792488,9.255658697434413
37.53851267551351,1.4294088526825806,440.030958892889,1.5092539084638332,9.42381738948823
25.104132043200064,1.4800208335983531,516.2920593197122,1.6144151409838765,6.008864615483539
26.6132764469493,1.4697358210143163,340.6688531258202,1.308271785562482,7.79972597307956
45.10098893303223,1.390527329348631,587.9609190625531,1.5703133009377368,11.375298170194004
26.58967820537208,1.4637978159070977,581.951934748372,1.452273298354399,7.805519595853716
22.44521646980545,1.47024632871382,736.6845044664002,1.3671157852176865,5.68392923739712
24.19075730287758,1.4828914359745085,349.85188570444075,1.5390025138848444,5.6943885030864205
27.5346166764948,1.4727124300599812,388.3307122786501,1.628968687525843,6.284195376800413
26.23641892437224,1.4791634653044603,248.2612194977557,1.7076936132172484,6.024113940329218
76.98633489552685,1.3579847946085457,818.2307082406923,1.5106744429228245,25.37614114682257
26.116947802633117,1.4727470594450505,224.87434801106895,1.3970737438304224,6.83222927053656
25.18588792536195,1.4801216876905054,344.0929849050508,1.6562329395192357,5.453800016534392
23.152210920752125,1.5049798548599729,323.09780143393766,1.5132210899805405,5.948564332561729
43.95529413982326,1.3982445736371838,974.7835906258932,1.5242404215917889,11.084464163237309
25.89204133527093,1.4792256516274838,696.5148403599945,1.5538800465762832,5.442880153218695
41.02898251036036,1.3973996216340197,807.6749300004517,1.4975714766144612,10.296045805059087
25.000927652285817,1.4770438650280435,336.1651659332202,1.6121673854949354,5.631472198109568
26.49627722932853,1.46491313361195,173.45360657077063,1.7000622641983083,6.328088884602195
42.87325511270982,1.410251103888804,554.5863886580167,1.532606627780971,12.096031339397692
21.359757400530693,1.482217121394462,312.26885555194684,1.4403762692006652,5.621086837705761
24.449976102798743,1.4736296736936485,288.0315980593472,1.4353136570153924,6.32251499368687
27.76372704598604,1.4641963861131857,551.0728942438756,1.5216420577226109,6.035240249719416
36.07917482748192,1.4281155992103962,656.5272675601267,1.4664499114463905,10.507292080026454
36.457797815406735,1.398264629655197,575.5253051296546,1.3977575328745877,10.96851558110906
33.217751380318745,1.4545918495710322,717.5011658845862,1.4806267187973474,7.530518973117106
24.87990972180587,1.5006243249718387,328.2585532445964,1.6166991853734838,5.485526758156967
52.30956138556524,1.3313883282374903,834.1148147570718,1.462243844803784,28.94684783307613
26.998708269351084,1.471707777248232,548.3261357311927,1.5340140828116504,5.756386828352974
24.04163073193128,1.492255939334885,679.1157842657501,1.574270464814166,5.461437803130512
24.903756562282545,1.48914943296446,329.41745946583643,1.5904935236211823,5.3696029449588485
24.77143504382961,1.4701074071213496,326.10174489573285,1.5754188474767914,5.480549943883277
33.15761440342064,1.416446975400224,329.6975770025914,1.4549829014130342,11.160401606718109
37.851449989174505,1.4256462629069522,563.9439379716841,1.4784455884702583,10.995354850354673
26.06031801805148,1.4702890179842962,166.76992479261324,1.5939989872514229,6.13372862011317
40.24405424507624,1.425034164506198,472.27056576513394,1.5268856218939293,8.429377579437022
26.712048601672738,1.4834607086294147,347.92105106522433,1.6877119073804296,5.630169150270062
44.20797958594612,1.4119090596271773,556.1824969437896,1.5885781722969667,9.924023522500969
21.48096603974223,1.5187195751592515,294.0926265605085,1.465173764915482,5.4824125267094015
24.35983019643921,1.4888729713980535,322.00451541946376,1.574371556099242,5.436656608245149
31.652958344872527,1.4438782179210878,932.6179814564327,1.4823520742436398,7.589879834040193
29.620388260049317,1.4596703543660556,358.43961865783194,1.5724743820968092,6.240812215724496
18.077461947871367,1.483661205524835,528.8942027168737,1.266872689318587,5.411511059670782
25.857191846354866,1.4421521206418977,165.31127516890894,1.481064356546143,6.125291923868313
29.260826432864988,1.4850028710198435,296.3946325336546,1.5419767328160654,5.668387586805556
27.77755328148619,1.462842799064359,354.2768337228597,1.6523073634292638,6.18813155296841
29.96419783597908,1.4300489956486993,204.65252934683468,1.4937670716535638,7.879444701646091
33.587116089047015,1.4397261996795612,245.891825062916,1.5331426083156483,8.378291247929841
19.82475843855607,1.4114809163353834,158.27308790223665,1.355152391544302,10.639314718364195
23.117156017201207,1.4200107718858157,299.47076915249966,1.4554916753491467,8.780838216145835
23.09671839259181,1.4956758945591626,194.26995845398253,1.511692003290836,5.29773208429784
23.147090818644063,1.4486310200624604,194.43591849805523,1.5392164110198423,8.173880360623782
67.61287782803007,1.3554047266298892,1030.930020329874,1.4818167098649306,26.49106469425154
24.94662357417454,1.4708255544532585,314.7663753503727,1.633133742623146,6.118370811287478
24.046073135838466,1.461337959326761,512.3253036985038,1.468742040138778,6.610406557212214
24.45636357279753,1.47562546553443,331.17919741236614,1.592310374626438,5.737606797138047
31.324869455700256,1.4579050321979574,526.7590749657916,1.582322528451389,6.005872575654053
36.08284717615075,1.4469969268503629,372.8454813272388,1.4681693404043823,8.1658339032688
28.05573714863581,1.463664777519636,312.21132792880866,1.5242338304416854,6.068220966304276
53.51964161974614,1.3694221092496794,823.7303884039297,1.4902940000278213,17.32132752218364
23.14594283324227,1.4662803939338096,177.66073760449012,1.483654008001613,5.967745627572017
24.989221883593967,1.4848553631779575,490.639522181093,1.6235996939863475,6.231288615969363
43.27323688138489,1.3968587078314487,679.0876444012492,1.549440027139776,12.541748066520952
51.10379624745222,1.363301122679084,685.6192047051952,1.4546579570953484,18.761281557772143
19.694807934195435,1.493464546698764,147.31502903388073,1.3832401408243304,5.774244791666667
30.571797494718705,1.4491705228885416,416.04985805080617,1.394461160669227,8.757914074500018
19.067402504760327,1.4720779645125113,513.8120289713083,1.275981311661129,5.755231431802178
24.7144098110187,1.4245527470634352,347.96115624988755,1.4236799412479104,8.89531381523569
23.60677725150916,1.481354566648435,212.9141962240931,1.5025466534359293,5.867152639991182
24.41192209371792,1.4778444878223889,318.13244936287094,1.6479383971669246,5.518076171875
30.025795508295108,1.4204195064611222,269.9775336579484,1.4640947955754735,8.393513394561298
74.20749594906111,1.355522408728084,1061.21272553861,1.6563122562301704,19.543775410231085
34.37040045941424,1.4326292856079264,270.2106117851028,1.604770988234261,8.102317753194086
22.847989011172903,1.4724936105818411,327.549238294132,1.4882757391198704,5.622998649691358
24.4580476076851,1.48689481825017,188.83036880224503,1.5494915508612686,5.296290991512346
27.357567189145293,1.4448895860868542,203.4363741258564,1.443050181797153,7.480600106554969
20.836905438567324,1.4861811343716431,155.12551486890612,1.4439886446180754,5.6833315796857455
19.867370677090538,1.4915363251732938,216.6386018610024,1.3905999488484284,5.924435281635804
24.486479643191444,1.4349308867038806,322.84726992425254,1.4725753645051076,11.12022290809328
24.36701328701445,1.4697781823411145,204.97401051060464,1.591568101069488,6.591375385802469
45.885502351435086,1.4150857063854854,1197.7598511370174,1.5686944966989205,12.17737713263032
49.16104029947221,1.3936257719190688,731.783919020384,1.6460248522152805,11.753566605752022
37.77770399746921,1.4170295824929695,436.553174419868,1.5160182819766792,9.26295155769058
19.0880830643098,1.4865908523537943,214.7172813370751,1.3451613053198872,5.538266369047619
27.76894500671427,1.4212897394682371,245.61970321517893,1.4736601052696463,7.142462705761318
41.136590440004426,1.4107763684794252,353.0108204147363,1.517466882599443,11.883138436568752
64.79572716806446,1.368535717777192,1163.8906216110674,1.5951442096500157,17.228703736962537
37.38439610013765,1.4396401086207724,505.5628964305352,1.4804621381637133,7.904136185468115
103.31304980871576,1.3345573986471173,649.5025210041406,1.629776371725521,31.76721091369504
24.391992720306,1.4691631664511806,293.82500309356544,1.5925517316622546,5.558800705467372
16.17965526833319,1.4427794613506968,240.0,1.4435041391798753,7.411005658436214
39.53557815658623,1.4273852566812089,1089.562287864531,1.5622303191458038,10.28120342813051
43.89836525599891,1.4041244311381504,1005.96217359813,1.4737144672085525,12.51246383101852
34.5223141030837,1.4424374331291403,454.16537739344193,1.51627858539431,7.54066897854559
21.3804050902523,1.4630020901866598,316.5080734199561,1.4739041955914949,6.104648276748971
20.44652068034219,1.437973640753747,249.5842384977018,1.1901867656382454,7.592127411265433
24.68646349274772,1.475318875977755,396.691284470104,1.561343079562135,5.630672582304526
24.61560491734572,1.4787360116707562,494.0764956496644,1.5749810924388,5.6518499228395065
52.62600553433014,1.396936574892215,1326.1541691332757,1.597606836314393,14.147635995370369
26.04927811314715,1.4630450027451196,240.33594400698425,1.4635410913171971,6.665107176390747
26.76136908567113,1.4882028922399415,359.8830290807267,1.64926793433771,5.605617348251028
23.60048941934844,1.442170942186177,297.25907622876207,1.3224119964289858,6.53655302478622
24.46351027072193,1.490562120967546,294.0926265605085,1.5846100012863729,5.491352237654321
40.28254240644045,1.41016814357264,294.2614021832909,1.518016465818623,11.116078117360347
74.40418691471554,1.3449940956570017,1382.229133529254,1.6269636202532252,21.390826039240025
32.43010373910409,1.4499887278062031,532.6361972033172,1.6077201140307087,6.366374742798354
13.94316242500471,1.465771163801579,154.0495650024914,1.2653525364262488,7.80751668595679
25.230456929983795,1.4837277393877475,292.72478627586776,1.6712989132972118,5.744771337844255
21.500317946295272,1.496554694503776,560.2468506344303,1.502867632930265,5.817450547138047
28.7338903225929,1.4544350142793785,275.0,1.4928808633086394,7.010774498456791
32.336551307020045,1.4590151224800487,469.62782549439487,1.4980546545920517,7.001237139917695
25.57844155964111,1.4819522529094982,785.6631575199107,1.584095415299784,5.655583526234568
33.69007975583873,1.445027375371044,474.5887033382344,1.430429643813202,8.866666406991927
26.223244545098357,1.409115254383989,245.94249479015667,1.1998803032914664,9.047975823045268
27.815431972497706,1.46360622646231,483.8928145937901,1.5741439071273489,6.355639467592592
29.97971975838056,1.4114536509893334,381.9661514257815,1.507237560520813,11.767445232970546
19.99055059934158,1.4914098715922357,374.2351250277368,1.403354164816052,6.185430445326278
49.96340204688912,1.410134217078247,462.4377788978547,1.6507668114540546,10.782215360035869
28.92096305719784,1.4507811125727543,283.28281668313764,1.495135767866835,7.681593685699588
15.129360073252505,1.474666280635584,165.31955133769787,1.3720079872242426,6.510523281695156
24.881382890698493,1.4931509591598175,304.7187905969026,1.6283517957517668,6.059445408950617
19.63371686852912,1.466218960168821,419.0606077590225,1.4184982498678798,7.669744575090745
26.574006231556297,1.4551672963793796,157.30420724073915,1.4551268402675464,7.000210155178327
29.51104735515963,1.4710935164273906,287.5409107783084,1.5115851954386783,6.964335615997943
56.51598674865933,1.3765731365441969,430.6649814875093,1.5842020120241225,15.947713667658304
25.06733448427932,1.4771639257574636,675.574151231872,1.4833213337171094,5.9577993184156375
21.72226998975473,1.4191232705206056,269.8672072434553,1.2408826054917068,7.886057052836569
24.951193735655472,1.4826011178944092,303.7037037037037,1.6181160310006242,5.666340990244734
32.585189847094746,1.4454989537120269,282.34851938910737,1.5454309806631028,7.457883522756593
23.91573892739297,1.4708403164446062,590.1260391301204,1.4770956911017192,5.362271572788065
16.07826638118627,1.4638438604144928,117.13006814845384,1.2665626220773265,7.836215952932099
26.73664360938897,1.4593484703216222,185.5188996928796,1.452621362322969,8.1121545781893
29.555859003882592,1.458285623955638,290.25672917352955,1.5523378264997925,7.187025876322751
30.644686603609657,1.4368207195070288,221.81413679232372,1.4960371723537045,7.639690483539093
69.74501282732581,1.355562584681346,1176.7946226778126,1.546091758462427,22.044845131409662
15.35374260457902,1.413050720184913,275.4723308481122,1.2127831435803962,7.83609632201646
28.49601969628579,1.4663303538994057,292.1093274374882,1.4579773015177953,7.532478780864198
30.656620033799683,1.4423793977054538,439.57496645775376,1.5387607727259007,6.668238383641909
23.59567840392705,1.4689336341879282,330.9185120910358,1.4917025994142412,6.5341831420068015
24.64256227556,1.4780109879877708,584.5335057529618,1.593775142678499,5.74766181445869
26.42018918495752,1.4675364243406,173.33333333333331,1.535270483803627,6.425029738940329
63.099646349268845,1.362919913796225,456.91988202102,1.5215040514297618,19.62995011451476
23.24038903661608,1.4143282532426604,217.7321381745477,1.2554884385109557,7.962959225501544
12.469794812885883,1.4973175732007642,241.6414083415688,1.0268855731531106,6.102744341563786
27.28157797618083,1.4546658969856698,191.3458470492137,1.467491819976843,8.191599589646463
84.15014152855018,1.331406223155292,522.4161596826068,1.4198587280637038,36.22219707967148
28.756450463322487,1.4669100528442418,301.8510428267537,1.531385347180445,6.828774005486968
37.18807889331514,1.42740434312123,384.7365362145329,1.4582554803418226,10.362459018192023
26.64304708436284,1.4740391223084564,249.1645491444608,1.3810044313714047,6.819324725115741
25.7260696125456,1.4647909488363926,601.3959875629737,1.6813984378938165,6.521249571330589
10.83081547225546,1.5097132999257654,233.8462734400736,0.9709181440423827,5.883698937908498
33.326110643895376,1.4351791975493489,383.3895801703436,1.533066924001309,8.031113642939808
25.02910183224646,1.4060709587940563,224.26485082964453,1.220531842947946,10.134224437260537
29.194215923958623,1.4523516915413193,281.6414083415688,1.5893042410504237,6.713959940843622
40.20831499491511,1.4249570632590798,210.17741796320485,1.5475695982885482,10.236455439814812
28.081364630443066,1.4369881598670289,197.49244819444576,1.5072436701375655,8.243149303435763
29.530377309740803,1.4558783970447022,307.7057294932456,1.5257729816906669,7.088020254629631
25.686210227857,1.4775845708066766,252.18233387546348,1.6381231715384157,5.8850285677542615
30.46611108028573,1.4485655328664389,459.98854008346575,1.4457420411296384,7.667874332882611
23.48670734027979,1.4739262069269867,283.3333333333333,1.537309605852215,5.616471688034188
28.69861450763089,1.4075528077817812,223.83847005183657,1.2857752722398197,10.560326235898255
28.83441382902023,1.458449754796517,224.02530733520425,1.446751370689641,7.887461833112876
58.977216456307055,1.3898783452787442,1557.7491392617876,1.5844277877126671,15.48926871141975
29.675823731811967,1.4638924024777198,290.122917440058,1.4869166786630394,7.831979611823362
29.327910070542547,1.4406730309833584,180.32067837615045,1.434361593746916,7.905316554080126
26.310795478564447,1.484231691733514,252.4286936347176,1.662759471908504,6.240385909636489
96.0466357160301,1.3276500733808656,687.5286805369933,1.525422271879774,40.36971950954862
23.42040517671856,1.458532416020918,305.24580319848894,1.4977652117871678,5.7232516718107
74.87449978786599,1.3239873598431993,506.4469419886447,1.45519483591489,35.43829801538671
22.92685057997617,1.4671461790210472,258.2912361248369,1.456546172936133,6.440653246252205
25.027294858933164,1.4636343728516308,290.6730258489068,1.5957272657124664,5.75285389957265
29.61200935600402,1.4112128416241752,214.5799596496542,1.2830744785046766,8.724122474294562
28.06645786421725,1.460768087488501,354.92946861556453,1.5504887996092032,6.486229742689591
24.050461012453777,1.476400873878149,261.9762707142522,1.4637024573945725,5.886607349537037
26.935349560397825,1.4719983503996887,244.4789160880416,1.5673195658610912,6.238104087982092
25.49622084661069,1.4774877852907458,320.8973677985424,1.6510144993721187,5.651074266975309
16.98202151977176,1.5064895935039204,138.0546928833291,1.21057898254902,5.375117055976431
23.28497556653798,1.467286983366196,268.3080750082355,1.4532558608366346,5.925891554433221
16.003132311197,1.5431328504331774,118.7822471904722,1.2381064560187598,5.587620804398148
25.52090037243331,1.4752138046252636,289.0871794138018,1.6132465473386135,5.700125492969822
28.717086169127,1.466015783884464,352.2124224575682,1.573846585413039,6.124191618022008
25.16192277589462,1.4782690029629997,577.8474178637799,1.549952535347759,5.362321084104939
22.30549496659196,1.477031062017798,308.259618954114,1.4669214965716064,5.682795276675485
13.826046921286348,1.4614174772686772,162.00356735309444,1.2025543768882223,8.383606577932099
27.980182355887223,1.4406837916191482,393.5830077109158,1.4908570373232466,8.377140494593537
40.63046853385859,1.4208516243157765,571.2279726582711,1.5110808445612425,9.739119734321784
34.028109279587866,1.4185748182119702,440.5517502019881,1.3706301527288869,10.621136100589226
17.535199812593195,1.4694497935515294,162.16370213557838,1.3812338254152676,5.634300733024691
34.66492176137809,1.4274191146249586,424.29058357692537,1.4582002376550036,9.514615162037035
32.28969070480232,1.4514050761488229,615.8200599024834,1.6223240679161706,5.964427710415724
24.7258701394904,1.4698964561750154,280.8680911444858,1.5271555138749784,8.251486258083478
66.19564060301953,1.3581088172667843,398.15043744557767,1.5982868216662514,23.956864190061285
19.08703830594949,1.4637594506889675,263.8693467189134,1.2877235974809238,7.44249481577932
18.241095685994782,1.4903724177174964,150.00000000000003,1.3416276160775218,5.984729047958215
25.677436298433797,1.4772948414234028,464.96095294821794,1.6259418452921954,5.519685142318243
58.50419721036536,1.3571825089408405,425.97201991385487,1.473552157138271,26.86331222590424
28.50754736036536,1.469793516060887,178.94736842105263,1.5587800776314698,6.021434702932098
39.16290103772784,1.397915561237567,374.43448063207455,1.5590833782771183,9.98385768292298
36.41095240483737,1.41448176392623,398.9200228246064,1.4771629827233386,11.263140776565256
33.88349432730168,1.4584958266743946,602.3277215996632,1.5688451651336834,6.723822695024696
43.46559347444488,1.4066380158686504,567.2221134641794,1.5409231744896184,11.243079471271706
34.10305996599803,1.4443917108202649,575.8980716895178,1.6632577269453073,6.615455367476852
30.084049802766742,1.4607682212087487,353.2887020841624,1.571770540428497,6.794613650108442
18.779146211800725,1.47489852955146,140.2003776527766,1.335221712628953,5.494185066476732
28.811914279056243,1.4683105071049358,639.7685683251942,1.611188927423106,5.74384966563786
30.98610585343276,1.451797120074786,574.4540117115624,1.590466220737005,7.210502411265432
31.1486242141556,1.4650108858178676,223.5900625068629,1.454557195623437,7.644071318342151
32.99748850181692,1.440495713256191,671.352986652083,1.5667770613958267,6.189917052469135
28.87765218253871,1.4627049703957873,743.2414832377049,1.5931225951096426,5.54768180941358
33.40381791025848,1.4365632956302428,543.1424217415877,1.376299406590585,11.614041361239714
15.634128155487588,1.442483344487228,159.3248004131697,1.2957658192298362,7.926202578446502
23.624642395022523,1.477068502342176,242.1637021355784,1.5752437887477475,5.580186149691358
32.77657738431169,1.4501061858752649,725.6175173869012,1.5722108276063804,6.408221175044091
29.651748411041552,1.4625940587585475,641.3652673043613,1.63921517092026,5.941199844839441
23.80663614880229,1.448143610754624,342.6645963377296,1.4092292031669211,5.741587489478113
39.24678006028931,1.416425744222698,582.0569192250532,1.5097271520765958,10.68618804770172
17.84224626911927,1.464845989751382,133.33333333333331,1.3434866680506556,5.77775535300926
32.37784662050721,1.4551044680158254,348.39714109367355,1.463128016746945,7.679021471391263
31.30840547959601,1.4526235860757626,223.3219233135988,1.435237205578081,7.743706114969135
35.80795798877719,1.4293406632676466,322.7117619480689,1.5465522715696949,8.586202993972748
14.182709888407006,1.4662840175836669,215.51352821118357,1.1987728193547538,7.434397505144033
23.77016496752931,1.4988985576008336,220.72360817087616,1.5243899553662257,5.53631965877915
63.6911891174645,1.3677976825204992,789.9300415996629,1.6558672802900485,15.58608421393759
41.8707984468895,1.42013567312865,326.5386903334951,1.517095224509544,10.652617458182991
17.838054366586196,1.4626719714982457,142.92554662906534,1.3794743137133787,5.842382330246913
29.95825051563314,1.4535669124545183,366.1126550511821,1.524383899971702,6.682099130725546
25.13495828159757,1.4467711433674264,337.29411387704465,1.453011444098162,5.412591788837449
26.4257470068516,1.4499937711535715,788.4853389822437,1.6388007183477675,7.796150717374633
27.31816482328539,1.4447651892060898,180.6554773882204,1.2819445446983964,7.2030417687908495
50.78047318619621,1.359431302654283,390.4793217322017,1.3526199221075,19.848389435442385
23.683207051411767,1.4827117381765975,229.6296296296296,1.5452329533231173,5.503976658950618
41.08953158058804,1.4090883861854058,438.0333624079947,1.531651349313216,10.376786041611078
30.195440467886183,1.447948234810633,582.5311690087028,1.4148857726000534,7.567787229938271
23.660366000544823,1.4750001834614612,246.84855792842043,1.5351164443525926,5.466244888117284
28.793231908265856,1.4634373693639502,246.79699329809543,1.5454034992508878,6.562029721821389
19.664338111482035,1.500742547726687,149.8142396999972,1.4101279221669738,6.171088284465021
41.75110329226402,1.4146711609059912,522.0616103442981,1.5411352694152949,9.722131092943602
23.11715609892289,1.4878433649185387,268.3080750082355,1.4970362460168138,5.674167309670781
26.7249227997623,1.477809971396303,337.030504024756,1.64007491600356,6.134831351881815
49.2948251077839,1.3959899376221896,709.5600879707156,1.621565482598468,12.697303911414778
39.506066378649415,1.4247506906868868,353.0233986991039,1.5083537469392867,9.586366442644728
29.082283579553525,1.4538705888383652,231.2893646265337,1.493009586594248,8.990346378279321
47.68563882775823,1.376629013677209,649.6395256010811,1.4641883381895906,14.878804798004262
16.147422899156712,1.446495134955812,305.6679861973081,1.2967374120821813,7.648773148148147
25.75577004079099,1.4611884852312322,258.7264809531782,1.6712650210304532,5.790514908509699
29.35133575209098,1.4561160951181735,238.97257165749008,1.6301834359402054,7.460558545524691
25.879997548287168,1.478877214028301,136.02577598987446,1.328616476289925,7.701635182429453
24.6913371807796,1.474830064890229,262.43685418725534,1.5611091336869676,5.804077610596708
29.105493100757126,1.459730218195188,234.70117361797404,1.5373746701331288,7.848634672619048
30.316672400012585,1.43374594681468,341.83700628259174,1.442769871416146,8.550301227334106
64.04209639192192,1.3685396295095746,495.434009034376,1.524129719618123,19.369430502946127
31.512624226246544,1.452165267638934,246.01076377159603,1.445630608615958,7.998540820608621
16.86129697628133,1.4604479881627217,168.4588482022395,1.3837681473868912,5.8793409207818925
31.36881910407962,1.4542176487222611,390.9361319605653,1.580236955179251,6.413172655373176
42.5988964733836,1.4126079297213283,671.1107053300805,1.508916948254547,12.058252139450056
23.314982023013368,1.487482262532275,164.15977349028404,1.519196493940415,5.64416700708061
39.01373966807419,1.4091396136301926,314.37162472500034,1.3594536186003252,10.01983730958781
17.765744162620646,1.474834243762141,133.33333333333331,1.3558422985248753,6.279439101565074
26.264491851755345,1.4496490105765971,279.12751040891374,1.63252887650072,8.037286176400762
32.62455485067406,1.394484480620336,528.9073113809759,1.5418741414361303,7.572137996882225
43.55713296248511,1.4011121606849095,583.3333333333334,1.525718115852519,11.196534529320989
29.75788965760863,1.445226632102724,319.18169758706534,1.5505578410150622,6.895563172984094
51.08176851830856,1.3926362936974406,719.1201510788961,1.65852412894418,13.311362851310692
40.11835137328557,1.4086125011985606,517.2764160212546,1.5183168919880718,11.419592025895213
25.20413783736951,1.4819883406042778,234.1732606557802,1.5693407751939823,5.908129440747171
28.76536988491574,1.4650135384156424,229.4427769867607,1.5608269369078225,6.657668730125328
37.228604197716585,1.413638270879635,417.86259366195833,1.5247605854992443,9.072306868639174
15.711542389304883,1.5087532260050986,335.21941930652923,1.2098406246928717,5.5699789014274685
41.43983409693792,1.3842766806571565,314.2282631952789,1.3278948670027322,14.918596487112117
30.87234879568753,1.4404898064079854,226.476651491726,1.5000157201519326,7.812079436728395
25.484864265611257,1.469965340371111,227.48737083745104,1.3192726236020889,6.214990793350168
53.234174740759215,1.3952943993142597,645.4950917174771,1.7096471328594014,13.005233470936853
17.668409725316582,1.4890646186315364,155.34155270656214,1.3072521517452087,5.532142811213991
15.16535277038725,1.528771442494922,308.95831638739656,1.170207375996114,5.422270769032921
28.27214331995388,1.455787298617768,319.2519963969836,1.5040927799782478,7.584723765432099
44.70698686153614,1.4009808313743244,738.0156766792527,1.5865586077652312,12.78649040316358
25.377198614792167,1.4584336912150702,166.91646198465753,1.3115900315938918,6.220595494879348
23.702063316805862,1.4838525074648794,255.23588857190688,1.537266529976796,5.67708727903829
25.38649427650463,1.4806755408006331,245.7616124101085,1.6368868403707095,5.786209619341564
38.61924171083989,1.4198316293289277,547.4059224858454,1.5014293144208812,9.457215924562307
24.648044196639702,1.4800185516358122,215.10335708664687,1.5787171445529902,6.337867597415123
30.071476705030204,1.4705147813672943,320.1526520817448,1.6347401222570248,6.009219919148723
32.59022085260164,1.4450920103505969,246.3692697059889,1.4305420055171212,7.867101685251248
31.18653129188398,1.432400219138317,429.38496318614233,1.4660901112361728,8.626953768004116
28.34410939597838,1.4680587030485632,221.3696582064822,1.5740254931115305,5.948291872093956
42.89920324713055,1.3584271923939917,489.0179297810519,1.2821441804204758,20.31282146285004
27.154966052638603,1.4788926932340185,286.41944488638245,1.598046878819657,6.134683905022447
23.594420776199875,1.455666776366765,183.20064740475988,1.2817707311806408,6.539384403935185
39.525384189604914,1.411605859959958,466.8645560913609,1.5038040298892397,11.237413047612833
25.50496560387663,1.4534280836219406,205.409255338946,1.4676554701507147,6.878080908289241
25.91575288007204,1.4803760773144587,253.4040742616975,1.6570157078382273,5.838786972736625
27.86663607703981,1.4533091939399592,348.3547603158959,1.526223320309938,6.9558702256944445
23.35724799784189,1.4778545206568765,238.9912639862584,1.4116297207841462,5.890430521367335
38.365899475954,1.4360369815508889,552.4956747881356,1.486816781786351,10.263682966820989
21.25665992951024,1.4783779370244403,266.6666666666667,1.3850194184103997,6.271800250771605
29.53049636972356,1.4495109409439997,599.2220659081813,1.547303369005001,6.847889141144349
38.55190993652644,1.4310745598876045,619.0700484397819,1.4997216484006095,9.002414509680134
28.10142278276753,1.4435068970859446,278.5159714398264,1.4151550329784603,8.030018593535665
27.4507358444628,1.477478131298679,254.97474167490213,1.5315167837486083,6.5457892875514405
28.73689879917566,1.458432738364343,344.29709488984,1.5106374745031246,7.025549652809998
25.914284743960437,1.473265152644122,257.0211449175982,1.5713812821745454,6.076702353395063
21.24608228726977,1.5007268560300728,269.9494833498043,1.4401894400336082,5.597403388631688
27.27675203537589,1.4678667067384357,239.89082321076597,1.545658123037888,5.91756050511894
56.50058338864959,1.3752405453815653,940.323147612338,1.5931252459582803,16.65019378324878
25.94268159114376,1.4861123421304043,269.04486071488367,1.633373641050081,5.842268518518519
21.941488651883702,1.4849160275738138,276.9551319467579,1.4441488684594903,5.876362847222223
36.687795070711424,1.4109821554637074,335.9738536958076,1.5066603856628955,10.111224279835392
26.54320502302458,1.4933609588280412,255.5555555555556,1.662349802027025,5.6140021494709
15.712664349508788,1.4977582772900848,157.25401327223125,1.1624160144189426,6.014183920610425
39.715920163934506,1.4226333795372388,544.4444444444445,1.5095890341749458,9.48438423170194
23.881151888342508,1.4613659770264986,235.38509376029432,1.4624769303037126,5.596306370027435
30.245491951226875,1.413250632559771,294.8901089052942,1.3133098374507532,13.9042755338496
30.38093142504412,1.452774812919537,428.91646566933474,1.56476941492258,6.673027309303351
31.7135993633593,1.442043368781904,575.5362698485613,1.4878728719373648,8.050104528356481
25.6153351630498,1.483399667742298,238.0897214297673,1.647216037706987,5.914095507544581
43.46959566603682,1.4131135153507208,821.5340079156158,1.5772255098779997,10.320997778978032
23.621719475811453,1.4714204401776665,228.99557915594409,1.5047037534269745,6.040851964769648
33.04674771207923,1.4472877086510372,323.71867969239094,1.519376813392362,7.020979215875871
43.92569710750031,1.4050089693986556,473.2050696591306,1.511869563576188,12.203082690329216
27.806747179813083,1.4543942096245248,232.93114932093445,1.514891417197176,6.52881141779138
23.78466199953459,1.490975516245059,330.9896887803995,1.51512448461199,5.664005180776014
26.77506717148236,1.461266648509986,462.1680840858504,1.589985718308239,6.349920428240741
28.285804951043787,1.478838982498753,219.3509565743512,1.6896619422800585,5.472408425497256
34.8498748870479,1.4415196451260102,404.42413792295,1.5000142967381118,7.474145678924844
48.82663240949874,1.3972361698342568,897.0953995687258,1.64768595390026,12.98435981410255
25.36369623736388,1.492845312721544,240.0,1.5964509013592398,5.693787454989711
26.69314902098075,1.4811050360701064,346.8587063466287,1.5577304132622714,7.418268229166666
40.569040140830566,1.433401716494543,526.1110463347002,1.5297591269596071,10.344346814986284
22.59348230589405,1.4890408293568302,271.98939992002926,1.54617973896847,6.150955986368313
30.0635254055872,1.4457963692614275,281.202332314367,1.4505497600665425,7.258179872580915
37.30108051552179,1.4230430191268502,576.6329844824363,1.4814615907230502,9.721087206410544
40.5139455182802,1.415706233103298,490.3702840018225,1.5372202337821006,10.113124035493827
28.58439853254582,1.4709663252412322,200.0,1.6797295420552036,5.385817740483539
26.985608634058096,1.4579818782894505,339.25299708482567,1.521397140306502,5.478967748750735
28.810103144938147,1.4697986353914805,331.4793235574335,1.7242356462216404,5.849469762731482
25.61689987772553,1.472127774748184,292.72478627586787,1.4898400972810524,6.640087218915343
40.54391920384694,1.4365170217754724,479.2591728907114,1.5345291885816317,9.780390762786595
29.14794352025,1.4587963631718186,209.715844556178,1.5322692655731696,6.180670294693733
43.86171466525084,1.3981423432281908,421.2898919095993,1.5124986019313391,13.11403826284036
42.01425681862505,1.4078068551689655,944.3642576532808,1.551147259491345,12.407447212837836
14.41677810414374,1.4961249837778978,505.40031466735854,1.3049112174183384,6.8706415037722905
38.488971894448525,1.4348905469993527,444.9006463569679,1.5342598485990813,10.714618269755306
28.092392710379784,1.4710623015497113,328.60933297519983,1.750090172690144,6.029497170781892
25.09020715955793,1.490194915586572,254.97474167490213,1.5841111600819662,5.173097672325103
27.221809031565066,1.4744042457197473,336.02753374670993,1.58980452900215,5.87290579989712
24.165121794937527,1.4656871054658205,253.54627336421845,1.415860396670633,7.402789811140505
38.822691949179486,1.403083874414066,518.1189266583191,1.6380972507379012,9.56854807584018
26.064197228471237,1.4592927828900506,304.7460146765752,1.5258872604548546,6.979238836889427
42.30645574323066,1.4160782010257549,537.5678517180573,1.535605978485879,9.479679831569424
23.193865528535685,1.4650653130995333,190.99407093782344,1.3819359284571828,6.484057998971193
27.594691480680872,1.4581483611320345,188.55944890268515,1.3108354220587453,7.450379505881668
26.35792034555644,1.4671255627885864,473.28265952142704,1.6270991596814968,6.303051304583904
42.07201623386168,1.4261862776922865,625.9787666302407,1.5693595892329415,9.413661715618325
26.907879384275816,1.4785430789236047,194.98621364723476,1.6926104367619417,6.551548353909465
27.176739094759984,1.4647730667101877,343.15614393491893,1.5652908691128742,5.591270565760654
23.31508043115696,1.4693786853018298,272.7408939949689,1.5489256058189027,6.949951085758378
17.05859686692526,1.4571566395053956,143.18358510279805,1.3055752976324235,6.636964859825103
31.623970062510736,1.4335809955465324,294.1054524118612,1.4580537441225774,7.965946234139232
23.84681793571014,1.480374967355137,216.84566461375744,1.5038304179942024,6.022878746345029
29.030695343288706,1.4610033485632128,212.31316785309912,1.5251800237324336,6.125701297514621
31.330212736703427,1.4702703025025654,172.97407295398455,1.609832835875912,6.843642336998457
28.27650578949337,1.4711982850887542,326.7549882419198,1.6674103881073208,5.7966096919089045
28.93260315496825,1.3963089735216938,220.0906102965398,1.521437280020637,13.761741255144033
27.10815006854864,1.481514580107325,210.1430084219055,1.6872714462102822,5.637623982884399
23.52049358909988,1.4915816307034946,310.9485953707097,1.5534810016967826,6.231458815586419
23.505536133022417,1.4562320177434822,248.51691239855813,1.4090680339777355,5.522061520655271
24.2067383707212,1.4729527241541862,240.95149367100757,1.4306765025920003,5.993500584731867
29.21457399790833,1.4664999662260156,204.5780295462955,1.5761953306035426,6.24809288519353
21.750483235065296,1.4676535949767835,249.1951439544661,1.5147309536032747,7.274342241460549
26.32018015683831,1.4714562831254565,445.82897717851074,1.6940851360781377,6.068343353480796
22.858160221556155,1.4748360972623502,301.48083426140295,1.5601914942009951,5.729355359147025
26.8640041941934,1.4689616038747504,350.5190673217476,1.572062628859504,6.015794051627385
26.580008442048086,1.4870840199288835,202.1637021355784,1.6575009168477983,5.838041570216049
21.36498728800275,1.4625379151851754,366.7270225164549,1.379322133660108,6.158567648027242
44.66198719452014,1.3988654563101848,667.5888325463694,1.5739586406819672,10.79300493316534
18.80237738987427,1.48513723761099,133.33333333333334,1.34675385831771,6.0606761188271605
23.135531470741345,1.481282905344918,289.4576937354917,1.5235232598897928,5.7339428323412704
27.74632912213387,1.4753984360022252,200.23894218920475,1.5782046221911632,6.589876784336421
26.62491561981309,1.463344016263136,337.2379281799497,1.550640736881848,5.789295209034792
26.983495139393096,1.4898562303958147,183.3333333333333,1.6966169252968302,5.512035108024691
26.88801844884916,1.4583417215638987,447.0765856246473,1.5906824812567053,6.237339699074075
17.88727378392051,1.4616990740569014,237.2361365870481,1.3494961231912832,6.838592142489712
26.81706821627461,1.465269109090631,339.9159324446714,1.537541921235607,6.031048538773149
23.801693406028747,1.46788162043841,236.68003851650505,1.411159338506791,6.025772399237473
27.07380346436433,1.496072985777842,182.4978824777941,1.658580281391582,5.750468870563271
22.03353136176416,1.4586958396025536,224.0253073352042,1.3603697972750453,5.264044036596119
22.48045666684161,1.4821827886218124,284.6030768643748,1.5618518749119004,5.966920974794239
21.668288379917232,1.494554507517068,230.9940709378235,1.5192977818380644,5.95808175797325
25.85120139824681,1.4590125725216727,365.8580243305764,1.4796905779720742,6.223198543595679
34.17825854701575,1.440759356482615,491.55339836884826,1.4434467212625266,7.883543423427938
22.46848565333473,1.4835143332765035,271.5908916913731,1.5041118185312463,5.61903549382716
31.14069614425205,1.4381320932882675,415.7597212928102,1.517290800454934,11.189901207010584
27.83514086788888,1.465502519743232,190.69197400187088,1.5106119415179442,7.1024696869488535
27.730265621797503,1.4894202592698456,195.9063958808288,1.726082807082771,5.609069814171811
21.924135828057377,1.4627260481270186,213.3333333333333,1.3806937311382914,5.483528324331275
32.58749489624874,1.422992515023461,338.0988938305522,1.3903659494844225,9.599682858314043
27.254245480961952,1.4740971354067602,351.73094761435425,1.6093810898179128,5.85590261702675
43.89646835729277,1.3970843131269897,668.3167380497015,1.5431218974968182,13.286312927170629
27.6110245409793,1.4634531234458552,202.08158975969783,1.3649562080209028,7.620046888944668
27.06661857585569,1.4509962185051282,580.4604438498299,1.4359172720738629,6.226245400047483
27.33368987369585,1.4823057518576286,177.77777777777774,1.6610131744351169,5.621679343033509
27.51064855397928,1.449075458138711,452.1278912674051,1.4140968311898408,6.582478539737655
39.424466947045865,1.4144834779540765,614.4510218471258,1.5013144390905715,10.717461647520782
24.10934562234852,1.4680245933010865,232.54019361800516,1.4299869550161102,6.118397157034908
44.23661695404663,1.4275867948737346,378.14086714300686,1.5618723750098895,11.345096870914512
34.90247760154682,1.4368208800022022,497.40215078018986,1.5956379481699288,7.245200674213014
26.93789318440394,1.4364794365701152,448.6118234383696,1.4210713877915977,6.5994060496794855
25.913829261711488,1.469651062824097,336.20703379795447,1.6068344818792644,5.935845110461339
27.53116774885061,1.47951184988271,194.86694402824003,1.6658255698181172,6.453694668839758
20.058211547734928,1.4790184604365135,173.33333333333331,1.4540106724990451,5.768476401748971
28.93028812053545,1.4494793351093864,420.2622578585713,1.397880320598301,7.746019509195714
36.40947492716381,1.439562844700043,362.4237605852134,1.428932646012931,8.138170010288066
27.316561168002703,1.4399829491360527,374.4368337373096,1.4675408379153,6.561568930041152
29.979734169701167,1.462738003940801,290.8957587201716,1.558283433014716,5.866262538580248
31.99312891033208,1.4467690507804316,381.6103118148037,1.5178061546204975,7.098003429437085
22.027782739197512,1.4455095267696494,296.77276924752897,1.5025289548424483,5.904339006383278
36.36830774943947,1.4394690945770372,370.7062676420223,1.4132548171769368,8.84796089616402
22.03741808661759,1.5064211216674932,258.77985215204933,1.4327708651228397,5.454242701903293
36.02742445244508,1.4400511470004715,335.97385369580763,1.447783653416202,9.13287985468107
24.690080600636133,1.470636082325956,409.8481836990917,1.461101655865571,5.850584972993827
23.988387060758477,1.4641976385955335,242.75835944274175,1.4074283551860538,6.412529063786009
37.118690547277765,1.4348547626268586,353.1651755923048,1.4140471881847183,8.931915294924556
29.335649706720144,1.476745985560895,513.001174497821,1.630161210644104,6.909307985369183
46.567819824045706,1.4004488675323086,460.4295279274735,1.5830359769603035,11.544630468750002
36.494172775750975,1.4262406226987214,377.3400129790315,1.4180287706146737,8.860448388203018
24.83256867231582,1.461680674675719,244.3274042711568,1.4035426037267114,6.990318930041153
24.972214340875304,1.4854583695201131,284.4530071304912,1.6009846970735848,5.601880718143738
26.93736919477452,1.4365267533140662,380.9087498956676,1.4659719825665822,6.286841493894257
83.0295317868325,1.3501438485355308,1532.3908996474572,1.5886325337519918,22.55050808112662
103.22389134722954,1.334026109146013,1515.3437572228363,1.6631620870398165,32.56572001067163
26.5001449638019,1.481268363206035,176.7410767282932,1.639458215515372,5.779349842463991
37.98550006990428,1.4248577924182362,419.2637400318548,1.4120904033087118,8.439035391637464
27.614990290572862,1.4584053107501938,223.3747441921783,1.3865546635527095,8.560650020424836
35.12126118343226,1.4401586836247182,548.1136342642958,1.4893241257396088,8.073100557082158
26.312104957816377,1.4931381062984206,194.92289491011132,1.6682350766713638,5.591188512731481
24.250108155007368,1.4588400825591672,255.2358885719069,1.522625083516851,5.969181660353535
29.966807582821417,1.4428206885923334,297.3535727543852,1.5568149424778517,5.734620225694444
29.292179610936028,1.4160773793627466,500.9622021731299,1.4498566739860907,9.44969035712206
27.017570261919023,1.4859530386795363,200.98350097071744,1.7077219726641852,5.530313223379629
23.7436618824691,1.469001244563278,261.94631636013696,1.4969845270750497,5.92764776234568
27.72943669561241,1.4621630473715457,204.2458286825775,1.4165791680776083,8.268371448018145
25.295498302621365,1.4620656432229788,296.29500185613927,1.5218424205068963,5.731621495627572
36.038628592684496,1.3963237290186394,986.2371607943873,1.520288064048229,11.770076921944794
24.790512555224485,1.4769207710956636,280.5134583470592,1.5881955825874814,5.444278962742504
16.30450121038953,1.4108978152028335,267.84014282537623,1.2766419131010338,11.483543113425926
31.168037961362213,1.4315706952494085,423.2132007390483,1.577266457811685,7.491221386628688
23.0024528084798,1.5026277503512735,240.81317415034323,1.51534752495414,5.510022424768518
50.93408715103221,1.399176295381641,624.7886003821121,1.5857342592800263,14.545078860048802
25.362249307028065,1.4874170665523658,291.53392923433546,1.603304716340166,5.770455632716049
29.778123367499667,1.455552509186315,293.17788525732647,1.551814536030722,5.883182934670782
30.532959740287183,1.4465197997767438,556.1686113355423,1.3180166094424774,8.353070987654322
34.47781851089432,1.4389314367193953,331.7151514884988,1.4934673662375195,8.738100408894793
24.33653948675115,1.4626176701002025,572.8494371741531,1.2551971735029277,7.243299455054012
46.70856509874312,1.3748419758297168,525.9861892233403,1.5558734765262898,19.100912415611536
26.649746012040502,1.423446873548327,372.38662915277393,1.3401172121434983,10.297110668232389
27.743482876320737,1.4595346904861608,447.6012020458498,1.4402192770725284,7.753625440917109
24.260450454646385,1.4413614788727445,243.4581917187993,1.5027738717890051,7.692890712682379
29.82352560674428,1.4573570553764934,290.34414289476933,1.5507498158899593,5.583735574342459
30.280635184542344,1.4357121671165052,293.08276718769514,1.5559592772596316,7.175420620169404
31.80978845164658,1.4524686110263942,271.10935898024513,1.504065270763834,8.063849987139918
15.909187839691809,1.5018416029518804,379.7975782654556,1.2633004769371976,5.4330974426807765
24.25331662999756,1.4528687961208164,282.048919993098,1.4301335907775132,6.470048914241622
33.68125389583733,1.4384237154088744,586.12406566632,1.5233955101807692,7.793234471450617
32.85712713320284,1.4129511536947128,724.9406865890855,1.5178505953295836,8.043269391846366
25.66787259155079,1.4476532476742117,265.0779781791968,1.4570018902739608,7.713340213477366
34.144950132933495,1.4338921859680982,564.6920104339338,1.515868122558033,8.698187195091597
46.30080348060677,1.4051998525596543,414.3144887438498,1.5988611875210776,10.756336225255255
28.038929291701173,1.4276144579588026,409.2824283703958,1.5359313086218611,6.111924360021787
27.112042135735862,1.4716805797786623,627.6142374915397,1.5915458135649243,6.652281346450617
37.68638236339714,1.4256302638264002,207.3840395195012,1.4973236121730924,9.721416073837768
31.730946564471992,1.4451274966243954,381.768923317379,1.426674155542494,8.661936831735009
33.22085875870714,1.4281519887643033,876.8673124939569,1.629821307718369,7.043273533950617
28.0690781009153,1.4623694992486809,380.5081170697717,1.5611024269962317,6.463970607786274
29.864013201197213,1.4471502117817003,292.5916679924804,1.5520703755409466,5.739241383744856
35.302256327572685,1.4297628384273169,767.1495303653928,1.4695693592201742,9.550573559670784
22.88425222440665,1.4565490562186212,267.8391011963587,1.4788783151770364,5.366611810378086
28.547328439072896,1.434779728050984,427.6922022810912,1.5389987449101137,5.568299400252525
31.38895758335305,1.4527932650294857,246.6499024329898,1.567660382621568,7.623263718681916
26.25883496858795,1.4668864279467708,359.99999999999994,1.3733281628975218,7.194695055298353
59.203076711087206,1.3728813526386396,492.000599779859,1.52961165607988,18.588648892594776
30.482947748998367,1.4357924915816676,448.0493066927295,1.536905874245849,6.639281256308595
34.814376710062454,1.427257379353679,480.3820840686024,1.4303446787013177,9.404168399148364
28.02009328812165,1.4640405958325322,346.9125015467827,1.570416445046415,5.565390349426808
23.876006385560807,1.45372476255323,314.679385031147,1.432127473589023,5.698584380511464
28.32412704351829,1.4619423594834529,398.2085709762048,1.5742780550719448,7.128410831404321
32.557977058299315,1.4157383248089312,765.886268635478,1.5204093203304248,7.417063767636685
38.70696121408505,1.39299786173575,782.7750736153555,1.561656661404982,10.043110027009163
29.872065328662465,1.463446580840607,580.4328448852362,1.5528228710982162,5.493736111111112
16.82245092292345,1.4868223968836178,222.44971897938944,1.269556597342978,5.380527745627572
29.92290034788886,1.4557555824112565,483.4430008929111,1.5640032422666357,6.950684387272889
22.210095213882024,1.4948610097695283,245.9688126127256,1.504139256613399,5.408861721965021
27.24800636294413,1.472536363157894,288.3013176595384,1.5389912260356562,6.965124193322112
29.38556437701206,1.4315547815233474,388.5460233002762,1.444924876098627,10.71250992063492
30.611406064869684,1.450881058006016,339.5572233037718,1.4212406782872296,8.960267168209878
15.087144926311376,1.4568001579735983,249.83424261402735,1.3006831810845343,8.516205540858316
33.89686107270903,1.4221105723471654,768.0950019419093,1.5720661602073722,7.516817933384774
59.30667545728778,1.3420720954378291,578.4046470368014,1.426011477812296,19.704796594379264
25.21940196937799,1.4613155939122862,353.0512077955914,1.46067827837774,5.555574845679012
29.3347100655082,1.4437907628294988,318.7379941501475,1.538627088105525,6.0570767746276815
24.859313563172293,1.4608716625227078,359.36148877546674,1.4501619868349511,5.510416827417696
36.42775297609816,1.4394817012387917,916.6845536130728,1.624015591324555,7.971941309799383
29.17788419593025,1.4502591231950557,509.7001178511532,1.545777416746295,5.8611504951131685
22.15401490294796,1.498618134707035,669.968576838483,1.4684246237350622,5.339153645833334
24.32052013397104,1.4854922211406218,218.7438776018714,1.598560557665644,6.221035783179012
25.71656407932016,1.4716829939348304,147.06742197221988,1.6612573645275963,6.245763888888889
21.009006539371875,1.4700185244136934,210.38509376029432,1.556090735480099,7.30601476766118
25.286957823468228,1.448885702853013,351.97601527675545,1.458986260562483,5.644306090295734
22.64210653528836,1.4757880667578929,499.1938267920381,1.5343217095941513,5.916377604166668
25.382274519226097,1.4474061120574315,316.19323317842554,1.413721215375474,6.163267488143632
30.65984083419936,1.4606301285578704,400.6130557799868,1.5480992753009557,6.464488522376543
22.270177202304897,1.487899281421355,239.82282770649743,1.4812366024958223,5.3592658500514405
22.49428200201252,1.4888305231196284,342.429644638838,1.4768117447848697,5.375438528806584
22.923224085148664,1.4859407779704783,509.2744441128342,1.5690100734846473,5.41115435313786
81.50287834246743,1.351679241087066,1136.3469998576152,1.5918777250510183,23.5940455376687
34.40934253008694,1.423372184688635,320.3489947028928,1.5518544672980796,8.306634270606391
32.29263196019949,1.446075021605382,368.37993926435104,1.4674363139852526,8.011528894574399
29.328637600692566,1.4388738859258656,318.4453731183235,1.3935607756728277,7.832508037551441
35.31062097116036,1.4301641462216794,458.89053403890347,1.6333214794528956,7.7395251856146094
62.31811431903672,1.3792967681002706,783.1744655338181,1.5847343738521886,15.773844119727366
31.803230221777635,1.4418867400572677,475.65800514717546,1.5917814750098156,7.404708069313018
22.51919424070267,1.4827272600111747,221.4658480816373,1.5619034572073331,5.787118216306585
47.515459267637816,1.4199772495177656,358.67557286093097,1.629086264427389,12.387174134700178
29.61982493931325,1.4637740019928716,316.2532852814484,1.5101436066145617,7.5308505731198
24.133427979810996,1.475921931627881,267.27967777129027,1.6259726612332048,5.829869678195352
23.10222790964907,1.4776728909818118,234.70117361797404,1.2351583986088694,6.295638227513227
82.67615644553885,1.3526083214040323,689.5560293464476,1.577747017355101,24.12843954220536
21.290419285283544,1.481966760906445,219.8244397400685,1.4687789524774164,5.416710712448559
36.727867745803366,1.4058323458482722,348.5110567327913,1.5566131105191716,10.977237063172042
24.844953763298733,1.452592518577135,313.86834380061714,1.4409973201420494,6.002111304012346
24.95155009374441,1.47428484527924,579.623949049025,1.6541940620612523,5.964516635911346
24.088854771065463,1.460673046583274,224.85655815355045,1.4996741901144404,5.454231288580248
27.43294690694495,1.460432467382118,294.0926265605085,1.6098191269498645,6.402837990520283
29.61577330515585,1.446662741662318,579.0170983503781,1.4706447519110182,8.369110939643349
29.19678424643153,1.4497739646488943,281.52737664019213,1.532868354225506,6.28574442855846
31.662885122075807,1.4228690737080054,359.99999999999994,1.6201471024267615,6.06802983310642
24.9677140265404,1.4725010965075498,259.6590764094776,1.655788962356469,5.893241705246915
21.950401676882628,1.474834003262413,238.18298817869763,1.4887831819197428,5.838320987654322
19.978297074983185,1.4602371523013524,155.55555555555554,1.282376012997168,5.601550154320988
27.179096175025087,1.470364489929215,277.3768529239285,1.5732162522315585,5.726571443602693
73.70507891946325,1.3675688085715638,954.7383491036768,1.5447851603874372,21.17980666955844
24.294269037672315,1.4826657504921277,241.91351406990196,1.6464059284662067,6.623669670414464
56.40370259927854,1.431318376384974,1496.8985886026503,1.5755120876854534,15.729559702932098
27.06161054404869,1.476270225972944,552.3408155921937,1.5175091418113476,5.8376165846836425
36.48731390519092,1.4303413173241988,800.5933991229292,1.66400840372977,7.769372487055206
32.9736379148731,1.4407484754185842,597.5319827815213,1.6171956024456924,7.415062003968255
23.13768936624567,1.4707314340885835,411.9657241231316,1.537337642569103,5.937297156932573
25.80108984583273,1.480202093238442,549.1165476838103,1.5097743235551015,5.624550754458162
19.97667903816376,1.4505798293092371,156.75761229754357,1.252267676990164,5.41668007330247
25.948453289831104,1.4768988060550734,300.6845251518292,1.5915641955212834,6.688443512088477
33.694424312741,1.4325152141295323,469.8304193009401,1.6361882571628088,7.64307534018339
29.05031220225016,1.4651269738322708,470.821034151442,1.6315864151262591,5.945858589190531
22.51476486720229,1.4716366761492106,259.4877262022412,1.4446214773654833,5.699459997106482
70.49948424539193,1.3716269951310265,1067.7284044487228,1.5945131180186138,20.94263819679445
19.41553541470071,1.4870157652172151,205.3112751689089,1.31922371719234,6.507174639917696
23.49680477387066,1.4380941333481103,381.4106130589623,1.4338767400190526,7.776484085648147
38.82547541065559,1.4004519036208574,384.7817595179096,1.585473612733663,11.42731438078562
29.300034692223303,1.4520714539525934,397.7229258107292,1.540021589174884,6.707946739159847
23.144888536046352,1.487443626225868,422.83527800220895,1.5090930631398964,5.555024016203705
21.39314213813199,1.4985533304935086,182.7760524333249,1.348302449065761,5.928684895833334
41.86010525194045,1.411025716200637,368.4191572441614,1.5572316630755116,10.42935838256395
63.96689130819004,1.3805923758766976,996.71456016357,1.594450350209589,16.68380795172321
23.188298825054844,1.467511661191771,268.90495076880603,1.4609638791324684,6.19097125771605
21.187150767827937,1.5049857925210244,180.56160890956875,1.3577573957570956,5.548936631944445
20.715509499330164,1.464050222418312,137.07899387121148,1.3124793270067343,6.0492410175120765
22.192133279376087,1.496040754728168,423.1418058922024,1.482048623954802,5.473128720238095
54.781768754212834,1.388475205962019,814.7868833425003,1.6556054098883397,12.61693786826599
30.443868797715684,1.448970674675251,691.2014908936798,1.4381006661932882,7.626591617167481
141.32763852170652,1.310897437510285,914.5746626794344,1.5756792707937433,53.90124538613467
33.81765013665485,1.4367424844711134,289.1421659352964,1.589367606521253,7.184477972762319
42.43469703832827,1.4116131729763823,802.286934525226,1.5423202850004072,11.21321096906653
62.211813036631625,1.3702043639795976,895.3931358754741,1.482213765781795,19.23071722542954
23.074473703323385,1.457569024533766,273.648941547012,1.4563348621086531,7.730699712132004
21.018227156495115,1.484379825265609,444.4778935920313,1.4657228544348615,5.6838220542846765
53.862782047090604,1.4020385746223225,653.127031588007,1.637993623965295,15.848115853306382
25.856725916738142,1.4774933529680003,342.51903674624555,1.613683413156654,5.9766150242504406
22.37058694566885,1.467637498507652,160.0,1.3851638211649606,5.548487815072016
44.49878122891416,1.4098384704234108,806.567545050887,1.5647645034384077,10.970242405029897
60.55765960585863,1.3661742814539777,566.4229581100853,1.5370528238154133,19.66666695828426
32.20351595069861,1.4379402427614674,671.4411758627953,1.6127314772920116,7.346423296595307
32.62224800936834,1.4698763222682156,889.3156090045035,1.4763246401708547,7.925907278806584
26.47215861984945,1.4723465483671183,321.37034143635964,1.4121248394115988,6.845522312242798
27.335576551977997,1.4442043071779531,221.70107467428303,1.4300097918993036,7.427243923611111
45.349200451593696,1.395502848767438,564.6410898074157,1.5768743086412356,12.686032189342232
25.436243996341947,1.4592905942196388,335.9738536958076,1.5489967976628023,6.050559574331277
23.29563796146903,1.4640545892520205,273.4022806844096,1.3379624602274842,6.811161024305557
21.004279018311983,1.4512513295053318,126.8305410246093,1.3573372923044198,6.353693479938272
21.05129624093646,1.4931637224819672,152.8475082605034,1.4413665788289447,6.21268537808642
56.42770246156461,1.3662845832316968,619.8266269622832,1.6039497760769692,14.689110946580946
23.309457872374036,1.4627919846034252,356.7865104892838,1.4979714413911371,6.282832513503086
32.984470398362355,1.4620430896911534,351.17919741236614,1.4977372690343913,6.841498053451179
60.39867327558008,1.377923770304746,677.513848009153,1.5896862840092538,16.213837867379585
22.24382098416405,1.4855837434099208,648.5926255197762,1.5023262049413149,5.68663940329218
26.875206814207186,1.46521447960037,377.3400129790315,1.5523818411950996,5.689359460733882
35.65374813267259,1.4257611341099363,968.5680646801142,1.4691227772994992,10.934674382716048
21.28994293034921,1.4445903385215848,206.6105844293889,1.299139336467834,6.636964279047192
27.95408999021423,1.4711040686616592,411.0371545583399,1.5349389666097262,6.032790228675646
32.30373356984091,1.455721150712523,350.46535051444863,1.4782263764196335,6.745834603658537
26.239407413304555,1.4704762807295142,322.01518639954594,1.6020142384651532,5.9404744748108325
55.28730181621254,1.4044390084384342,866.6666666666666,1.6297414438289677,13.26822852366255
45.434587690171725,1.4091650433329224,375.5844067637594,1.5577092114362852,10.9862856589061
56.83786324984104,1.378631773994377,822.5916712675621,1.6249417772451271,12.896042920524687
22.008891142811187,1.4602574435464035,334.24173199801527,1.3573128028834711,7.480241038860831
31.74963330761464,1.44584930703766,497.9729133555021,1.434314048594562,6.851975033068784
26.056887594208103,1.4505278090211031,167.57856018976042,1.5026224684600578,7.823580399204028
30.381771057898987,1.453018917053595,820.3534485555446,1.4568507514397633,6.515791377314816
61.58304081538392,1.3768017072138246,686.2961723585465,1.6139782215070246,16.001220636249627
25.960636335496524,1.4621235181642989,311.45162418194514,1.556365517114091,5.806974060457517
29.588373335200703,1.4537533020796487,819.2551513815092,1.5015942385588372,6.290599403490029
26.662842231374203,1.4803437809244466,358.68930603337407,1.5721508314598165,7.795932940516274
40.42405646169138,1.4262966666262724,693.0174948871639,1.5311634436892343,9.646009046052631
28.060183901963065,1.4670691308100532,394.6917805784687,1.5845242872311018,5.755086470075147
26.92539259923882,1.4691689985041334,308.46140226375155,1.5985439732550095,6.041815345254115
26.25352150244195,1.4614862459810574,560.8382450903381,1.5046452490898552,6.670360656415345
47.868743240538656,1.3938975898087864,728.4367311908961,1.6157996661013223,13.572548653978052
28.903142787689735,1.4543295241010583,500.0,1.4886865016252235,6.356341306584361
25.741911248344277,1.470386717300166,308.0498168078867,1.538403151253034,5.725295552248677
19.451121030839808,1.481198643083516,572.9427931826714,1.380108009255436,5.556371114417989
25.641233119525264,1.4574743386344315,420.69940466574303,1.4328520028709513,6.735305479292276
32.47682304132938,1.4534623990112856,357.89343789226416,1.5394436223179813,7.121864651109442
26.22876391128451,1.4694816634699304,342.001412769194,1.5401626719670256,6.133559860760381
29.953129732606445,1.4649270216990518,376.380902357892,1.5578198063316655,6.213033722643098
50.26200008010181,1.3834348723173937,682.6131039151043,1.6167906843922395,13.683024048353913
24.112371599733432,1.4713226575472111,171.42857142857142,1.4998294711830158,5.61581428433642
27.12300768170951,1.4575310876151766,343.2266753193544,1.4725854794097628,6.585343364197531
28.908411633978023,1.447913071679544,164.81639044887115,1.4518835189702446,7.587411180310324
20.1661730830155,1.4461136991416146,133.5827034745695,1.295440386924073,5.807310543430335
28.647786562861285,1.450062442049448,503.0774469434575,1.463887487731705,7.153691114359975
24.57978539815125,1.4633267017670524,176.3523138347365,1.4839890820771542,5.697838541666667
37.51100834049946,1.4169215917435565,414.6562316306778,1.4626557661721638,10.13191450631444
21.353205823618666,1.4557578570404532,131.817993564969,1.3242625960599272,5.581897885101009
25.733473519667243,1.4569645642320463,346.00445309713217,1.500473382940835,5.619778386158595
24.77721157794375,1.4887974897532843,184.35921354681383,1.63993528002601,5.668076238854596
49.071747114688,1.372079653429583,776.6207048072235,1.5645565364333065,15.44798345814201
26.21109196560686,1.4564780308013667,337.5638728920337,1.499945319313991,5.650093934514226
23.42513406914685,1.4640929715023208,418.2956050956656,1.4444214022462594,6.059842647707231
50.64264861614169,1.3878697200516523,338.61437405828184,1.6077010565476435,12.316748006687243
25.10032706024838,1.4652277828573586,474.4314954791149,1.414202079288931,7.533897293871253
16.826105490756543,1.447062933068744,192.37438149413245,1.411928241669559,8.115400377229081
21.01491651696403,1.44410278194983,230.1742848555893,1.3228962923645735,6.009074234825103
29.527170678566232,1.4579068271966644,359.99999999999994,1.541480724526692,6.35410831404321
21.324524813625597,1.4760948421647109,315.2287572723122,1.4357532222220677,5.852611641589506
20.76581829094524,1.4502727656494003,133.39827416477883,1.307528146009704,6.148673128858024
24.097130843981382,1.4538046083414249,172.99714028908735,1.3734199791085009,6.268524169217249
43.45451713606584,1.4122298953743726,531.8381657037974,1.530421733764659,11.452127700617284
23.64225474044005,1.4576373769190123,331.27650077915365,1.4707116746491085,6.267142730838478
29.35348327632924,1.483892119868078,400.0,1.7936397494107137,5.52889347029321
26.966526084528613,1.446885055512289,847.9635515015116,1.415481697896024,6.479275414737654
26.31963731441824,1.4512708399740126,168.46975177964867,1.4831718522863906,6.454386849647267
31.101744341088292,1.4710395390527982,553.6217803991643,1.3970650339340684,8.958676536779835
25.087781864441112,1.4870772885739385,188.8622888495053,1.6618261905855978,5.740414737654321
33.817544937045405,1.4288442700404929,464.4456026330666,1.414872843303815,9.861346144798253
27.156019584708964,1.4567852376836403,343.80018584374085,1.5098359199225115,5.7009462448559685
29.74040338346576,1.4498432329125808,355.25641556703044,1.4790322600475707,7.243122903247452
26.224839295230424,1.4452699997603458,171.9258720305882,1.446847745977802,6.7730543313746425
38.88133227769638,1.424832936070548,680.0055266396272,1.50192490288174,10.138632311856233
23.957507116162244,1.45692481310746,336.95067686739594,1.4138772008521692,5.800137024176954
26.56763578118721,1.4710345859038076,441.3623169840792,1.5133694775312454,5.751443187014174
38.71904106189931,1.4419073014619046,537.098039420859,1.499766323817842,12.585430169753089
36.17216180399964,1.428426675944097,408.73901967279664,1.550477578720148,8.604340382775383
28.38375409479244,1.468760047593107,389.5284903013268,1.6329413562174857,6.289198522927689
27.87679107006647,1.4570979850741976,349.5973853695807,1.5035810370671914,5.91978561995489
30.819616034803264,1.4469685476172955,839.1941621781721,1.458522754253074,6.980566716269842
20.97805906686927,1.452250356107517,288.2330311793308,1.3393461319080733,5.545599215534979
25.591144074686667,1.4757205840082104,193.5372673517293,1.6604270242824797,6.000844625992289
28.145450523456716,1.445836118519848,549.980823813047,1.5001637487563433,7.803824293400135
28.924720987141544,1.4697764674703833,441.6418744368652,1.7122854379474213,5.754617317992011
24.16086149957406,1.4636566110718483,336.2672448471936,1.4165805807272376,5.439733024691359
29.008761739597816,1.4711584795796535,296.35248843192966,1.6291385748801948,5.793368436871949
23.47395250376292,1.4585901503918774,206.19412576402712,1.383536146397679,8.053315275615773
19.41401822550677,1.4820435012733912,415.5155740312396,1.4070076201649926,6.942876270878722
34.85165324489134,1.4481645720683862,363.6360194656286,1.5088509672793045,7.792884235146604
26.440201073881312,1.4446047875297623,813.3634341855293,1.4841959661381712,5.699387431412895
26.027604746809192,1.4254208867496994,193.21299402327276,1.3895404787311594,9.115349740655008
39.22785679678551,1.4145255395521552,519.3314431879738,1.5214649137211258,7.762755952087915
20.43189221091162,1.4617831215547443,130.89560415242352,1.3381150018314734,5.827865162037037
28.749972867919343,1.4822156327279694,416.33197538705554,1.778905283331424,5.403312435699589
26.905263463344557,1.4273449286418425,580.2600024271283,1.4816207913295507,8.78890565645774
21.865880617592364,1.4657669622348664,373.3333333333333,1.4481602654837549,6.0165608340347925
40.68446745535085,1.4081614396098714,920.1961084844075,1.481786155514334,11.761404517669169
37.40304414244312,1.4292286393193878,401.2355250891134,1.4936748785852243,9.52409523756529
28.1531784066858,1.4520895764877826,358.6774669326728,1.5096935300931875,5.572571614583333
29.13759004490332,1.4856439523283826,389.1043640620625,1.7874913028554071,5.225423321759259
23.277720369148422,1.4916049554214732,253.05390859383985,1.4912161417675636,6.379886670524692
30.63852500070074,1.4561574957854255,279.33483381806616,1.4453684946747751,7.780433794429511
26.322036757956976,1.4426031493585874,215.4743515877002,1.474206036356307,6.900428086419753
23.419238605365244,1.4687584184506877,317.57362633169623,1.4991427170060736,5.431656298225309
35.72054855794416,1.4415745800195323,377.0251900379962,1.4899395681267116,8.534394772376542
22.611009375102626,1.4585002499424395,367.3563544191518,1.4921243250579257,6.103772505144033
21.18171981759561,1.4939107997395038,553.4673163865418,1.407854302627385,5.615007555298354
22.35787974009065,1.4824865437785035,265.74492919549084,1.4524250816217752,5.840656916386084
29.95984665185834,1.4555108649054849,459.17336605329945,1.5562480678765072,5.7976078929508645
28.455856937006896,1.4389659812934037,778.7230264086897,1.5140807491088553,5.865205439814814
24.01593312761321,1.4724505029616175,318.5166693182942,1.5392928327944209,5.401751543209878
29.93093274121962,1.479643483035783,369.858937231129,1.811377428489002,5.6410357919472505
20.29164745796186,1.4520665651739937,134.41518440112253,1.343327120306676,5.383167876683502
34.98139015832533,1.4171391036251673,589.1140125358793,1.4702060556044865,9.18060484514687
22.468888244129115,1.47138768362331,195.12551486890607,1.4326987356237535,6.766542084619342
22.021519728390388,1.4410367378854048,202.9844063063628,1.3173707429434585,6.746999508978676
40.72173064973522,1.4184091004107282,568.1890161499837,1.5045424664274971,10.3874371998403
26.03394175188734,1.465905340276084,232.83486615194684,1.518271470363488,6.479917896412037
28.03309152445024,1.4384012027976445,356.6557723732531,1.5245741695255046,5.400175402336861
31.760751041909167,1.4230262215952705,593.5619130632596,1.4774012222587336,9.00606225010522
23.49935553294022,1.4743393363489457,384.82001682222426,1.478281040180649,6.5325180736724064
20.634732540990527,1.447089704182549,152.64339006319983,1.3433385298829226,6.046844135802469
30.024070010888583,1.4575684913774682,612.448916858034,1.4385700215957824,7.701513681149098
27.43262645514718,1.472897981085571,291.7044873112755,1.634398140204494,5.963858075454841
37.77805552027964,1.4127876978004672,582.3561720847939,1.3407002837534068,11.65686471193416
28.364429674554184,1.434145858926261,364.2151485806307,1.5140801446472407,5.691472608024691
27.550959797580475,1.4589902425615104,212.4486189739409,1.4732973261716324,6.998464882789536
38.57406506025964,1.4070686872785998,491.0835640207597,1.6248170046197918,8.714801685483222
30.78899100242816,1.4636908192904328,635.0546883499512,1.500024966680521,7.010997850529101
27.796894674863587,1.446761215374738,320.55415223215385,1.4606465558556978,6.64651516587534
42.52246940224854,1.4130825793989157,474.7107615896143,1.5657863458043315,10.481707750525349
29.868787025674997,1.4700480149253403,354.81898268497787,1.7825614386661728,5.608524144804527
28.29598265932264,1.479354873139283,446.2138171859186,1.6304772019898817,5.897542052469135
23.99860112555241,1.4389494505024067,508.295460504912,1.582337489139363,8.230258209608753
43.07811588207027,1.4090515035093418,520.9511534623546,1.601140018065112,10.537347365100272
23.38468009465388,1.4929151597156556,290.816323105358,1.509163818162595,5.563553602430556
34.7890890159232,1.4149471297788192,429.44947553173336,1.4745886016771852,9.603618139785697
40.40543524263333,1.4114401905650105,535.154119513733,1.5285502662990935,10.98610981428386
35.80317539393492,1.4366385026265092,399.0074892047548,1.4539269128233716,8.448728901427469
21.5351175758708,1.5267323655185667,351.0529837537805,1.4698475475679589,6.533784239969137
20.46375770572713,1.450586402330884,504.1371713353029,1.3380677492836737,5.78606356095679
26.245446970801577,1.5074021768716288,445.1581039597296,1.6082124955536066,6.519722101658951
42.738175103307285,1.4107737981193114,577.3991752592354,1.5379692479419924,11.18745110695632
37.10859832641335,1.4049125355239107,495.8310261742719,1.4130673401015144,8.911018276230964
33.40925789971658,1.449181194944064,304.98233616603,1.5489025866780388,7.693985288742692
18.85869775279485,1.4937877645933917,133.946665412895,1.3432690736280517,8.233353174603176
30.22929249560388,1.4650555974739463,359.84818369909163,1.762095955091341,5.427377722050754
27.63100527990419,1.4571929077038002,402.7587510099406,1.499885704937841,6.115161715534978
22.91158966790683,1.4824011243436184,254.03405218184656,1.541436291921497,5.883311758853151
38.63257089998447,1.419626770024959,525.5793344460901,1.4942110964549753,8.881169600216218
30.04198864555625,1.435852249553487,366.3651084804359,1.709707947029344,8.403029370915245
21.05399449069788,1.461875359608673,187.04591054999756,1.406541731057242,6.325026721014492
25.712469132735464,1.5125106048987005,452.30789597519697,1.6059045409928514,6.283467721193415
23.33566103111809,1.4775573511511928,360.94725868208457,1.5690138253802863,6.113705122095134
32.21060284015509,1.460201381822902,278.9164123430668,1.4931080500264668,7.417922891997892
28.958832608107745,1.4401792238539357,372.5884890123656,1.4811308570493005,6.765527878421898
36.80561692592861,1.4391970269420744,396.83372019325367,1.4940762161478074,8.496994969729345
21.51729080183921,1.5128764233735348,319.98547427544867,1.462005845096929,6.490762538580246
25.62801917628621,1.51470966488092,427.4798416102647,1.609780494617162,5.512299244929453
31.379473749149344,1.4487560960246608,809.3723808547809,1.5415500463130236,7.099467013888888
31.51510555845281,1.4431094834332738,519.3179697815531,1.4719001621365335,7.274738002614884
37.30586339559039,1.4334342193860867,397.3610051393501,1.494331289246889,9.148300298996912
27.468950118895005,1.4536527146726863,507.4494628522452,1.74359723292096,8.666986802340535
22.07058879927604,1.4674815066626343,383.0996254882927,1.4657422217014873,5.664463573816872
30.309072406739425,1.458645034731316,475.201983167657,1.516509680617888,6.705705486322612
24.15221029571472,1.4542810660421308,529.16564308338,1.461112408988688,7.884696073388203
23.58765056961346,1.490634731288616,382.0161356385553,1.4946441582836052,6.192556182484568
26.83705009663114,1.474272516399581,339.2881466802796,1.6882152734520692,5.9003012812703055
22.569577901775656,1.468694163075349,281.6414083415688,1.4886243130169614,5.521774530606996
54.47474885358432,1.3848449234304716,317.49182927993985,1.5049500846674506,14.49407428840878
22.59488148895356,1.4904703025226225,283.3139038524888,1.4871921527694971,5.380774360670194
39.59035039906876,1.3980821001896089,775.3836842711504,1.5269966896688034,10.557098853114478
29.465224398355115,1.4502549489396854,548.1195813954985,1.4991023008881112,7.264661312196035
63.69392384754104,1.3717591066943953,479.4907523405757,1.5714978544757408,16.46146412037037
25.651786222208177,1.4586982136280242,571.8491782618206,1.476103291380512,5.966158371913579
32.98008894272071,1.4310893301293557,550.7620348244928,1.526522111490229,8.463443104769166
38.25982168313957,1.4360725904747706,402.3750676451244,1.5110355724850038,9.005593731332139
25.0836083804993,1.472743413163804,316.6487966715663,1.6152697367164472,6.25041456700805
26.347076504374197,1.4718881027363258,371.6323031549537,1.6871253336796803,6.279611654741864
36.489329570709934,1.4021842314797175,763.9112788920439,1.6580507736497183,9.469401604295266
27.919261872184027,1.4691417328460057,402.7804760807112,1.7166271198873508,6.166896862139917
23.201919914976013,1.5108371687913071,687.9379743670592,1.437438686337482,5.589198082010582
39.3430139489645,1.4330630605873835,299.4586619464687,1.5631589916865778,8.673677491507389
25.339529120079057,1.4815823991681718,136.7474806892596,1.5955987590857283,5.902005449459876
26.11863741605609,1.467950362013503,763.7898281938425,1.484622578642184,6.109008326903293
43.98873995672113,1.4112738474863578,644.8340690161541,1.5862835598782787,9.928679241542625
27.399928638313828,1.462143387240502,210.74070464418895,1.6176281562089705,6.062536088605967
27.10900170357192,1.4456797150467713,773.1059563690069,1.4854873876547192,6.151143261316872
30.00417122875817,1.4353388991431508,392.6197473093613,1.5418267079557373,7.715442105516976
36.65728865654321,1.403731365313224,733.9381468958301,1.6275930972178998,9.474061374742798
59.528559565607694,1.352616037476568,1279.2920097965948,1.6259052423026277,15.43286594837629
22.42811722328853,1.4777986619072512,298.87205000549034,1.4814759610421289,5.76714614679784
86.72035781617913,1.3548580400368464,1248.840420888964,1.62451423250131,20.537594266294235
29.65393545634347,1.453288368074346,385.4431403065208,1.5262016439576191,6.517778979705248
21.74200212865421,1.502751411518629,248.9832101267078,1.4820034593854956,5.929152474647266
62.776900132059545,1.3793413763371998,1326.6879296146187,1.6227918745448382,15.177944605185004
25.836791928408847,1.477434826083595,398.4947595264997,1.6790043234129837,5.558365764853395
25.54466124215292,1.462335956179263,626.1145226649191,1.4771655236203292,6.3188811728395065
53.9119100832602,1.3754025758211674,1296.0279630667278,1.474584630901434,17.425992959104942
28.24244424590448,1.4692156472560776,399.50036319704986,1.7337918324145225,5.783858949009773
27.1106443463005,1.466290306250985,204.0189935727926,1.6138020721373836,6.264833890603566
35.61228734048594,1.4317228607105048,308.22018953392893,1.4215696258033106,8.946107409109475
22.298922834604536,1.4878667791451627,400.9195836699802,1.4713763047981367,5.741620645943563
36.43797626451653,1.4280107979341858,611.523980457353,1.470586435282839,9.499555831967545
27.80015602031185,1.4823950327219977,401.8391673399604,1.7581485962364478,5.51489734898589
61.95518789393636,1.3265863879260102,960.3589842839642,1.6130357951688008,35.3596770365349
65.43323532253986,1.375268111714185,1416.238227824066,1.635936134147071,15.974644380900507
28.202692266640685,1.4536334941326292,353.9036384011023,1.482189974109823,6.980140678165268
28.40202821115642,1.4559113229962972,218.4209850407788,1.377050627758854,6.871738040123456
33.45671425475254,1.442347001837533,405.6614592635518,1.586467128170736,7.914997277603543
20.68287352805689,1.4711717104108182,184.746148930173,1.425617167131552,5.587974898726852
40.83368449784755,1.3632107566492997,907.7470648640729,1.573874487691678,17.14493425282858
30.240363779168803,1.4682144963711512,389.09042725188,1.554349759169675,6.753166152263375
35.71128814468427,1.4331145366377802,505.7539144011072,1.615430118221413,8.279120523828947
56.991897116724566,1.3826886296358425,1279.5891127827772,1.616933128040536,13.818478228755833
49.23183364119212,1.4077818055101765,825.8830094556587,1.6384691967723135,11.336409614382886
26.904551557966226,1.469305569768686,257.1783856382947,1.4267736608540935,6.746827377507717
25.861155984883897,1.492409436865957,508.4443408021871,1.650905632155529,5.382067258230452
28.006828801492947,1.4624118241668862,215.8559079030377,1.429422327103587,6.518682202273411
43.1365357491186,1.3715572604287012,960.665008281612,1.554697984240623,14.581019965277775
45.7761957443044,1.4066716497579903,878.8799926417407,1.5865209272752128,12.051634102148936
28.89602986724881,1.4686254847253069,368.7504716894485,1.6016872607265236,6.273022183641975
21.089618621994106,1.4755589076374196,171.65197925640808,1.439641925454327,5.913471188746435
19.299996483880285,1.463017958280876,274.90790173873114,1.307096395415906,5.557165242165242
27.59529709074567,1.4650897313927729,243.8051104771472,1.4933773635153458,7.420715663580246
41.04267245851515,1.3795375098215883,975.1392201939994,1.5432314219098928,11.722422620300229
21.636403339234587,1.4895370945051682,141.57378651666525,1.4755345086097025,5.535230955387205
30.438623190733857,1.4573279001465234,503.2627623120213,1.5772216467289668,6.912507164902999
25.82532126800241,1.436855018958627,251.3523138347365,1.3806691856676092,9.442202932098764
27.6986220979295,1.456378821766372,173.71570683519954,1.4038218050378422,7.479063464506173
34.28688675142812,1.426604955249173,358.4949397132136,1.4850130249832822,9.791598186728391
25.27131611739048,1.4662907863871533,494.831590967978,1.546946659940811,5.79303589958493
21.972838118266957,1.493299737246141,135.49703546891175,1.504100174569645,5.659877829218107
34.25803729941778,1.4239987135604588,344.99455285329327,1.4893441075348006,9.87608818554131
59.55324971235758,1.327088171586607,974.7115980310286,1.628025323169649,35.09934661223975
26.747841836637264,1.4698497919551832,347.7701670706429,1.713910610865221,6.223810120884774
34.991739452200946,1.4239620630378318,385.9213000009169,1.4621437983788332,7.169907730035012
27.50645416369565,1.4721637412101165,220.89491482396616,1.5212052769200737,5.87530031881014
19.527388623910948,1.4684318487147872,236.1093857666583,1.4149316895157769,7.374538805298354
47.00939695411795,1.3982115109489384,806.6104574889908,1.6058373742451668,12.59149842346804
21.468783472398616,1.4880390187311978,146.54751446969055,1.50793766253365,5.606296135545268
44.25559522656494,1.3988873653743346,558.175471750121,1.5265524547901952,12.804704128336036
28.887667927226666,1.4680748916543915,356.6557723732531,1.6050021085857196,7.520251861944237
20.487105980515715,1.4702851336188676,260.6601607319332,1.4454948791374096,8.477909673996914
34.719487808944855,1.422313326355132,745.2090385325035,1.5333927242433771,9.516713858796836
28.332440038683966,1.465908969545017,405.7156212331482,1.6231406812129807,6.444998070987656
26.157687650728505,1.4622611755634587,456.17604580795233,1.4530213555509786,5.400719682355967
32.98961834916072,1.436011856952334,333.3333333333333,1.449300512156944,8.356908543381344
21.93157575731503,1.5055526797381973,133.33333333333331,1.467946873930386,5.279810474537038
30.318654074076772,1.4651027102259766,319.73721494341066,1.5091551736931017,8.901545840347925
28.385690024016547,1.4573561019100658,281.5878965922349,1.5639592477861275,6.652138228099555
35.15538879227694,1.4407143673703406,408.3353307229188,1.4563294996802574,7.230348716577383
26.3633226235746,1.4522570310974328,379.9782114131729,1.462552620445227,5.446667052469136
51.0725193278443,1.383108618022625,716.2511761742364,1.5268043525717232,16.338376414609055
25.91102002089616,1.4893419549667968,155.55555555555557,1.6138153693882609,5.950016809964727
34.31182102831987,1.4266804759803724,357.6402565385578,1.50990056119094,8.728538157201127
25.72013162441432,1.443258976320331,341.9651250030888,1.3765073304092632,7.568131299430941
31.345047471981093,1.460882177473276,322.9616685228059,1.4796199660555676,7.273640367798353
26.02112414481639,1.467016856328003,152.9494398458279,1.6292324551085693,6.354968207018748
50.21286923488198,1.3979017906975917,604.81566360788,1.649442579994748,12.925364390587289
26.58040042406316,1.4701348191161536,376.5878558956281,1.480964094310357,6.172598586309523
42.14700504161898,1.4110216716861956,512.9151035672302,1.57331167766714,9.556815469380489
47.63384457282554,1.3921660446887087,639.2804167189411,1.4395877172955265,18.30209610706189
40.40393050539107,1.3984884908154005,428.44434080218696,1.6193821491129532,11.62710097887128
29.464828235918347,1.4590832450071711,306.570576528936,1.5267961461499489,7.884773726851851
51.619094487015815,1.3645644645729509,1001.1278253876784,1.507375784207894,17.93532350971556
23.55761759760767,1.46506891506126,201.3523138347365,1.5317902650178172,6.141754833877996
27.52684439145893,1.4687672356201087,172.89581442040603,1.6076984107656518,6.69894386574074
37.3997492536542,1.4278541912945737,1042.1350586253504,1.5217837338553446,9.241247996549165
33.26773689449447,1.421594774839405,732.0585806157109,1.4995970395541165,8.268607450933839
21.635859751244105,1.4920072013440004,130.09115480554854,1.4612960699735258,5.587741677689594
25.604647434561087,1.4603892845159867,337.29411387704465,1.3418645080806235,7.869225240042737
26.324132303582655,1.4700066635657003,177.9267294039446,1.6123112000117996,6.26939532769828
24.09312982443286,1.4761676923394411,351.05782182800306,1.5649782953581526,5.88312002908357
44.20843156429846,1.404256755634723,601.6460896231256,1.577763596110442,11.891703470191684
27.411503581063545,1.465419617210783,149.21260466791185,1.5968783878562864,7.037823936287478
18.33495543303838,1.5165399157983726,553.0577886844331,1.2675645265992113,5.845999779541446
23.7253432382426,1.4673134979815543,210.2377191417649,1.4864299831707124,5.9774205889917695
26.274644297332657,1.4558520943209323,354.4146574903808,1.5207178958442884,6.489167694766653
41.34431612958114,1.406754508435279,470.605130243591,1.5142142973631705,10.50779427800386
25.190187722576017,1.4790763943581198,243.8051104771472,1.5771026863142126,5.380125064300412
24.44283347894897,1.4753102766613972,253.19503655317183,1.5376655502179644,5.461564429012345
23.19417363351556,1.4490038334686433,525.4631172597673,1.3186269669036756,6.39421028043017
24.899467169377036,1.4585318938040015,248.4007101059274,1.4568169974547869,5.927574387538581
18.719377987491868,1.535293158275919,548.3268732879613,1.329681147666643,5.991064332561728
56.95964761011234,1.374544068486639,1241.438339562128,1.6080201661413331,14.139328353452663
33.85066561427331,1.4447004931979768,309.3702628336647,1.4437364997837072,8.042188953078092
25.74317753779194,1.4657813736105838,245.446518818716,1.5482367006342603,5.301944605195473
25.127139781956053,1.4829524602361122,408.7319787515961,1.63863603520041,6.041231467702821
26.66546979277696,1.4690596073735962,740.369645530357,1.5001746296276095,6.078331404320989
18.66097363372745,1.4718125381112193,521.3174862916097,1.263756953839274,8.787915123456788
33.63123864014255,1.4490657259031643,522.5783522947564,1.563826017811631,7.394899171145418
23.325525895291825,1.4854831803825024,138.75039466694176,1.5257936002352428,5.315161773989899
27.274125135744907,1.4384454728731244,327.39728565031345,1.3867946374041893,9.46099263760288
88.08771789321517,1.3525693274698574,1266.7069235254592,1.632777163694525,24.51056040448942
20.787702946514248,1.5017149712667195,243.8051104771472,1.4214192738017406,5.560376157407407
23.897826062523016,1.4704154346477254,244.29078135537617,1.51845036056956,6.104845196759259
40.81273308723454,1.404943722890259,762.749432824951,1.520362344501244,11.7065168062516
51.53777708931837,1.3948577391210957,642.9481113063041,1.664331697745686,12.643225500438149
29.58358642638621,1.451019793459379,586.7455129823485,1.4104971425745696,6.8121871555335085
36.43420613741954,1.4336251083176526,493.8866659039803,1.5298925581947234,8.767523997804762
38.95419796996666,1.4307730354427282,602.162402744706,1.4906665296271897,9.263582931583224
24.37734068091667,1.4843634334035247,184.746148930173,1.571605749635858,5.481642071759259
37.956136663605605,1.4265862156411968,408.5922123916668,1.48579251149698,10.143074775153218
26.8768018068342,1.4510418768789788,331.2237081097337,1.435102036682555,6.514403595570336
38.7044455200146,1.4212032131349095,700.1472941806859,1.4754410015747803,9.923330695957034
26.37246772347205,1.4750504828439568,269.6517208864227,1.5215218985938983,6.81995002104377
24.844104828882607,1.4810225841811904,189.3575079833744,1.660697604383805,6.635583097565157
27.126159173854266,1.4752363963426656,689.4268620275336,1.6719775459009014,5.431524522569444
27.229887674236124,1.4672263690630976,499.2031809356295,1.6065930140706024,5.466465935911401
23.637649527679763,1.4806654595341542,196.8898968515463,1.5840644104213812,5.993492686527106
28.01011394826439,1.4370039024260866,743.2002208983862,1.3314182268246826,8.097960817885866
26.650300611090124,1.4734439386087712,361.5618379386465,1.6766063738674828,6.115610717889364
24.2329417103135,1.49324404935267,144.44444444444446,1.5783297505002476,6.31796737213404
38.76486112861674,1.4249987829868287,318.1329470230819,1.501198225518513,10.49475391938809
25.363405308916125,1.4864676961184875,340.27107146131624,1.5955480846208283,5.842295404128087
26.489360367855262,1.4848534727818723,496.9180484829304,1.6023448128909394,5.627510288065844
26.581576704919144,1.4650370198325664,331.8796113227805,1.5047057082903983,5.998723910108024
20.813810491959387,1.5023663685643758,290.4040238330537,1.412348601480676,5.321483169367284
32.20704543088437,1.434372748968564,572.2555407077998,1.427666294457669,8.249494376843657
37.09146917650372,1.4180734073682844,640.1889207644944,1.4708361912691048,9.94513158353755
47.57265940012333,1.3891957465873663,708.8362956041898,1.5776956469243255,13.670857048063365
40.564389188473925,1.4255530185296656,1011.448231913608,1.5425745337877643,10.803172483380816
21.907730559376706,1.4922233874136943,223.37375672097,1.439699384939903,5.805519203650489
30.462360688475915,1.4125046696503896,295.7412737695716,1.3398681304342794,11.094863683127572
30.97821711534392,1.464228286417887,544.2768849574878,1.5912149916000708,5.980339023919753
26.743279805270355,1.4729430581065517,488.9586249528491,1.5687559109848408,6.056604675224467
37.34208860115396,1.4342478889645052,467.21203553423993,1.4945893384349804,7.891103647368549
24.45558423648609,1.4877657800381288,440.9882137604744,1.583471143394852,5.604958745440516
41.362370296015534,1.406771028086285,782.2564036745215,1.523311205512665,11.873582055362652
25.45273314089571,1.4648003709284725,334.43355015103094,1.5348805847665714,5.957634288936371
23.366492913007104,1.4783420566216787,296.29500185613927,1.4976314506729351,5.5837837577160485
31.527311838032876,1.4422617971467195,548.7671182688769,1.5847407060273802,6.511390642536475
25.30522130454355,1.461092794969792,321.6414083415688,1.3912548359498451,5.596089570473251
36.30135265950216,1.438980056125066,763.6349932315206,1.614794445247398,9.888760434203142
32.533635509667576,1.4465020153167325,880.4944543054787,1.4257576654043205,7.667342818752661
64.10897929702206,1.3710173633278937,959.719873122349,1.649928527430479,13.865385428523636
30.621142111984923,1.441457133375177,577.399618994434,1.5631982282240535,6.838926690903247
27.85041522914843,1.448247507972641,290.82540199904867,1.374873758249753,7.198846673195631
25.955591295154743,1.4655558332847725,349.61510390507823,1.5050966977171163,5.448205439814815
22.53675450565385,1.430909296735316,313.19112264802806,1.5654015292570267,8.743813988216722
21.970414901486144,1.4828945003456782,183.3333333333333,1.525200948506871,5.77222838022317
26.379185301610217,1.4528134840640392,310.58161057964315,1.394641321772249,7.2303422243266
24.06305126821532,1.4608764257875475,306.6557723732531,1.380464583678543,8.105808552943971
24.347199154304946,1.494009524175783,439.5602889729876,1.596821250469628,5.892082608495037
40.90458387849628,1.4205460650109754,697.5975967021527,1.5358042903263798,9.142719906266088
25.4604688250784,1.4519733493603746,320.1102148066679,1.4391774745192756,6.350601618032174
38.2256280601566,1.4169305886503452,889.6633749109885,1.490713431260513,10.260420482139606
22.216789126006606,1.4986040012946629,202.62297752777545,1.4722414016588934,5.628078290343916
26.238553026004983,1.455815091955211,373.5560713687826,1.493752798470648,5.767528935185185
24.928833831704186,1.4756520959206345,503.3916568555876,1.5904188328932156,6.086403356481482
36.2067201532566,1.4185890659364526,723.767713392166,1.4661696549366283,9.945347276722975
26.388649614724503,1.4764624299194655,519.9263884743762,1.684192894741626,5.7170910493827165
25.2407177268628,1.4597906950434574,271.5908916913731,1.4346750135913091,5.592569444444444
27.027487701745898,1.4401554586825414,315.77705288679647,1.4254934418752956,8.447001964085297
32.18511703025656,1.4277402572162785,524.4241220278212,1.5006493244542756,10.10851256280526
30.233195445362657,1.4509386899870476,844.6406083272593,1.4989550175037891,7.213586033950617
21.992446843654346,1.4760740071859746,177.77777777777774,1.5681498958430535,5.965606674382715
38.62538242791266,1.428438475212871,622.9691761021369,1.5237615107917977,9.748813593106997
23.728277323474423,1.4518445635917274,272.37393339742255,1.323935046263954,7.757594950274348
21.87071636588774,1.5004943749682136,196.19876281855656,1.4402748450531022,5.938922260802469
51.23495796859368,1.387080646308352,976.5018960201712,1.5851335738523158,15.222101090555425
25.03698888672136,1.4718588940843436,267.41276136737974,1.4347002256605812,5.574544270833333
32.09448442087487,1.4741503646759506,377.2425726810122,1.5028878292245575,8.177570730452674
26.92029530284756,1.470838713158777,543.874776247687,1.6142927233332849,5.7421389531893
22.01946177769078,1.480989512880897,177.37380303937732,1.5400016100072345,5.870509473593963
18.15583781449399,1.470429438459164,215.84142738942396,1.3651347420215574,6.238160204475309
29.27180159437487,1.450322576683032,406.13795269203234,1.516906186848478,7.894088421103395
26.023646284561757,1.474972972846184,288.8888888888889,1.6102515671957542,5.586865725902184
26.737924858906457,1.4492817880624649,490.7056322427196,1.5056654061575234,7.481914544753086
21.822401387582197,1.5020327034205028,189.8795598133552,1.4441180246242311,6.102100875289352
26.2145847841537,1.476629572145454,404.6262458105557,1.632139984168545,6.007358253315044
32.20057698152589,1.4686794978859548,543.7499976658091,1.61376470193224,6.041290849673203
29.47774714558964,1.4342218540146063,352.4579609401441,1.424229148757373,9.068912940304722
43.90257949514922,1.4069238240108364,725.9191544630404,1.570561470975145,12.552181616326058
27.010860468412915,1.4683448135818975,545.82794996219,1.5633839377929424,5.827451636904762
24.980709735010315,1.4457617450834062,252.04510623414492,1.400545795051999,5.874850535385533
25.16802185003601,1.4924933219217735,277.7777777777778,1.5947801874760656,5.345375055114638
25.801852777352355,1.480442434013173,303.7037037037037,1.5588819735934112,5.482596547067901
35.65470556049214,1.4338357852204595,424.6594773410038,1.6271627377016804,7.516098934220679
21.45231345028645,1.4782740148944626,151.9779418355756,1.4749973267826213,6.617601594650206
26.018742720084983,1.4704287249309032,592.7868466564538,1.6119415040624634,5.53405890989369
48.61963460576537,1.395090205770588,738.3082663731351,1.5689486850142986,12.56192024134338
32.49549260504935,1.446342110538419,907.4836273940676,1.4242107858578033,7.787415726273148
25.389210100670176,1.4820826862476584,277.77777777777777,1.6036673508894137,5.420261794532627
26.80304203756412,1.459271890992328,307.2538803650476,1.5029368282723696,5.792791014808395
30.22052481246451,1.4480410571668814,402.9795988061657,1.6109020383930863,7.754617921695206
32.8829666980298,1.4588210663535723,554.0483068451049,1.608103358419171,5.978041718601615
31.942620377918267,1.4606535565367031,413.5200204590852,1.593230530386294,7.272281869314491
27.24912823545484,1.456553870464223,440.4021067526808,1.5726537673838332,6.998149747816923
18.55770015208627,1.4948930535449292,244.7035447351404,1.334750827932382,5.392097077546296
20.44888224931015,1.4767277582885203,182.68016294185983,1.4903709123565592,6.4775688228738
38.87642959088924,1.4339650747112025,378.8216305677845,1.502734468795969,8.90355309811722
26.76909500111377,1.4469011530330769,145.6107950197585,1.4207310966705369,6.763180415263747
34.47545342519289,1.451611736272528,446.37847550000606,1.6635429815001446,7.22302517361111
24.351167397424625,1.4811515818974483,336.44566049182225,1.5362155779666429,5.728100597993827
39.54277828969465,1.414377923924044,627.722966439876,1.5109923760693835,8.360086202739197
24.07501608200765,1.5018641127027597,254.429954475178,1.5585511442576954,5.292229080932785
24.18321324496306,1.4905320094995036,783.265837446339,1.5437064307068928,5.550648791152264
30.17769612626539,1.4720629777782794,383.4718530875164,1.4149277097813986,7.324464457947531
26.30564298223823,1.4644455665884648,324.3779177267822,1.4793904994368927,6.319881779100529
47.66952360052827,1.417172043621718,503.2851722831119,1.6496613336791466,9.99211408405955
26.7920876304852,1.4988640430844422,349.09042725188,1.6274063975932596,6.6016547710905344
29.936200612754373,1.465521607028963,464.8097960230042,1.6089922755271886,6.745343866378448
25.773397324299165,1.4637117262082298,463.7233590963416,1.5212043058659908,5.825655037477955
30.660962512469727,1.4584372050598235,420.944751723744,1.5598376496362365,7.203166801333565
32.8477736686341,1.470021701602681,603.122103048815,1.586913716234565,5.90201071405607
18.91524746471116,1.507858327383966,505.9004782183476,1.362079652107175,5.507282343106996
39.32895170318846,1.4174126928976565,610.2067568104704,1.4929809257475268,8.917490379616288
34.46488976515202,1.4339743042600184,437.31546379624257,1.5565563659892043,8.534365148258379
24.973252932844428,1.4714193858426716,351.6951154419952,1.4963733007008322,6.598407118055556
41.20456316880132,1.4085406308868458,1126.286331818192,1.5965884954484355,9.9454201531949
46.55073637375452,1.415921973423296,255.75167026447744,1.5196140234691962,14.292987867426188
37.81044986385191,1.4166993730209885,621.5578610070191,1.483009220964703,9.711536088636386
28.16579256352621,1.460804742559228,420.2077879125155,1.4853102395806996,7.065088087333495
29.24191312112895,1.451361070342539,507.12880505257385,1.5405671130945653,6.60337689686214
25.436375379508156,1.4751151239243985,539.0006536238329,1.4882834508791702,5.882193287037037
43.2304922759321,1.441490320341064,827.2843518293727,1.6108511096988698,9.39639949845679
26.628117683857905,1.453648494735676,401.1147015884589,1.5301609635802826,6.717502396056642
55.78892963667696,1.3946375390572594,370.6879496786833,1.6578878295757822,12.866024369855973
24.602266746183343,1.4764941186147027,271.32029592943746,1.4316445576578078,6.041699088912631
28.805863008586925,1.4731929148507814,281.18752911297054,1.6845715549187876,6.321439324237332
23.394344468020986,1.461040819130788,525.0518348930788,1.4858866188873825,6.089440586419753
29.97521578066964,1.4289358693398686,259.2091294705404,1.4435255726570333,7.937992968756864
24.38764769201384,1.456081958617464,376.8592851144909,1.4255496122243654,5.684760963220165
24.43275325553675,1.4811921651995297,301.52257371986707,1.5257072426044909,5.618601080246913
25.84302778067352,1.4603457231680297,413.78986571116593,1.504707467812129,6.834266734182099
20.307887822550025,1.4984910947303465,186.48703647699227,1.4369172190664594,5.238108731995885
49.68003282037635,1.3976908768904783,1146.9556949258706,1.6348641048109578,12.934880521434971
44.56166350347387,1.4031908130068758,756.9607832765935,1.597314040507791,10.523803773356171
33.04757885415324,1.4400308683064311,532.5145670397359,1.5060567888257952,8.475334844393005
25.48257996855641,1.468529174038146,276.66166876695195,1.415359382652312,6.604372106481482
22.903504817416223,1.4969197296006689,200.45717661836767,1.5009400613465265,6.048228202160494
25.652838338918283,1.472752443677441,317.4490816986544,1.5109010203244264,6.52267257771164
26.692398692284524,1.4627989948257163,322.96166852280595,1.5581395551573711,6.869959329989712
33.390026848414465,1.4426312505359682,639.7618558365873,1.4973779581239488,8.268613200874485
22.43225704789396,1.464542301279704,508.9051323844815,1.4019087224255873,5.61778231095679
24.650846057511536,1.4460713428633878,334.7141092707718,1.4067363117995453,6.6853187003968255
23.806816862323032,1.494652463522463,662.496545031136,1.5249024859485918,5.834080751413831
27.05642276978698,1.4603832330912077,310.07979147662905,1.4394566680963283,7.97127109857253
29.556199822052317,1.4359352702916486,467.1288286532477,1.4531699198812214,8.034976438492064
45.42278950949527,1.3961198762742837,511.5926533685919,1.554164849605281,10.149370480593175
49.49759288353842,1.4015336408822454,495.9329174573681,1.6410765460567462,11.949767867672197
19.606520368781567,1.46923501343968,184.30997155731703,1.425550237611752,6.816790624999999
25.511327767435912,1.42963936932299,412.2607801391017,1.5146037832508827,9.393423353909467
28.25566558158817,1.4560659738194246,410.17529543774754,1.5076959722461665,6.093510256661662
24.80149568212353,1.4627214628073144,415.3845568228285,1.4959586518155508,5.908850004061078
22.82788893432634,1.4774411753588523,681.4034767901106,1.4711497955054158,6.220497657940292
23.79947907647305,1.4761874056627653,277.36291072016826,1.592732321611012,5.812213421103395
84.93413346873066,1.3469279778242491,1255.512692498854,1.672762717844566,22.86291916015882
25.077888576258847,1.46223659132788,325.79049614225806,1.6353495366279291,6.795308641975308
23.170186509815508,1.483200279780326,190.99407093782344,1.533676669068182,5.651227012602881
26.145502225177907,1.4677530754791306,345.0824308694597,1.6929221413196232,6.65304284161055
36.8657996386966,1.438741260812228,359.98386097419007,1.4713876997168085,8.888388413525131
22.197616624887253,1.4891935659679798,189.3471539444764,1.5125593982412742,5.811749507030179
36.03632579818979,1.4308300880489142,407.2651834175993,1.53977536020337,10.746655463556504
27.120248487045128,1.445520256572144,863.9384294506281,1.3770800125683815,8.315063978909466
32.458104590660625,1.44253260647727,437.0320693149969,1.5316244091702242,7.670506904729486
20.39716017838329,1.4815940808962524,177.9029486477853,1.4686805700212948,6.275629931776266
40.5660455014726,1.4251721997386524,588.3899408721552,1.5353713223969416,7.946873122682708
25.70756141522457,1.4660871345683777,338.04854826632305,1.5516966678003723,7.400483382647032
27.15526392540733,1.4653199959071193,545.6331122000706,1.6021609457012096,7.034029861111111
27.324785161162534,1.4887261854128857,261.9867720910395,1.7167600418678983,5.719744178921569
13.527539405537755,1.4240581639078194,327.5718762357779,1.2288189561725584,9.454627708885674
28.702138644440435,1.4616023501387665,409.1854101475572,1.518217142986853,6.217124023437501
24.54072159388825,1.4898491474547235,233.35396273737896,1.615589497573094,5.674826281721536
31.34632370717061,1.460513173975566,383.22429499761824,1.4230246080796691,7.621397715030282
24.008911810967557,1.451900078518365,268.7821441829566,1.4333247998036531,6.219575972331506
40.40233459417629,1.4110881951023029,432.25450256482026,1.5156413436483491,11.66146738897462
25.106669032819976,1.488431147886615,288.4421089806939,1.6255925369877813,5.843052730930333
29.59927738168644,1.410945918175924,386.1511259417358,1.4888656370419742,10.28897342096561
22.11055096076567,1.478312985296204,193.0924529600438,1.4906509543090212,6.148629738136574
43.228793052919855,1.410101816629306,602.8630961919912,1.5572497709027464,10.616021071623091
27.632983768350563,1.4973665111275154,255.16785885892165,1.751471336993517,6.121851466049384
24.826981849798223,1.4695390572321718,357.9534200852879,1.6450392269136624,6.734919878180934
24.026656767041143,1.4995910091698028,228.56407301746756,1.5550894556254218,5.407678433641975
32.84180478429697,1.435348653482844,699.5101024551711,1.4587690327818057,8.208227117091049
40.41761417196174,1.4112772197129209,429.3225170554347,1.5078985665056457,10.54265353184624
28.86485956132669,1.4333487123289097,362.4482291763519,1.4653258494991772,8.04426022376543
24.540420956799256,1.503913529793682,227.942342713268,1.5959346134104622,5.378497010030864
45.7931204552777,1.3952333892163642,522.5380445101506,1.550548931457039,11.582968128539848
34.6607917344051,1.4307447636860733,695.6908427267047,1.4635515810450488,8.603323688271605
15.587995305614136,1.4609289550813107,165.64004389081725,1.2829260843742245,6.80334604727834
25.978423462108577,1.4676875886209573,206.4911064067352,1.4879956248742807,5.926357381687243
24.038909015035376,1.4988989870618217,300.0,1.4970657058467969,5.896471285273369
24.473469395431167,1.4811464692435288,228.09777528931784,1.6168940310718023,5.8338506054131045
25.196473210600796,1.4691359244669528,206.8847710286184,1.454703214323933,6.399490258487655
37.948370549130736,1.3886770223594338,1031.9466617798914,1.457398952572764,12.170377389790485
26.02330632943195,1.470954436188055,359.99999999999994,1.6413977092460454,6.335885898919752
36.46995317863676,1.428489667580859,731.0713837266912,1.439460350113268,10.97427968612213
24.2689188227538,1.4858652255669589,324.42265585761737,1.522882015967704,5.831451995149911
35.949213683967955,1.4320346789591034,355.22735546803864,1.5727257151478984,12.091140239197532
40.33673727021798,1.4123083391135525,452.7998254661264,1.50920946275337,10.762589578510802
30.56930302920534,1.4580970388650412,513.2409057241143,1.5175887955604803,7.873033785273368
23.777949853371428,1.4815906094959186,214.1603141000489,1.5732319896217857,5.9669698832947535
27.127069483874365,1.4971575347038126,419.8677384124427,1.6605779904927829,5.408963316615227
28.26052199089363,1.4758223568159776,292.0609925305062,1.6657258198387863,6.097265461984873
38.74783734125198,1.4266324874653875,393.8770104112384,1.482972407986164,11.73421901642682
30.549204230337427,1.46212145913859,304.1384817569652,1.5318041795217092,7.2290863629639315
27.767224097751743,1.467531757702751,413.35350412436526,1.7309272871991483,5.876196108217592
31.145575115208946,1.3907702659208834,923.83790392511,1.530644900264446,9.276654610339506
15.35586418320256,1.4755231134735085,169.37129433613967,1.21494605452484,5.860392018175584
35.04059384664609,1.4169519991896515,986.2400106310996,1.2542936835447986,11.948168885030864
43.80286515436515,1.4163411819830425,904.7325045095856,1.5874721682452473,9.56972960795393
68.3847205513924,1.3815560944589167,952.3949185325688,1.560887079871107,20.22238570601852
23.020137658544524,1.484737494482104,527.8358339736923,1.4436578066485295,6.156276148834019
39.28265948416902,1.4294357241840032,314.2857142857143,1.5592377421735937,8.671269290123458
51.04333515949197,1.37341245806728,325.74475766847985,1.4120195854199336,16.688433272786263
28.863301500173836,1.4686784258831247,415.9453259323221,1.5764985000541,6.025379412615739
27.09832570280956,1.4723899532765377,329.0411121159096,1.6641392271696984,6.293172943992943
26.701739505023287,1.4798739830952126,414.8108101093324,1.6518001290269766,6.163498189088067
22.590136548515265,1.4834588320499775,269.2874301660827,1.4964698570089907,5.957414356235971
44.31254018191032,1.409107594599538,473.8586276882824,1.5033720570106264,15.073736422702492
56.33454626543596,1.378867228149965,909.5452211448796,1.5128739456038234,15.329098433462534
22.24406546881672,1.4940827932473033,358.90782908958454,1.47209598920491,5.661778211805555
45.330312920103424,1.4089319089971544,1048.9527664246198,1.5360905727497545,15.324714827674894
46.89889969897793,1.3999813878476026,582.4440357504454,1.5886674969259234,11.36437612676534
29.197182942278808,1.4770074297397089,398.235472413616,1.6545771939121612,5.66065875771605
30.310964631767547,1.452359782257227,551.1783128637799,1.545041082286135,8.21305638227513
42.11447901490031,1.4184058715834196,424.501190254277,1.5009115066853371,11.839155671296297
31.06957210585236,1.4505016830355275,326.1671312760187,1.5027025782748606,8.131896797839506
42.65343398792649,1.4065448775280769,484.1888746756793,1.4916318449574355,13.207268869248036
27.66003351078233,1.436612253770543,427.4542892808393,1.452386046563032,7.743506140359463
27.261670141389644,1.4711458528423855,225.48019658551317,1.6436076030643612,6.805638020833333
39.04339613327326,1.418136219267535,858.1978170026649,1.5087102802336692,12.48412870607988
31.781840651116077,1.410636910628932,723.0731056387986,1.4758991803742094,8.49519406400859
28.08656788330001,1.4658270105293998,338.060726682412,1.562949076291887,7.2825515046296285
26.18348660506431,1.470793918265093,450.35382177190286,1.605139374946754,6.115343319127149
30.38311173244499,1.4486098312935902,343.04124193384735,1.4839785065496542,8.056608684256458
32.641574301172696,1.4436930762860138,480.8878806202047,1.507985040653455,7.536750788097367
26.857891722538927,1.4614176555260991,227.88642789218156,1.5979788580825125,7.540932548868312
45.6144308895243,1.38538648209434,515.7385551731514,1.5991125216064996,9.025145316041574
30.776301945840995,1.412760338133609,550.5830752853843,1.4665063580068547,8.801969628255835
29.471863251005264,1.4700623606063172,322.1111976918205,1.6365042054467631,5.8494883031705935
32.41683096008865,1.4458547525514904,254.97474167490213,1.6181826905626788,7.84527745627572
39.34231487048371,1.4189412861084103,283.77687278516856,1.4854875546230129,9.132281829772037
54.24557162125252,1.395371353396022,899.5961212427352,1.607733070185004,14.83023076906215
37.097712051093566,1.4194326312492458,389.0262597055365,1.4450820083472016,9.756108715074724
27.4060771575096,1.476595936843396,363.0411088123865,1.6489104648084658,6.529707938345092
23.209635869070738,1.4916657428050222,268.2121681920798,1.5177590087707364,5.496814236111112
39.46434954888566,1.4139049903384509,518.0586100610491,1.5101394096788625,9.980190666004754
27.62544851939265,1.466280356877161,276.22729467568945,1.6481244058277629,6.879751466777313
35.00732724455877,1.447367385323762,425.9447371773552,1.5302945126810257,7.271990470002167
31.21224483407812,1.451664630134467,350.7725547395293,1.5620550706970702,8.32157413435571
22.88543217945633,1.4891784124118763,277.3629107201682,1.4905898766192385,5.653862003279321
28.596109688706505,1.449747603937665,275.1447372070704,1.536017278042947,7.503992934992285
49.12284036572402,1.3988425284909856,683.1252642237873,1.6097104008334528,11.943929827482403
45.03224578830191,1.4097129158051946,529.0614111728357,1.5961459289065516,9.49072434723023
88.88582514172593,1.3593153581267996,1441.2623978439883,1.52441558815125,27.25262033711961
41.29007929624448,1.4245901211638143,316.49772811642697,1.591061589192172,9.820622990612138
33.916786187231665,1.4314773215700876,344.6763323918452,1.5445898133673523,9.206318540027471
32.99688878535135,1.44614976754627,263.2892356649738,1.624606179662059,7.056227099161128
22.91314634127002,1.524183771509982,275.0,1.5129628112397635,5.47055576989026
27.4480094166658,1.4749848491439008,291.5092091732896,1.5147710196242328,5.953733844521605
49.520605209627305,1.3981980776430634,407.5305453384935,1.5965777088263289,11.93428804086066
22.17224073587345,1.4743600987974026,183.3333333333333,1.4138810248415288,5.179179848251028
23.514820784887743,1.4945477999010663,269.95457871264864,1.5237192794946046,5.435229552469136
26.708593482645696,1.46769969487663,270.69518594143005,1.4968246315600124,6.7742199288408775
23.45717828019009,1.492460228897596,399.921014041292,1.503632221077514,6.143850844478738
30.328948268455328,1.444150572080586,308.899727518598,1.509688666242652,7.548157122249059
26.983877868816176,1.469940438876417,715.4230298365035,1.6280509369923886,5.985900700379866
30.513012334824587,1.4573286027547532,277.00732613829325,1.509880292110408,7.700705404741864
26.83546699945687,1.47461559173115,255.0267217929208,1.7002001456146387,5.415483820408951
47.0406490803078,1.3976156331834984,753.0229991387505,1.6172177002390085,13.23437966347037
28.68490992588153,1.4633570496587216,317.2864117235954,1.6449408018656295,6.566353423429095
35.76153137204652,1.4531463432154472,421.7261172946765,1.577031032429406,7.914512855489419
51.100373579140594,1.3875814423103356,815.4415744175176,1.607946700718324,12.067142853486578
23.006609568641547,1.4836420245973496,175.49703546891175,1.436162419775531,5.297010352366255
28.849727248633236,1.476741776595758,344.7904893256094,1.5818952525550791,6.730119719328704
34.710204813740376,1.4423803924572527,272.44716975696554,1.5728288068104834,7.634388730860455
25.209501311032856,1.4793827508144712,419.3189895971092,1.6086746987631433,5.806126350308642
25.54091435431912,1.4789661385869963,359.5951565309112,1.6263163705901431,5.629264770723105
27.23228059065429,1.4724097090294734,263.3780967870383,1.6940468861491915,5.554274932484567
26.95529150272004,1.4782799724524058,243.68285233998031,1.5755250445786737,5.692223772321428
20.80898526456628,1.462793752410967,254.8776956400274,1.3109102689315464,5.45811969521605
32.51330677287297,1.442261486261881,608.7389097143772,1.625001943623667,6.900312532150204
27.65670409917819,1.4731840989382925,293.2395536992725,1.7057318421026324,6.348459614748677
26.329498270226168,1.45081181462235,181.47101824407176,1.5016649919977194,6.604999758873457
25.864890182109963,1.4834890983076303,645.544661262142,1.6224425619459677,5.772656112213404
26.77190486960395,1.466839341734389,558.9574027771421,1.6604715235402112,6.596059195514705
25.7256953909459,1.4662343181780015,255.84052766219668,1.4932564761236775,6.540391946730681
29.174831419337085,1.4704269986928638,350.0650148642965,1.568421890303737,6.816259168469646
29.57526386530137,1.4538197401228368,233.03288760392977,1.5329770316032785,6.785604783568635
26.65952302652886,1.4857718930324413,252.2381391581085,1.6008766891465107,5.6229143759645055
25.1681633238408,1.478682176828168,226.99604279715695,1.6422089668477975,6.407904851466048
27.34899654320426,1.4953986919561413,298.2966157409831,1.6981830136847351,5.742666859567901
22.11265940611957,1.4905077055136065,464.346616587858,1.4809299041165755,5.392075203924163
25.223114323038292,1.4870669938376435,449.7609348002778,1.623840326600516,5.628788459683642
28.55940324303291,1.4506475826727423,319.4607038705236,1.5149820560056766,7.437640298551758
31.29746622910646,1.4260302215931129,464.6435799934872,1.548253681086238,7.208137009193282
31.693418684578365,1.437987911467349,288.54107022031616,1.5837213770358858,6.536523919753086
27.054631414116805,1.4828938624513484,295.6348717655207,1.6897646938199613,5.474602360409651
34.19388925698565,1.4448265748104103,531.1279518082401,1.539623631002517,8.77300132063153
26.41287902427704,1.4675084386274364,231.12562336372667,1.6555048552499425,6.763360602553311
22.69199163842994,1.491690969518087,209.5238095238095,1.500124452370858,5.6605160108024695
61.592863058312105,1.3811518222957009,1323.8338221223012,1.6061531585326532,17.857407407401293
26.82273531831484,1.4937637162603254,237.40580128744705,1.6318122012481997,5.820466895180437
26.543199392786484,1.4967186364942724,302.46805710233826,1.674498013392757,5.523738563712522
61.03895798439084,1.3705543596898806,1460.0921398977623,1.5232788946250422,16.820235339506173
29.165079400093767,1.4615995115329308,662.6324816310179,1.5248510276262908,6.363534047067901
49.6535241163622,1.3917012156663011,742.3477692088446,1.607444556024046,11.67531050029066
24.67335861238278,1.4763779329629865,554.4010779383815,1.6161242083909142,6.218503228723943
32.597062779799266,1.4567261143637595,428.7829668176156,1.485621991291755,7.961680059349808
72.53825397194333,1.356395264269278,1266.6488314336589,1.5663247958171935,23.7000732421875
23.34310923088593,1.4997750063454791,214.1603141000489,1.5106996296830244,5.3190618971836425
38.325359981383805,1.4075288031602575,410.3661430664876,1.4979116627465558,11.575936310908617
18.99037098575493,1.4861099272004146,282.0128276752691,1.3795087387839695,6.43722048611111
22.16989852418978,1.49657867575634,232.87479605913325,1.484566336560216,5.425672694830247
27.99759759999982,1.4624737993625665,601.6948598604624,1.5428528260649454,6.16633688593107
22.421264833341137,1.4566297085209334,259.9927371377243,1.4687075449315077,5.761654224537038
75.26367247832711,1.3551363089882031,1266.1153337309177,1.5693074636790458,23.197842529421408
33.5119985689835,1.4224756202040918,495.9738536958076,1.5036693624056368,10.345681584362142
26.948971589045208,1.4928029270947172,274.8075519525391,1.6988554046424624,5.4044841820987655
24.669162488340877,1.487598602822467,626.2244902738113,1.5405046474285795,5.64044088648834
37.714306813318174,1.4248659711820402,430.6974265012147,1.3792870190642634,10.83561422968107
27.10434769962012,1.455761135041339,483.3056420170069,1.5219861376288597,6.777998398081052
24.4396842344814,1.482346175993033,439.4109301755775,1.5367316773149828,5.923957851080247
26.94223474278203,1.4865610739619983,285.184376160087,1.7273245016683754,5.436874035493827
52.58877667099068,1.3800884583673625,593.2983758455929,1.64804653844591,17.43767553869067
24.261786637199076,1.476760193202478,292.6994315852189,1.5347227684984177,5.949504691633599
40.25633036861696,1.424439249723521,483.6743736850802,1.5615479876232352,8.927480659687593
23.630921443003068,1.4830162888880891,273.5604396477511,1.4023238608743154,6.24040641878858
29.900938439666003,1.421982842129074,369.2266820090037,1.4119839583269875,10.361753966709186
29.15477053467099,1.45329263793192,289.58914025422786,1.5449839128403582,6.306030120149911
34.65521364560348,1.4339396532428788,775.2973739667907,1.4281354446370942,8.513389625420876
54.16863540069399,1.380970645224,543.2281076959816,1.6583606773414767,11.39669168259999
27.469606066165845,1.4838994326005503,282.21495935994653,1.739325014611591,5.798415798611112
43.77690479256477,1.4066682915506532,438.940045089246,1.4441795251042109,9.597406172839506
21.066106302090823,1.4620296247815343,256.5524922056373,1.436161504107886,6.290330274470899
31.833511515450937,1.452218814484014,163.1475730333305,1.5996490395951504,6.028245563271605
29.715491564820496,1.4536211911300423,448.47038433183457,1.4843179848143488,6.2050928783722
25.8098597988072,1.4745094539483836,284.42447473356026,1.6558266941112851,6.162538698349711
36.84462021579699,1.4104515299022615,515.1007900223253,1.582579250687263,9.337933914426944
23.073801667092667,1.498119404540791,226.95552088457225,1.4941842557312162,5.559459796167694
23.87543266873504,1.486505354888762,296.36239313793385,1.5453882680369602,5.632548076923077
21.86893572695972,1.4918541582867335,258.2575583580398,1.4937285695125684,5.26200970936214
27.69783163604124,1.479298212718486,266.6666666666667,1.7501816037934157,5.721766396604939
68.53371610871795,1.3443230349516515,746.1184332172098,1.30558330856451,24.9872055576989
58.09835703668751,1.3820062442737844,729.8959794250686,1.654801338496937,12.623152161738352
28.24008145750077,1.454916807238771,296.31778922677665,1.528163867397095,6.217893909534535
24.27914386664855,1.471843328153796,304.0737504640348,1.510921651100255,6.03783772183642
33.424981661719244,1.4206493624903285,696.9751900813709,1.3537050078004118,9.451055039414417
30.18480519943123,1.4651169638753154,419.6294007232565,1.5526145511680147,6.717449942129629
26.76256341750481,1.467019490459345,508.9942001152769,1.443622796012565,6.238763583461933
27.136863150268297,1.4808512803720335,266.6666666666667,1.6870143779183824,5.320114655671295
35.154266486367526,1.425103422944521,470.9696797871956,1.4972571321223869,9.050081464375143
54.63279627376467,1.3758311873712947,429.1314365749744,1.393752057528468,16.34688030478395
27.67189761111978,1.4599084180941675,466.135670178105,1.4823498501198191,6.492544927840176
27.017138936675405,1.4767226489021297,252.7637453749456,1.70563228346188,5.335331983024692
32.98941804095965,1.4386021809080412,445.925839557378,1.5512767882636591,7.91855999228395
20.43303230615471,1.4585575689150447,480.1050912162856,1.4183551581625176,6.975231417181069
24.11604832380576,1.4710095170978563,619.0625860224148,1.51001854276976,6.06927524250441
36.45514282202329,1.3776589521432494,487.54506283676494,1.4685152218943895,19.15494738550065
36.19714094646128,1.4206522012039646,792.2790944472126,1.5493080891012665,9.318977347883598
22.585090060318333,1.4728916629362234,253.5777484407919,1.4310365603276665,5.54993537808642
28.92556878120934,1.4525461268208442,605.4695773465239,1.444729714947404,7.358514704296853
51.607275795686895,1.387741001899777,533.0035874728776,1.645400823030107,11.087374331547062
29.368960685605863,1.440521167083456,558.8976465739414,1.5058521187743574,7.842050409783551
25.15353392336837,1.3958335459470286,664.6373029828044,1.372697915989712,15.917075844970228
26.406621812545435,1.4580559139163949,202.9505029121524,1.6517832354121544,6.445239517065939
33.60559163228123,1.4229590289424094,520.6755349809551,1.5358193351910103,9.273821491079492
30.371010018483425,1.4429117426360922,293.9003584344721,1.5162122076908913,7.40373657805853
28.437135174731733,1.4503041354009722,300.7469079594361,1.502132212085037,6.936155317644033
27.61507511933142,1.465850084658096,396.83415378279614,1.5240242182388328,6.423314418294116
27.39226414746051,1.4835332377385968,262.7713564899427,1.7288056372408416,5.669899691358025
22.37693723777297,1.4584528284173868,476.9035593728848,1.3816760089663669,6.523302835907384
24.04490214401666,1.4731590318564782,681.5145489465439,1.5245031624513476,5.597255336934155
42.237117433010816,1.378624449817849,638.6477045684115,1.4909992999887187,20.102787613023825
28.83511646016874,1.4474627198052312,412.5652895500965,1.5192880930586683,8.029540412808641
25.400771016686125,1.4810945656613703,612.8148922930712,1.5140648569030628,5.83185336750441
22.875949254408724,1.4680457842778858,249.16454914446075,1.4524510351341888,5.191061077353395
32.47401963490596,1.4488262256405142,372.85794532957664,1.5951999563250938,7.592945348032452
28.5825178601522,1.4581917779449702,294.6535935145705,1.5126293685770336,6.5117640817901234
26.10878166776164,1.4586474938404004,586.1972860189942,1.474604216630723,6.111415830761318
22.901556489654965,1.45962641525531,474.3967344478484,1.3790139007539275,6.288795894418723
27.673161325531712,1.4496928628658623,300.0,1.4955371425882076,6.661196844993142
78.74140754670722,1.34622485459122,1000.697927182464,1.6049790356846336,20.108103676673583
130.25321001579152,1.3270999055783306,904.5001998923478,1.6406042045634166,43.31277695594781
26.057171043650776,1.4593042615015852,612.2564010278558,1.468621137132204,5.797195939429012
93.9324676129332,1.3481954412827646,1246.511003301715,1.52788268100254,36.45713279600395
22.427786871416323,1.465596719621886,467.74345169493137,1.4301941057338072,6.819075793411164
22.023024629570173,1.4583510733269471,173.67683788095036,1.495737572439782,6.62251651716821
147.70497508024349,1.3176085231578727,1127.1649019148272,1.63371352648742,57.180418705282
22.86807637868284,1.470938520652816,257.6728782114632,1.4110340627756497,5.562660452491182
80.45545751094288,1.348814189687033,1040.658113518305,1.6061436920541527,19.65843720322887
60.61830110384436,1.3800849253894003,1021.5516806513742,1.5952041747079866,16.575504340277778
20.474293764208326,1.486765822889891,295.1680347199667,1.414710271876154,5.947794817386831
37.18428110393855,1.4235694500494611,272.3740432112341,1.3896184086772367,11.360805224867724
22.206529738411085,1.466409295077156,250.10759213105868,1.4128062167475686,5.345811149691357
33.232873888276586,1.4411439298908837,414.1853879344266,1.442385882760619,7.785595940598083
34.11254016000304,1.422982372957451,497.2999565778088,1.4693461660501783,9.995371495627571
23.534555101527943,1.4990396846299847,272.4325562336947,1.5351956759860903,5.942858351139601
22.868953909998087,1.4688028474428116,468.14806177960025,1.4533252324594408,5.561574900793652
26.19429268498997,1.4789516688320876,679.2320343118738,1.6396965031031936,6.443208054698217
25.47224602662728,1.4545276812379146,338.6221973893568,1.4223156571905762,7.426080449967512
19.68171718974145,1.4909954162990129,289.98910570658654,1.3854099539966849,5.445021908068783
77.47014370283911,1.3634963457189828,1038.1044806624222,1.357837064028893,22.88355763460219
40.99988159791913,1.3889155709914736,670.0750034595445,1.5720745560571767,9.421473750043948
22.225485341566607,1.475392684791382,246.597518276586,1.4524579492654053,5.446226392563198
30.666717199619285,1.439886095439716,706.7981267862531,1.557277327880246,6.913658959659529
78.96239362021274,1.3498586551083835,1128.1302369423004,1.5795090490507049,19.05051780202822
20.487330078344776,1.4916848521106796,433.1676664746322,1.233884145362828,7.271447034832451
23.09219973810663,1.463521998950164,471.3913298096858,1.4110016953130602,6.905603009259259
33.34034773548461,1.4471726725960667,538.3307791031426,1.4930335145485465,7.878683566343862
26.90629887636178,1.450076501344618,624.3551932788148,1.4903503423320958,6.191148936877521
36.57998260080559,1.4574633713373923,470.6469301577022,1.5250884143915062,8.906018518518518
25.67901370748079,1.496418622080468,213.3333333333333,1.639458377594784,5.613603877314816
31.76868568581219,1.4537742021714823,456.4484367838836,1.5902150166694422,6.475488301011717
27.23543826755348,1.451685043967295,245.9688126127256,1.5262525574864536,7.166514435442386
26.228428904197155,1.4745407044923244,431.0104767761897,1.6688471778383944,5.857893133972897
74.14462260394153,1.353605722913488,1087.120607821014,1.5987965409817937,18.940230683502385
140.6814078282489,1.3202098569132774,1273.844303611675,1.625151876937094,51.75877497495178
70.71463059909266,1.361908875240284,1091.5706744584295,1.4758653486628737,23.167076646885903
61.26132795282062,1.375976408005014,686.6959990931132,1.5148188079025902,15.81277308372182
22.098516851503582,1.4671318111147225,479.21218155334094,1.482699687970493,6.104673876350309
37.66363834684433,1.4049696541265515,503.3001156211816,1.480413361565189,12.694922896241833
27.95422820953082,1.4730221459558863,203.606170225964,1.5554620214577726,7.3895712081128755
26.37390124588192,1.392323330570072,412.5925062240447,1.426296531696446,18.47536651234568
29.100178058971007,1.4583913126791035,401.1915591246616,1.5308441961659764,6.811097140078122
26.639350027774128,1.474424866907902,390.7621850886023,1.546010281189676,6.770967564710876
34.732652277619046,1.4471842959110035,486.666472337434,1.4648652760011591,10.85348733281893
33.23227660576308,1.4450863329375536,541.7189403784075,1.479658241919624,8.090176329264871
23.80730095130037,1.4657278134111622,486.1864126313744,1.450944054477498,6.317190223311547
26.433581946141917,1.4835662158542298,412.3406593600769,1.7099869813412691,6.093625662573806
28.251294068696865,1.4616049777723907,446.5841768516379,1.527805096635103,5.92734157986111
25.14687129330266,1.4623624488351985,393.0035132638261,1.49423487566473,6.404778645830177
35.074326452327035,1.4292414777498987,544.5555795987673,1.4427400664666958,8.895627617945324
30.11678081060083,1.4421406703615691,284.1638752887274,1.5627473095573712,6.268885717709502
24.15084488148673,1.459278182444588,260.7319984582467,1.4498269984195606,5.712831404320989
22.01653067962408,1.40659049694198,285.90067085898704,1.36403344617403,8.342157719025796
26.672126372432537,1.4351567794850766,566.2549437046305,1.4512923696028646,7.76442082134669
31.473850854532632,1.431956833530291,450.4329845915772,1.484831537909873,8.68765662096391
20.558663287847192,1.4479516612257497,245.9688126127256,1.588070721045991,6.303294110082304
22.43728077547266,1.426679547539832,422.7342589565288,1.4796587364947988,5.984637499123176
26.18164164223916,1.479831978541214,242.1637021355784,1.7026039887630493,6.892515110596707
20.99431983594544,1.4984180928170738,302.46805710233826,1.35740860830965,5.811445932539683
18.294237485824592,1.476576434023398,256.9233958401963,1.3207951949257342,5.436821263227514
24.5094297545448,1.472646190638237,359.77578967862854,1.5778838680864309,6.937201829805995
34.080995519595554,1.4396833641165971,386.49663132352,1.5462525034968584,7.686716502248804
23.5214454342877,1.469010827409301,257.0211449175982,1.4840534461269528,5.627585760673868
32.40347250085885,1.4312155413111276,280.2458348801161,1.4770414052870546,10.235432374338624
26.573568711096865,1.4379240782367244,263.38338949997654,1.362271884268887,7.096872018799103
21.971112925047223,1.4621161914622425,168.01898050140318,1.47463551291623,6.8015346364883404
18.89270650562346,1.501219044006504,302.3015384321874,1.356232023099813,5.448013292648709
27.51580437715541,1.4553032627163935,425.6825982172738,1.581195500360708,6.896312106632777
50.12112266533264,1.3905133796493314,831.4656518204725,1.6701063037925323,13.897706451283725
23.65174737547428,1.4703102204931997,638.6178180818596,1.508937113146144,5.538802634479717
27.968571783625816,1.456884925532825,188.6824885555524,1.417920732507942,6.894249131944444
24.877002443173776,1.459993561939941,391.8282730465469,1.5265340656088189,5.743777557319224
26.80267605511432,1.4908774004455256,408.9255650988789,1.7024387194968946,5.4844172239369
28.6434034932553,1.458831305872274,453.8280290783116,1.5255981836906627,6.019898636429399
111.26281929223347,1.3202173411644424,623.2991024964821,1.4884906400623197,46.062587633053845
27.961394078132763,1.468576838341546,203.73050788295348,1.4143022116097788,7.076273791152264
27.60593372221186,1.4726702037259,440.0,1.6164186438837465,6.0955301568930045
22.70106412533579,1.4999606105950931,214.7172813370751,1.489971225235649,6.031349344135802
26.66534922359096,1.4928755884429854,549.6767839287099,1.6959951604109385,6.08733169367284
31.14809028742153,1.4635358669132146,473.0787095036212,1.5602998714144156,6.813813078703705
26.66060567911216,1.4781775344281674,435.79971638245536,1.705198435241945,5.847906057098765
24.68421606290954,1.4969243596515984,222.13862209844527,1.5830454569250905,5.492308063271604
26.063739940456184,1.4448227531449482,406.72939418422806,1.5600453545515744,5.981523522603486
17.31042114110238,1.4619467776141195,110.38752949773924,1.2961220497066428,8.213806845582562
26.87282413654529,1.4623857850393631,185.2613161053108,1.4657712510832033,6.589146412037039
17.94666055580285,1.4895620257981297,233.1577730734018,1.305996013781672,5.890126028806584
34.402856058610006,1.4360268629838022,468.8035932148474,1.4434695323277864,7.90383228432996
24.33570576925711,1.466121741397354,223.5900625068629,1.624481603798515,5.608131613756614
26.27901684035558,1.4959912382638063,620.5504023375771,1.6646167396921627,6.055453593474427
30.450978931659417,1.449803705440311,615.4936069408552,1.4178804766893127,8.022847243499486
20.143404151188523,1.3874648083790633,248.19047877730213,1.3246347984258944,10.41707785493827
117.17358611018668,1.3222441483922929,547.7512694229533,1.4928813977023363,49.38963071145056
31.01141826655359,1.4554234465243832,433.0999456150976,1.5652013068043038,7.075981706532922
24.20696061189999,1.4538701136779395,634.9063550051793,1.4538380020060158,6.903469480994152
26.98086799257337,1.4736153538732644,397.7947993530915,1.7092544322677443,6.663311878952124
29.503021517562104,1.4279638344796823,341.22271375650433,1.5090971161727291,7.163141744898834
33.98895837199998,1.439512517682259,490.28776412115,1.4314651098164828,8.380661210193297
27.535945946754676,1.4537656750446524,579.8340993692971,1.5040250096584329,6.346426215277779
26.70486446007842,1.4461768218566131,552.5743199031119,1.4599622873324074,7.567316898148148
28.614173597222877,1.472936860132288,269.7443073071082,1.6118335527203405,6.676744255829904
26.80008584525695,1.47378372248803,448.29588392252833,1.7232862149750496,5.533932412229938
28.09782703038987,1.470120670123196,435.0425593573744,1.5225924667255109,5.810961612654323
30.175632968333563,1.4496695502406662,730.392463770258,1.4232046813606898,7.659373597081929
19.34104363548781,1.5091708462190916,266.6666666666667,1.3381773247498427,5.651328538359789
30.38701314216198,1.4536238234459398,388.22117916766,1.5692431722357316,7.502548812399356
29.87020453241808,1.4564696893941045,433.577121388644,1.6488832067053842,6.691592335390948
27.514203439845016,1.485585178150672,266.6666666666667,1.6741048202231108,6.49991195436508
26.396600864476657,1.4634194116885706,715.340787431728,1.436550070957631,6.797613249099793
19.608359408239888,1.4990768266406829,314.4117615642039,1.3835107349417333,5.5264211309523805
41.629484798444366,1.427947899606566,426.9718270133103,1.5415543998254144,12.140137422839508
23.98616873880356,1.4794428459835596,368.4302971612615,1.5468835497864348,5.537423277918069
26.59459571874476,1.4670965170772814,416.4879049661589,1.6502488946137,5.933757394547325
24.200123211891157,1.4710586016363305,254.9747416749022,1.550376328667069,6.133184638631687
26.946535974193147,1.4768080936350765,261.0332277276543,1.7037341329002544,5.912288170331791
23.55830635268285,1.4623613246708047,481.0123259258189,1.4475945085287063,6.076472238297325
45.03050068358471,1.404292545873118,563.704772776375,1.585556023963978,12.111890274803068
22.28077949282017,1.4769841058875115,259.8607931979623,1.4418861921529924,5.4791062644675925
38.0116201687908,1.4249116741184078,853.8219526211623,1.5305098854980397,9.011187996031746
26.50566787614382,1.458123742917597,309.887145103212,1.5215425399898164,6.285337439373898
24.146336429174116,1.4725900629240811,361.1035004039762,1.587390830012226,5.884566132973252
27.34521044394207,1.4820184896354385,263.3804939522428,1.6397171601843747,6.424291458926875
20.0694368908194,1.4684123945377356,291.9524020839444,1.3591878420990242,5.650975959683642
26.2883096982355,1.4409116367262946,812.4769425041563,1.4621820552094202,7.820872998649692
36.54594240669376,1.4201307594520112,308.4400962798483,1.5459976700680564,8.648727467365978
26.47848565928981,1.479700744749033,228.57142857142856,1.6178122143945846,5.77600959683642
27.89483548780578,1.437819895031976,401.8391673399604,1.52459896730379,5.576050622795415
33.1798672310074,1.4312494769532658,1014.2102176298388,1.4332017414233496,9.647112429269548
49.85086301417884,1.3963220380973371,1126.3777611958674,1.661827138155738,11.737987550153177
28.910496853303236,1.4434379893574822,406.5621971533225,1.516220534355486,7.094904996141975
32.38677913693912,1.438926800468126,662.2437736177841,1.4274371802659271,8.116874035493828
27.55432295032887,1.4780121614299275,325.63357948776047,1.678921424031158,6.5066638981767255
24.21041120973661,1.4650555623996762,352.49948860058566,1.5378761801600676,6.785027896486231
28.650149622530268,1.455468639481025,402.2070008079525,1.5633265990304055,5.875294174382716
26.401282133479828,1.459643598443669,301.3678402846407,1.4945171308496452,6.215306575176366
25.120097320853557,1.4677315866144156,461.4213562373096,1.468662063282238,6.439756418350169
24.49862081806635,1.4845338013172762,302.6762054400269,1.6268201929087829,6.58995864679784
20.7231849127782,1.4776537301144237,284.92422502470646,1.4830408015092578,5.804317772633745
28.214962753891676,1.4667380166174564,402.7587510099406,1.580749753672077,5.616256338183422
29.379457020454645,1.4534522253946645,430.7447020674703,1.52540814906546,6.801620427106027
25.466835011853817,1.477116458723688,226.95552088457225,1.4876878944564738,6.449368891460906
25.7438134186566,1.4564200518223445,323.3224390399198,1.4558702378545982,5.941034661306044
24.53488154011149,1.4433954729435023,422.2070008079525,1.383747767249591,5.811361181257015
33.395761928232375,1.4077048221843298,1012.1270142044197,1.4820440628958824,14.222373046875
77.62030201609757,1.3463582418049205,1398.1627341089709,1.5887363593037005,23.18388650027948
28.41267512000495,1.4766680075456435,411.3829676886934,1.5853028117515078,6.05540961262337
25.622486373979957,1.4625289521258742,459.2104921435619,1.489723679345038,6.435171243686869
28.925763055103086,1.4285042224442592,337.0422418573621,1.4580239341767565,7.787437868312423
22.872674962301883,1.4957060368546942,355.5047693866801,1.513721638638992,5.908743134985476
25.859387631774364,1.4814397757749167,445.3640281144246,1.6971447742910624,5.613071814373898
33.711909710132005,1.4548650401740255,268.7184270936277,1.4767426098106868,6.969594800240055
23.83766917927095,1.495116114708569,225.538229229292,1.503997890470512,5.943369116512345
33.33255753512305,1.462030107352805,413.2056471745567,1.617852516449581,6.441644628338588
36.19927084592934,1.4244399461568156,789.5721051142268,1.4161192704627286,9.823745685103964
26.414272970328188,1.45581634731527,509.2961969886645,1.5360186844893298,6.468760036341088
24.534935041947207,1.4629347174282124,382.2472593255157,1.3580445733637236,7.521819146324355
36.770157736908416,1.4275331916223375,218.01308779546187,1.5082993154944049,10.317714248971193
24.61786375472474,1.4784722733044755,412.8203371351521,1.5049998206133164,5.428157793209876
21.25876870321882,1.4921111661316675,196.33852748197123,1.4454919356192764,5.822339999142661
27.640122899363657,1.4592904385780514,468.4437384397973,1.5378020339812413,7.160014743165784
25.024875378013547,1.46331011266812,333.3333333333333,1.4275947383834475,5.418716655643739
34.44448129718537,1.4441786767086326,266.5183485142474,1.4616773517205257,7.99598274210763
59.01437017965896,1.375128677548047,732.4910503300944,1.6134184714424509,13.56617585168276
27.519198514045105,1.449823350648896,356.1686113355424,1.512699306885564,5.921876060956791
41.53338948618832,1.399289822443311,875.6430499411122,1.6432275044621067,10.298175703548964
26.589050264911588,1.4571695668376845,454.76361589487686,1.5954331770687271,6.5118769933127565
86.67452118022075,1.3376106441826932,795.4582070207639,1.591719284137614,30.909549000512552
31.55599682887162,1.450088857975644,612.7642420768587,1.5009195321797906,7.549019793807481
29.80839749695424,1.4632226981175402,254.69216060366577,1.6196694153652853,6.635130990604658
32.57541154166805,1.459756125763389,423.3139165260013,1.5301121044887616,7.399237428309839
52.43933364273348,1.3865886002943164,492.4862338313576,1.526049642667772,16.24026856523438
25.86045872517077,1.4506343095560954,452.3319265914967,1.4503937101374167,5.772355240203972
35.600909140446134,1.4312998166826076,649.3256596973996,1.506451741673459,9.567463681353766
19.767619067698497,1.4694892178915782,201.9349081083756,1.4228702670115383,6.251305478395063
22.66396965095464,1.486332773210475,317.1148432455081,1.4994319975113817,5.568315731095678
28.32666277134812,1.4572751517200102,292.09304303143864,1.5705037352985434,7.500865458808168
21.995088256639043,1.481580872060777,241.98560868003528,1.5051363372168676,5.528572289737655
24.024472026502103,1.4917959924907571,201.54550152541316,1.5240400602118456,5.473881532346787
29.47306218872373,1.4162540681781468,335.89157090294486,1.450201856483886,7.111729038065844
39.94683187182111,1.429155006780491,355.05525292841696,1.483307137333597,10.36931411554784
25.636687417058365,1.4589541661040963,469.0355937288492,1.436566766730094,6.2869772376543205
25.46805132763137,1.490587367565761,261.0818510677892,1.6069762862830783,5.87837239441506
33.94817405812131,1.4303958145718163,289.36532647401646,1.5997491103744976,7.682055564961234
22.41792537323797,1.48685376424064,384.9798349326434,1.4860322753086417,5.539346891534392
22.54163375908917,1.478696163946174,450.0,1.5355734073852578,5.700230088305898
26.27056149127008,1.4634649162730915,468.2459513747883,1.5326283635591431,6.339124366181657
26.852030480702087,1.4863898012418912,414.8147917069311,1.678368574385296,6.579032155151946
31.112213056953287,1.4539036727769594,391.3035105535971,1.5334403452747845,7.324270462369421
33.58044704382598,1.4359927665219825,298.6696827367042,1.6407140578823654,7.058055676118828
67.78605280399583,1.3671800496955282,951.220741230205,1.5610257668031664,16.880070133377426
20.58198729064986,1.4760250141046414,214.0641552413718,1.452184263355394,5.877747781635803
25.0178302384098,1.475034865006025,306.66666666666663,1.4941100518764576,6.797890303497943
23.0708873023484,1.4644722100360332,515.0161190839844,1.524482083770711,6.496898520982466
24.27705324390759,1.486401143448625,241.6414083415688,1.5673138174021586,5.436469103652264
64.21089364584653,1.364375360309439,874.318420418998,1.550258745048741,19.162349800084176
37.32179479247657,1.4351971688006953,528.8300448137511,1.389782275302336,10.219136094519882
44.10129240460149,1.4287569133393263,1081.580161352896,1.4718436414075344,10.742415552126198
37.766002827452304,1.4279902750852589,299.314221858346,1.390779621260452,10.499556447723766
31.50306476606949,1.4577251734859509,384.3432335771722,1.5314830044601409,7.622512445920559
25.381794340150996,1.4965978289660535,255.49703546891172,1.6003408478514975,5.268333654835391
24.57252245267687,1.4821230595334325,401.8391673399604,1.575225852501789,5.6466874724426805
27.491637183998527,1.4675740979751235,518.0357810881382,1.5821163046268372,5.95162292631173
38.08351532725442,1.4276844508351063,381.9451549534016,1.4001929715353854,10.770997813786009
28.447173400573977,1.4738324838626045,474.1820456173368,1.7085474266482086,5.958485243055555
22.30702000028082,1.470970655204532,351.7309476143543,1.4773121201548725,5.361749614197531
26.24729936475736,1.497820358062432,422.7659353773867,1.6095957977810864,7.227391372492284
31.018206115610926,1.4542605041383856,228.87179843419264,1.5614589706497288,7.236451162439613
28.99222591879852,1.4684415503435282,220.43171866958204,1.612788940972688,6.537080155539311
27.859296070122117,1.465016064985884,492.3041442622121,1.6010219368553888,5.989583193772705
25.261440394590124,1.465062654646519,268.3080750082355,1.489173610320104,5.615716306584361
24.649435840069152,1.4567231973561998,392.00052320081306,1.457984280920518,6.827712421002352
24.647370215797253,1.475553001743491,468.72176907014415,1.488290969492803,5.891278859745548
29.089224222324063,1.4677931965721425,553.7906205713733,1.5825700633299948,6.526106605512945
23.16374989999201,1.4719567255472374,298.8535612209489,1.5012668196816916,5.818795428240741
42.384621041535,1.418368933883502,477.49644671753566,1.529479927954467,10.914471223760886
27.32295852558519,1.464591569340567,436.79509915338855,1.5444545477812537,6.31592399691358
25.354587134324188,1.4681002399711394,281.6414083415688,1.6756975078728469,5.793659979423868
19.34599227294151,1.4800785511197867,223.5900625068629,1.3713398353795634,5.569148892195768
24.70544294248202,1.467111929828366,458.49652974981865,1.5026749234030174,5.951457248263889
58.19890401941351,1.372768915238634,855.1690892258246,1.6143089615980837,17.689668825237177
22.50960615980754,1.4686473517227605,132.714132333324,1.440248282004054,7.51004119819224
54.1008426712912,1.3730810633999195,315.5970311878922,1.5737594055395985,17.320051945546737
19.915426807679182,1.4822749039405836,217.88820673469772,1.410739412333798,5.601056960978837
67.80190894808459,1.3562442839709237,854.6844974888177,1.6435900345745895,18.12608492105888
23.5235371415164,1.479571287530428,283.86033076150534,1.5244000721136266,5.434020447530864
28.632910825588446,1.4802291100102087,216.0168715568028,1.6367898633514386,6.151066358024692
32.07941689164428,1.4439418673973143,539.2002001682473,1.60362388777425,7.689753247170782
28.52811296092816,1.470094358669623,219.82482567241223,1.620672638781509,6.7248436502235
44.64083690596844,1.4028950645032414,317.1148432455081,1.6079476050339951,12.166788797260802
49.88115467523704,1.3976637089093744,746.7192559278515,1.6590777547191682,11.684008105577185
135.24092019579516,1.3182120691122725,733.2338683128133,1.6256630632017302,41.58487882526247
37.4300984516658,1.4216590882954216,440.9455520032685,1.5895210757269371,9.207079497739018
20.600553637506124,1.4908784953867171,201.803085112982,1.4475115677473671,6.280570023148149
32.44056026338604,1.4466391681449868,380.9763082138789,1.6176940224143124,7.001253068883278
55.76841162577537,1.3888157362279898,1215.448995433468,1.628979179834725,14.45340464248971
17.871055921424304,1.4652533080878791,200.0,1.3681963096899687,7.516117587081128
24.26737494141958,1.4777684590346405,441.6753063582848,1.555474150045424,6.812735654019058
26.71432914203417,1.4738464498772703,433.0803018674004,1.5761282089332362,6.128952612058081
53.99834884174776,1.3522390258382602,773.2779753504352,1.6267075061030962,18.18873787477954
25.32866761100304,1.481444865405656,645.6140084362033,1.6234452591913604,5.845313304081979
22.70218862350513,1.490096789382723,279.71854569285125,1.421950104034368,6.1498652102623454
21.50178650894153,1.4423509624395232,268.63260032677266,1.3421393422073775,7.175941013558201
57.9296221602443,1.3816853932548705,745.7303412194412,1.6096234937837697,16.12777119063793
34.840099417729895,1.4356076029505418,935.5538480921772,1.4817989488726857,9.259759918338476
45.35556671173901,1.3781682613001467,328.74381184374937,1.595456112107484,13.849120878725168
52.303297474036704,1.3894935221028268,809.6574471658803,1.6363260110562603,11.390795949972782
28.546778681420605,1.472175141031698,468.406653365108,1.7016445280099906,5.69194268563907
28.272454693753115,1.473513223354059,220.6879470720956,1.711133286030173,6.476137962962962
27.8027609256925,1.4637857940769718,376.022051498656,1.5470327482651984,6.873449074074074
30.29998053741864,1.4629134617185908,264.6948304109588,1.4876795223361858,7.323244632607754
23.07446690732837,1.4890713064737382,501.3835055177456,1.570932803863556,5.633361301681217
28.23649725526624,1.4713165088481168,491.0509950282091,1.6345481818470653,5.950763025909682
36.426753810475006,1.4037054024785929,230.39717385881767,1.4761594233028352,9.34184394606355
28.429544821738947,1.445326752272359,440.947570824873,1.5453986200870675,6.2013990162037045
28.97334289544417,1.458044983115257,229.23265759708468,1.5015106733632362,6.807835504524538
48.67860062209447,1.4010000726003469,781.891669949812,1.6321229883289925,10.584475426638654
22.64270474924702,1.4340106299220674,359.69019441167006,1.303768039445534,7.674918855676327
25.77976176055792,1.4915963001131325,447.40551980511225,1.639535679675603,5.562383696630658
34.98702880010657,1.3976461448340105,243.01898050140312,1.2233887773584444,12.287936063957478
28.374444891277182,1.4666562812098196,177.77777777777774,1.5896497983770688,5.869631007495591
24.11971156494304,1.48996740138643,287.64871789368465,1.5093827982535493,5.6292003109114015
43.53270632228679,1.3989163841883785,651.1491839241171,1.56666753803893,10.154332171328054
40.45934248347045,1.4018114705134297,694.720796115468,1.5424422216698288,9.977146422025086
25.838256413259664,1.4205321627673717,359.74109530420367,1.360766123198,8.415542775848765
130.11762663200102,1.3146809800292478,764.979797976803,1.5855987409830403,45.00126110968221
82.19616911029019,1.3497473818024053,569.058162602431,1.5805727055867969,22.029438514322536
29.08410752680129,1.444859092219399,412.1225108757648,1.4921704340120765,7.2760716414485245
36.29226360982906,1.4355134121976982,467.8511301977579,1.459781617403413,7.922712084190672
25.447351401312208,1.4115413643191128,393.8530994609477,1.442733523202916,8.508561499324847
31.002259466231887,1.4204197645205507,552.8858932440454,1.480371215615076,6.329762180335097
82.96332587325355,1.3503720745807426,1039.159899458958,1.4369554793617805,25.96692402629713
25.009363854725223,1.4615827962199135,515.9838075022366,1.425934205197415,6.215657552083333
24.16765844912329,1.501439923661084,294.5435897069009,1.5572737103072278,5.60709287122771
38.37670342976397,1.4385827676099263,477.1637779620453,1.4925468921244816,8.335318930041153
31.53688814028477,1.449433273396742,252.6188374196525,1.5528302580812283,7.850812386965331
19.495420923394697,1.4856007045315665,350.4106874331172,1.3551666033542915,6.268902713477366
61.51983225321624,1.384747880115787,908.8971024607796,1.7521726870391348,13.763274341079484
39.55499376848516,1.419026516286619,454.9458458968559,1.5066605438437706,11.139753445911634
26.66864764766885,1.4761296759674618,457.8196934463379,1.703310510841869,6.138502483603395
23.56109044797283,1.4932768378480683,294.97474167490213,1.5570720914164675,5.591587255658436
40.41695527298693,1.4295438776115057,799.9033626108996,1.6042780679865565,9.440498017959245
30.11224341580388,1.4483198247695872,605.9713396039471,1.5308338835935165,7.084494686607859
42.35427100564411,1.418000588060766,723.7966949217641,1.5626807061956245,9.798728846120312
25.70640298991938,1.4790201166110606,507.6142374915397,1.5231777623170142,6.652198591820988
25.790481222794742,1.4667378865913627,311.5650341665477,1.596268267510868,6.624888760288065
21.87176591848957,1.4535651201382571,221.485912773625,1.4322895921812318,7.8690071259985475
23.33247055708506,1.4805558453049938,296.7673554895392,1.5380115758410349,5.7389105581275714
25.87464170170305,1.4813787832013927,300.91883729631417,1.504757499122726,6.610441020447532
22.198953925923817,1.4895133545126331,277.66471486125255,1.4805365017586811,5.741153846153846
42.54761828008405,1.4206120274793288,737.8578388774407,1.5756950099679687,10.79460205560803
25.20965925831729,1.4803330761962457,486.4589838123484,1.5863563881816074,6.386767123694208
27.493209201992418,1.4300728544048067,577.2242456219411,1.480757370722552,7.237218088624339
32.561929488530026,1.4408897216555534,485.3169491611798,1.515572729902809,8.208515258745503
46.13282047368686,1.4032636012149775,743.7723591108706,1.6119937302123633,11.072389543884302
20.7113602590944,1.457962833704875,234.35868314512177,1.494918942586874,7.474643004115225
62.90389279701216,1.3754407370460895,844.6453890421432,1.746321287553529,17.28579002896942
24.91318487712898,1.4829285955635252,469.5093791412857,1.5957339594837858,5.419098508230452
24.853913991198645,1.4681548540847016,368.8671003020618,1.5052812883181608,6.029700451940036
68.30968732407001,1.3447036037935576,486.5500640365621,1.565154568249179,22.48330627734994
23.14913582493532,1.513257946555684,306.8773822781947,1.4697606522333972,5.958169728973765
61.311085462993816,1.3573119431069611,782.3478356551896,1.6134731434256042,18.21787856131137
23.548481021859796,1.4887303716939104,298.75539882717123,1.5143179598300578,5.569029224537037
25.335641170189007,1.4774479079724288,379.61694511773817,1.504703443900754,6.000493000440917
50.88314318002785,1.4136240320710238,789.4491636164759,1.589263749864624,12.089718437492667
79.91265376910823,1.3487000174109451,527.9095138582314,1.6144442665711347,23.205848344437705
27.73240760797321,1.436531841054291,536.1003443688245,1.483806175031274,6.436712136243387
37.05346289814449,1.4228644399360315,435.8713331349724,1.4679030572464145,10.199654821612288
22.42729372401617,1.4901432693408108,296.6161500164709,1.5000167470901202,5.793460808899177
34.09214532286199,1.452403904628729,369.7500282696544,1.5704936665183364,6.317977109309357
31.50222800333805,1.4299827090973496,682.8494382067576,1.5067310474428195,8.37099932484568
22.434220880627368,1.5024703671168194,713.7114246045606,1.4776793408776865,5.487295846193415
24.457126334215864,1.4658653753527002,371.8953196734509,1.5085422868641765,5.558801601080248
24.434802135879245,1.473603121753863,291.3516264373019,1.600769239313257,6.231655023699295
27.23495206301035,1.4343270233302297,534.0718018418322,1.4894871755875227,6.71465406378601
26.236801131104645,1.4984615385230926,437.65577839755406,1.7014973581615358,5.584425877700617
92.4958661114275,1.3222608755204766,629.9576856682651,1.54277239408347,32.091480726117474
23.94159873313403,1.469792020706603,297.6485261863868,1.5953153165529363,6.284776990532199
27.09657792801625,1.4722210045456157,316.1762141750074,1.7141079619685324,6.04870609528487
19.52558384526948,1.5405614914247012,246.74948838435665,1.319721267122217,5.712886874142661
26.813283501927376,1.4215668502597745,511.90075346517193,1.456951499275463,6.13466583522978
26.43439721588233,1.4775285131210645,436.4547684937045,1.6954213357688053,5.596945623285323
27.64117443792929,1.451738353686638,445.6518717476156,1.5328384736802034,6.889323640046296
25.1911513475072,1.4620113970463384,357.94483130436487,1.4702756096445528,6.054055303300094
23.717750814106328,1.4908200412314945,160.0,1.5347112898635675,5.395570344650206
39.35093773808001,1.417034380119124,419.8215657565504,1.496179082677529,10.477545673636168
21.2420838604012,1.4634254755557208,385.1851851851852,1.3942184619254303,5.486734953703705
45.396955878559794,1.4189940196559845,533.9255650988789,1.6088989530875604,10.725400270061728
30.385653208046268,1.4582417119988729,415.54142660751626,1.5767340482848704,5.919882093350662
22.12819590239151,1.436866299905914,365.6470793896223,1.535128785645611,6.899662905092593
24.59088141264664,1.464077491765727,357.0756843957758,1.4901776985417403,6.000629603324916
27.60370743829917,1.463378391194482,460.77927877244167,1.5587270959873216,6.146979193458505
45.75926479450303,1.411767696231622,551.174175856631,1.6096986568351506,9.513412649782136
26.13048884226977,1.4654960313773453,360.3792945537866,1.5745062002104917,6.094632435465768
21.09586008202192,1.4906520985858744,310.64531656030465,1.491059053854386,6.060053955610022
50.52548491562168,1.4155822138656824,801.2473551586809,1.627784776711228,10.26583269032922
34.484673294079414,1.392090746837331,777.0839912806952,1.2950767565991546,11.092408144033234
31.659633396233986,1.458219493214144,404.37882943514256,1.5934433468881333,6.136200895288671
25.74906994066913,1.5053920504692877,428.5618083164127,1.6153267358900936,5.445770801183127
25.437525565180408,1.467188323178956,488.0103796440253,1.4961197294806436,5.875193437071331
24.251818097667552,1.4714242332654055,352.34001297903154,1.5440968328986555,5.62530789180384
26.6319530784076,1.4679524489732276,355.4170389830787,1.4198148598279563,6.919794763878641
77.98947714903277,1.3662791948365929,760.8828321331783,1.5468129786710525,21.736579927213963
22.19387086544452,1.4778346866619447,201.803085112982,1.3407204589893296,5.995640156525574
25.319463267870088,1.461507324269293,359.35921354681386,1.5115433503178022,6.262476851851852
53.98426704026053,1.3888635585113012,815.6287043395095,1.7039629110409338,15.213643066446824
47.77760165504222,1.422333346909164,563.5422000515002,1.6459276130765357,10.62245940687064
27.29338244274264,1.4766639809285778,316.75087244855257,1.4845699685186906,7.0735686498750745
39.62076776508446,1.423447342544705,850.7790451468454,1.5222481978402294,9.387261893275296
83.59565741974647,1.3300986680709703,825.1703829729386,1.5345226738472086,24.63259860581344
38.744055129104616,1.4238923678962991,407.7642233593338,1.502300206646913,8.968764482717422
26.354870707422275,1.4683668876469764,352.052710241732,1.487670294413869,7.263539775478092
21.475831697432376,1.4932297451989822,300.90939004803954,1.4613387638931858,5.560500838378442
68.67931931380006,1.3568886268126323,1217.9123756606043,1.5761872119517506,20.125697933457012
30.88178757201852,1.462041044692823,445.2340867985053,1.5832279067585335,6.197319086199295
30.524834613615536,1.453487645333562,469.4619655729895,1.4546277881482454,8.654203414351851
47.351440755579766,1.4178828923106574,646.6580474427036,1.6439183608691852,9.487596354166666
29.92656495527991,1.4474897764209775,457.12361663282536,1.5542681347699594,5.865971739969136
26.78640296152358,1.4804761927673105,482.842712474619,1.6779229978028634,5.597728237233445
29.517033072048516,1.4642742586486452,496.5621692871909,1.684225926718112,6.802735938165178
29.974823061457773,1.457274093860448,469.9467195219964,1.567038009903177,5.720850970017636
26.05242700379208,1.503527824881628,316.80306823414014,1.6658377557569566,5.679489776234568
21.768998356688652,1.4865390717280509,280.8128179205638,1.4668266990987535,5.868280466338735
49.1716880797258,1.4078107904252453,539.6865457002141,1.6418531955233429,9.94507973806638
21.535562443343,1.471631676908517,195.0111390881692,1.3779075807327994,5.626506913986354
27.7401786378239,1.4594924751438747,512.7703756480167,1.649228271482653,7.062361304012345
26.83519762829542,1.4815285302703372,272.13802780522934,1.4562611047885514,7.636584408068783
80.84065476553648,1.3601374884851962,726.2748315222755,1.5594690290418038,22.681015839334705
29.76147646360585,1.440931381495071,408.7727418000768,1.4336888452078884,8.480686831884753
66.60993793821498,1.3863434681312032,395.9958386338122,1.6148027678406085,16.899253538739888
43.514928923683165,1.403323067373727,867.9929950856857,1.5173921837720052,12.994770558110762
21.774099950494268,1.4713390368592654,259.87669882364827,1.5291038180572298,5.798296088556506
24.909122023295943,1.4763407294830944,299.736136587048,1.4811922834537352,6.074512640704429
26.68959200956559,1.4835242832137143,536.456984378293,1.6788541726828698,6.043172294957483
26.314854914555365,1.4840214946590389,314.70337378826736,1.6015839917745651,6.4665907244964265
26.866312334741785,1.4724013552655748,482.23162921407857,1.662128141105056,6.735712046682099
25.81811239273952,1.4582566533717518,310.28846528009115,1.4624959163162738,6.401751832561729
33.12319849110042,1.4449669049658005,396.2518299438515,1.4888307192105557,7.356497258046736
18.034904984074107,1.4859006692245245,230.47177714381388,1.325980345256554,5.839651331018518
36.18371535807006,1.4210617195451791,378.1651755923048,1.5519520842911108,9.556068137002743
24.929018476362177,1.4817391901131096,302.8010944426401,1.5211480300876392,6.893540027006172
