Avg_Concave_Diameter,Avg_Convex_Diameter,Avg_Velocity,Avg_Perimeter_Fractal_Dimension,Avg_Laplacian
53.24150134009653,1.3778482102755514,523.734065228991,1.389186702677964,18.781837522045855
178.48015333945665,1.2889551797034815,1902.9218185345217,1.6041267652865303,69.28467620149912
74.58457652749803,1.3652560330325183,1025.8463009638542,1.565635461753537,18.989660631613756
47.209908527911175,1.4031820600933218,1800.4119457195463,1.6369093058587247,12.71826209766314
44.74109028359072,1.4359351193109635,1094.8210442995753,1.5245638979900409,18.69258694334215
32.19740197601568,1.377427478603282,452.76972794421806,1.4070156423893452,18.76990478946208
58.67808423789605,1.3622586584868035,1122.8956211978646,1.399787808990141,20.34301421957672
51.23265728780698,1.388901001889293,698.202928251984,1.6468310824185666,15.45362750771605
41.20943925317153,1.384562735200793,1689.6194830002248,1.4666589263936436,18.26976397156085
78.05047070390232,1.34319689701092,979.044402869078,1.5229495925205394,32.08140073853615
95.8976006614022,1.3456825223922828,1342.3413077239704,1.6459864804986064,35.89746555335097
62.59556112578061,1.363338308287064,597.9631621113565,1.337015212301233,24.94784873787478
56.04131010306647,1.377232158442959,1159.0409897911377,1.620698951815248,15.519292190255731
63.19690652868373,1.3495950983567226,1449.9227183586124,1.4894293123983502,26.319135251322752
83.93397663699008,1.3503410721189235,825.4778531953123,1.631935809548514,27.68261766975309
35.74586636865645,1.370508095954181,458.5362430678569,1.3133157217906637,20.119511546516755
22.74744924148961,1.3495127193060306,364.97215717436865,1.1838589884323063,24.854061696244855
85.54565870809006,1.361073708076781,1023.8880101908966,1.4519485092917244,30.22303703773724
61.749303273679814,1.3376839267872775,873.9000716860165,1.4522610383063923,28.378767256060332
61.44618481732782,1.3747284633590868,975.5969475663688,1.5117055520033296,23.754622871830765
42.93366977854182,1.3928866883627458,685.0327475736224,1.4797249846614484,19.849925459747944
115.91235921538416,1.3433749697502573,1081.1140506528543,1.6899090810463746,37.25807104793596
74.29293949443232,1.351486216716462,728.6358512493531,1.5068324104277269,25.698922011442335
20.73954705314632,1.3628653988538606,403.76907786799507,1.1880176041896164,28.05912905092593
33.721099240370016,1.3974721084983348,426.5607066934383,1.3913934379759936,12.450212094907409
56.27813690672687,1.3586613078196037,1602.5688215209054,1.560021384456728,18.42065282752838
35.18702607178583,1.3805755170148983,729.4475365493172,1.4400164509057738,18.48041463613236
22.33100410354446,1.3976203463632897,471.5548590822209,1.3282172123499705,17.129325970936215
71.32288999739943,1.3759207734125358,825.9013986189533,1.4801620386063128,26.98426888396376
20.155580511637368,1.3995544996400178,524.1529242980018,1.2679561912194115,16.807178360155792
36.90855153207722,1.436431274528302,948.8893430600089,1.4187776841932822,21.030306069958847
35.74416363354255,1.4395494059183935,776.5245108936958,1.427045545915264,13.912430234053495
31.199892248060628,1.395426271977974,523.2694996589987,1.3134290528506765,16.07986768728956
28.63269436402962,1.40165821160088,425.4215021024307,1.3363271592320716,16.99940500685871
59.16200595758508,1.3668966575548216,1223.85292529222,1.5269461554793673,20.617466233009857
52.64978539461677,1.3724378136367232,695.1326946053344,1.5064890466088192,26.2644613944166
34.987792521127844,1.454151738475117,624.2033855672739,1.4180851871152498,11.762627636316871
54.11986403165615,1.3897184654488808,1246.359327098031,1.4639645693713097,21.364063538697817
24.51659723477631,1.3736745466821834,438.3382802800143,1.279580862267182,18.590648871527776
28.56966915360846,1.4146959429850223,801.4855285534481,1.3886945707680194,16.332862815072016
28.53535593456832,1.336532069628401,520.1249205523395,1.2859669439040515,31.53114390432099
44.396977714902846,1.4223039853581745,523.1888646429624,1.621454226823153,17.796801284171078
36.20947979109237,1.392429353557616,691.591066194291,1.3964720107821975,15.578866584683642
17.727756183108497,1.377715260583782,442.5976206855139,1.252532248559687,17.769273365162036
55.6299184503353,1.35664806122963,1192.9306386379135,1.4081063682379404,30.290049869063832
30.66886967025216,1.4104260359848408,418.85869355566456,1.3309156502743655,21.51646082497428
43.35748522473956,1.3765677638164893,875.2849235195044,1.3827522553724936,22.476131227954145
35.07413138396677,1.4058476419927648,335.3370279290767,1.3698038710349876,16.5541828489369
35.34706194445462,1.3859595614283304,1097.8859534216674,1.4723177381267365,18.876168499228395
17.544603159786494,1.4022430944636084,406.0989711761137,1.1568531343400656,16.0292862654321
25.58895053115158,1.3783927677996866,576.6909275157149,1.284739920799134,23.25123688271605
36.40604258729075,1.4230038103201876,586.2280316188338,1.442344677476414,11.08596691743827
34.318888926201595,1.4203459963577822,505.9086321599864,1.426403142685826,12.810700713734567
32.503533678626084,1.4166453043368965,482.9208922489212,1.3962320385707818,13.819473776779231
30.965720787376178,1.4489783469741129,564.2102518195272,1.3628682934700285,14.299178722993828
31.32531546023488,1.4735124637826418,297.69404302869367,1.3643641003099418,11.556555610670191
53.50617480818143,1.3894699214510156,801.342573764453,1.5517091006861743,21.47569637252979
32.408375742188575,1.4327782991257278,610.3296649283445,1.317503907654994,16.077510247878088
35.12798385577377,1.4403830634221986,431.9261965900948,1.4526460849490348,13.659632683899178
72.95863836317196,1.349128981907607,1317.4453651687895,1.5210395721080163,26.337115292110905
44.58555988213553,1.3835453371276414,1452.247403634351,1.3235597852691767,16.83738689447676
44.811122811225154,1.344208363094947,1148.285037798716,1.332427383907188,32.25405848122428
15.866843107361444,1.3936790296773327,340.60579211221386,1.145015236917386,16.179093364197534
42.679198059384454,1.409243335475357,598.1193926133136,1.498136785144686,18.700557831559536
24.16888977226549,1.4133549028820112,473.70409188352454,1.3978741832887884,11.33066663451646
34.90150984494406,1.4080080979707983,1118.0431762059038,1.4565348684375736,13.345321341306589
56.26535494920039,1.3603123941541162,1450.779143271429,1.45843407649167,27.57234310089584
74.92826890306682,1.3515534033603802,1623.7602799441988,1.4674266021220104,20.641551536771647
31.202657855217726,1.4421295190070835,543.8680150127688,1.3789505881372044,13.903305844907408
26.542139630794537,1.3821737115317008,594.5274361051991,1.3122505933156732,18.44572458526235
32.18806319006083,1.3914156268571631,381.59005458121993,1.295143578704281,14.8410701425632
60.33987541970937,1.3768159745050448,990.669410320792,1.4795158711376777,21.14000607138091
42.51603379653712,1.377551034989047,330.67260128599304,1.2502156174670898,18.80447303024388
36.15592965726744,1.430663108770232,1120.837676625911,1.3832502037951713,22.794944299768517
29.26455594420312,1.4289551124228437,420.7271759343362,1.3275997722832853,13.75808560363248
62.03093697932931,1.3710123680945416,1576.8512994412936,1.54290563025476,16.889540252057614
49.45338801871835,1.4006967314165442,859.8022395793025,1.4893260552005008,16.138402262317715
32.84120551384149,1.349553149150115,407.34566410903386,1.2659400781258752,38.97650618355624
46.78222450758416,1.355170183231454,780.4935739958643,1.428853006291503,27.124981545781893
29.003259611361123,1.3557784510487958,611.3626232752231,1.250334383928561,28.17966753472222
77.17529592373506,1.3491235609129213,1385.2409240376187,1.5363989467737382,23.984291238091448
33.90560534210758,1.4258812135165015,477.22539167728,1.406120594995124,11.735516493055556
19.95210557837599,1.466697182509663,414.1426941873372,1.2186137999490911,11.862135657793209
51.62790960802995,1.3888209542029957,791.1355929330571,1.547936645200687,19.723158560878055
21.81466734245642,1.4009034066930997,314.5221389342564,1.1821542953800803,13.848542534722222
60.897503906725994,1.340946162327668,942.8508382485873,1.3425008869629835,19.641563861655772
65.27224883411085,1.3579844701072687,1626.9605938598422,1.4504926517341736,22.11469618055556
35.624800335000685,1.4079342244918736,425.43703029836854,1.219584297160815,15.039415830761316
35.90449486893099,1.4064246400291631,592.0258588549734,1.4167927686483024,15.199739422582306
23.43229608002471,1.421129648637448,368.7371706700766,1.2649299122172677,14.575252379115229
28.268312428856134,1.364814188052155,429.839243761953,1.3823180403033328,24.33611277707632
35.638355315384224,1.4086381197908715,1192.6252915392536,1.4431990645229915,16.02498544054967
40.927011135325294,1.4184784432766888,510.9841834186344,1.4438613668186755,16.868362111048125
67.82897562443297,1.37699578004887,1132.6646775776046,1.5283398203544545,23.088711800181432
48.70304999754776,1.395053974842657,707.5874400216937,1.5117015305584045,20.64907618680188
32.89447808061334,1.366476070033525,1121.3115881124452,1.339835351542044,25.079202284501765
20.462572267201043,1.4167247255993842,379.1781013606454,1.259907128565172,12.517375685871055
32.45776055497474,1.3516158242996488,707.0587415208254,1.3113275624439975,22.69776402197059
51.18206121137304,1.3931997572001216,819.8552802333417,1.3400949592390603,18.878286458333335
73.11587597579424,1.3486765161835983,489.9009586918244,1.3610696439287449,33.61587456597222
58.099059433841866,1.391816728313326,673.8866876760227,1.556523076992671,19.86671939300411
65.26324610675495,1.3602426571264707,945.7643140159962,1.4837387092685557,20.317036783219624
38.209530030871015,1.386895867909894,746.3647805518004,1.4105247545486996,21.16772197264696
86.05947769301277,1.3449806514075988,897.7947306703417,1.5513257150278157,37.70769795529061
109.90958908598314,1.349346358428148,1146.0682068715837,1.475866877034612,43.28641685870365
49.38913551234867,1.3922516581058264,806.2142776626232,1.4757771187794482,13.324261188271604
9.179425380669125,1.4232074921740745,239.74045031352412,0.928738735925382,15.493869960455246
63.32664258224861,1.3766101209320032,1072.0137261169336,1.526667986523667,18.78564545054349
16.207925081654043,1.392703412716182,270.94859537070965,1.1032685534358853,17.56473476080247
26.419618598673527,1.403894353436573,442.0893726389676,1.293822689805143,14.237666721781308
105.94652010114602,1.3444376306061774,1009.5345499798084,1.4368396633961191,43.0821979717813
58.3644013616658,1.3916956232479278,841.6826717244967,1.5089357071035343,18.90871503665123
66.11193306577348,1.3414534654909118,728.5195169148857,1.376304779504124,28.08890537271904
22.31703159022004,1.3827877555089048,469.0860043996899,1.303222778558653,16.094178602430556
164.83936362687402,1.2977085842241938,1119.013359517801,1.460373562577674,66.9207261208577
39.58826519194801,1.399228689176026,547.7428419826057,1.5013662328865698,14.4538297968107
52.7980146710851,1.3933842607533184,704.98276274935,1.5147283136301184,18.332225258630544
30.124686915367747,1.4642712466021068,237.15623032382555,1.3309542692988907,13.775909408757716
26.62151380843304,1.3637663268949545,687.5836805308907,1.236770790927497,19.741732253086425
34.29173328219237,1.4033340968068664,380.03315581294305,1.2582106006967222,11.441879147376545
81.98044965275265,1.3507138910629055,1195.9838197214576,1.6022648675329412,24.002819350087393
40.20836930109163,1.4446074810620788,399.100728221713,1.5190124531886324,15.598603086419756
31.87887457342281,1.39592876481122,411.6946365408237,1.3742618916251266,17.587914375964505
34.0472716222476,1.3944942007389962,589.6684402478978,1.1838357489893478,20.541770351080245
87.48787240153298,1.3513257668746794,741.8854989460326,1.5624311481639468,26.521281302609427
150.7836880424369,1.302589337030495,1213.2975716853728,1.4910159029333874,73.00595428240742
46.81059710630899,1.4002000377376838,568.5732224672233,1.56712476665755,16.208618125552277
94.92933168501958,1.328537888009102,1236.9676256733096,1.6185879558212326,29.65954572818313
43.39759971242116,1.4212008493152022,794.1678603914805,1.563384991558611,11.73648726851852
87.56853102509558,1.344240825328802,1253.2846827533165,1.6112770214970908,25.84801152726427
43.658430190716565,1.371223753158571,564.9389131511941,1.4193065052405422,20.16733305274972
37.11464644793796,1.3807096747647478,316.54660703488645,1.2131849428592156,18.621675630900512
32.59636884921134,1.3949582152137892,337.6041891289617,1.2548157671019913,15.587328210733885
118.99207970862128,1.3267708451136886,1214.4659391640512,1.4923269423978842,40.369466145833336
115.07466697365427,1.3087343212348008,1010.9935140258168,1.4749894793969032,51.88359471044048
43.90354410452335,1.4116800811215415,733.4954123995664,1.5680474586439803,14.7590664569484
30.59635746358584,1.413074554915742,518.1988344482362,1.3757379702867554,23.33799442997685
44.24395430344965,1.4698175895695331,568.9626954759262,1.393319781091164,29.78058818801441
106.05226039867296,1.335964774576909,723.8871019863269,1.5182021442895006,33.3386758679723
34.5582289974394,1.395517540386248,398.59914926645257,1.2896346919824009,13.57735524369856
121.67654400143267,1.2893076333254188,1182.145362851634,1.5435615179659157,48.26413641163093
28.744009604483377,1.4289741578594857,557.0150429300445,1.338231388850877,14.53558942043896
31.11233081249688,1.528425927261098,414.4513180015358,1.3842971824669053,12.243051008597885
27.87160783211698,1.350155494181149,772.6877574689015,1.1937434656948187,30.290978202160495
36.51404162602798,1.4152850792489953,524.6775537716522,1.4744917954936416,12.38858108358875
65.17242896125889,1.360259504233199,871.2448973252193,1.5113094943684555,30.39187017061845
40.88228340221591,1.396883315425259,565.1904897182807,1.4817742117503374,22.98863921957672
30.514822925636995,1.4138486887505883,288.66341041304827,1.346632134050841,14.571525435405643
77.56715244604497,1.3525640903212166,730.6736272770567,1.539605960792401,27.635888879794763
31.761642194289397,1.4405749738374047,417.3456024483595,1.3877591486899563,14.413953125
28.660118913200215,1.388657084303372,497.37125269284894,0.9943089565229996,17.724743441358026
41.80666003573968,1.3882747793072914,534.431784308184,1.490847614485706,19.89044776547381
117.12443268335704,1.29722625633183,1165.9145800095173,1.5184771320967356,54.15771019981336
30.94951807488243,1.4030072151919455,489.2270662473628,1.3909589593104228,13.38036276148834
56.61202644312264,1.3826661578687824,756.9837805314872,1.4572843135217255,21.32585093058335
61.98692814056312,1.381096232285457,962.0442765788504,1.5123879822404718,18.540023684772144
63.7234390834552,1.380512692035447,801.6346750368415,1.4999551451071786,20.799395886117345
27.13364591984271,1.4147935910032725,332.18398540010963,1.400806301429952,12.989649195326278
27.40243395168794,1.418144997367677,359.7139647707624,1.2856136514869732,11.865809059927985
52.37196130952952,1.3678670549477143,973.5150624252096,1.4762561857275631,20.632895650935627
35.19013594248941,1.3683910326032744,597.351560032084,1.358160163107417,30.443243981481483
52.93005854617339,1.3753819488954635,484.4766685045648,1.4115232217934328,19.24994475522977
126.15036706200696,1.3222843103485131,897.8153116568627,1.6185223753852735,40.548034148895574
65.70569402294225,1.3440271465698206,1208.4155530046698,1.4656823749392944,37.38980713617556
26.616570560098022,1.4064674288665826,314.63589169591,1.3483004677590276,16.09597082904664
30.01772065416107,1.4401590734802812,498.0216913353585,1.304585453319072,13.54987888558201
19.04515796600999,1.4136287198356434,465.15780763214315,1.0776128718982745,13.436192772633744
36.30786777742287,1.42847847705996,571.0781094438971,1.4774865811871118,11.558858655757533
48.89049649229399,1.374707965361056,680.8877583901439,1.5641656746901864,21.751778905526223
12.446929004788563,1.4020228588421202,239.3680767148553,1.1548999512937972,16.878245659722225
36.27872569959467,1.423844981529867,441.8362312599664,1.4681050470924804,12.668418297558922
37.537295621581926,1.4367515684631944,990.7452395241264,1.476188742428468,12.603917824074076
59.3685878141097,1.3589161160147865,865.4088819838241,1.5024844826557588,23.00056851400369
58.60167991637632,1.3061761675622978,679.6268588856549,1.355795295511576,80.10206345378944
91.0275595767586,1.348695283266248,799.7171306798645,1.6407519801978463,26.751931664737658
43.32983591371731,1.3821957290945517,912.0763131465212,1.4446905233535057,21.77254651550224
27.824182287624566,1.3976932839445928,407.2445913885652,1.3269706479986196,15.412072723765432
35.54499003575832,1.414637301143646,427.6247247125331,1.4282675938428429,14.211395760995371
27.12523187920636,1.4017860247582,238.74687316701792,1.1707201815373112,16.607967488722696
40.079034189271894,1.4018019292773074,547.8096211115428,1.5278341867223224,13.492356502914951
47.697654759108794,1.404649737447088,641.8476985833645,1.591803681870459,15.297951314052575
49.68104374113001,1.34582180896407,920.0879018136608,1.3967664766359629,33.6111254409171
30.780194121347588,1.3940274112553743,461.19457821413937,1.3769227194164289,17.018187968474425
50.24828410096059,1.361775092480227,581.2119371149031,1.3433771233674006,33.96876598324515
64.29207219698411,1.370201515291767,1320.6010638300525,1.449948309209983,30.52111786265432
53.72431216991243,1.3636325839679604,1016.8007269820366,1.447506631549407,20.201745727363026
43.28401146997354,1.3735344812724908,647.943188581301,1.2516564446709326,21.113748553240743
48.0448787673903,1.3535633810626766,219.75887287093357,1.094244381206925,23.35707506613756
31.84145489787102,1.3804676905188549,560.4637674898482,1.2896100604242096,19.189915652379284
59.4257265510508,1.3681028108020992,715.4277180861158,1.3831694931476282,34.820483121141976
36.83455308136446,1.4796022745042792,616.2155250941294,1.4676333393359915,12.249009452160491
36.40338511190792,1.3501457687990757,437.1325374694068,1.4019075354812112,30.816032159376626
172.7207365201852,1.2967306870038935,1019.1010387456728,1.5799622615922442,65.75972305812758
32.14143595395532,1.4159922668814222,406.053923759236,1.3588944731173835,11.59627786351166
32.86028493552078,1.4313670525606503,402.1898330015365,1.390430269519786,19.30146135837542
70.87688547523003,1.3388562940701385,1208.8693296939157,1.490735049237483,24.815963087123553
49.82901385190561,1.3921772566033013,700.4005777606966,1.5695016626960916,18.96347736022292
30.505040101773712,1.4064546435122058,501.67686605761014,1.285590264559056,17.375054701278657
35.886257337734136,1.3406730255732862,664.7307860957395,1.3075015708708808,43.179242041322695
45.68397589264314,1.3987056978586705,653.2454787530197,1.5796370962221258,17.800353330761315
27.37827218173487,1.40095324964882,590.9970836420918,1.2818428472406862,15.408304467041448
26.296980784445974,1.4113183185435707,347.0171801303091,1.3290224932731076,24.10577031893004
160.1439027402578,1.3024259958995612,862.4814508249096,1.600144807856896,53.838459235296554
42.54816425717014,1.4013043500525355,618.8467749680292,1.5352493025577412,15.023612514029178
24.628093099647295,1.423690340449472,416.04574458663785,1.238686005284752,14.288625739454732
40.55832115329473,1.4045058196064784,211.94406213817348,1.2253606555844596,13.51486914866255
25.317088112734886,1.4277055750705594,453.85723260877734,1.2226622245119971,12.526733579282409
35.786792757120836,1.460528619288063,415.9092617641734,1.4374968909930657,11.707390260631
42.00888935617142,1.4333927335296692,497.2013186733327,1.5699076844307818,15.145111979166668
52.28637121854226,1.3165446691005147,620.6009154349232,1.465065091201381,62.64754108796296
37.141013056387045,1.283557852352303,639.2227071336333,1.165989614179606,115.67187098122427
67.69127308697041,1.3229767112273638,984.5046376317092,1.4351825398052271,41.11866179713663
42.90832224501639,1.3928941391029537,1112.5129984197808,1.5019766481960195,18.14235886059671
22.20138150021473,1.433358200770383,753.337006325673,1.359821032237796,12.411421842849792
36.60565710397613,1.4120453471921273,267.1040361618106,1.314289871866104,16.529675925925925
41.83866625155698,1.4010281956726949,727.7863246831145,1.5467426064925631,16.748293613215484
36.81101920472004,1.3774100208205222,739.2978592555716,1.2932145409477445,25.34591090366525
43.32877222385986,1.41602056992865,531.7749800533732,1.4961648003685637,16.39377175497257
29.87082125947594,1.4618308161891016,509.1063879264114,1.350160320026962,11.924343584656084
27.31547825480915,1.431905978160762,263.1947017271206,1.418420703833822,12.435726124762583
29.76046233046616,1.387882548627824,414.714504000709,1.2659513063854655,21.72428135325684
20.09082203444677,1.4166018590313243,378.1121896909652,1.2755939471230826,13.254935270919066
49.39368493628526,1.3729168612477889,1025.7292376016442,1.423443530378529,23.154850118115657
29.355642814811056,1.3813918530820852,507.734300893494,1.2919412809904611,29.810536191239315
54.98208250934529,1.3792220046790375,1152.3995007640178,1.5899725343293143,21.15674489832749
15.87276735915032,1.4067703709904844,435.8952834090558,1.1982348360013066,16.214355613425926
72.86104353901776,1.3729054681333754,459.0910708313714,1.445254086052231,32.904686350348115
43.77493163350248,1.3748295516791376,704.1205201773062,1.282745131458121,21.61781199478248
42.39761441493197,1.4483228626213496,512.9722940583068,1.5642019437304375,13.516810860339506
55.54612509861676,1.36735085777342,856.9171412858624,1.6219592570410446,19.412873671495433
38.73100011031646,1.3360954950050858,726.6134657235522,1.3244224328422072,35.1326265599839
47.18584672286852,1.3827123295196335,576.0903902732827,1.453997989934409,17.89228901427469
19.840679880643773,1.3624771021730693,535.1955933043063,1.1175584703141477,32.701328824153045
16.821204254664224,1.397330360465616,506.62971101180574,1.1558418494534457,15.654617792508416
30.233208941129835,1.4183201649231918,253.33992744192275,1.2909903533170897,11.88247868441358
48.70422331131988,1.3948350652594128,673.2952827993066,1.581840921148586,14.722205637415753
38.23542470485156,1.3913725069663494,525.750329048903,1.4201024210773487,21.463804173096708
41.092369012179866,1.4083046280717728,493.0549518698275,1.511284768805916,19.95071990740741
47.7740551593194,1.378810934134771,567.3765614597819,1.4027700174814417,25.973349616466955
41.68572998799432,1.3672475506136712,614.7774125069252,1.439209097744075,19.65916314621914
34.25187593475953,1.4464048546083974,371.333766617697,1.402983524702189,12.68527199074074
49.37009016265562,1.37848619848829,598.0755022543237,1.4703172154099835,18.051172225729513
51.44451250143011,1.3800081996662836,519.8343839503423,1.5642307239072135,22.835592908141003
55.400639584514025,1.381520663021243,1221.0570852337987,1.691543903888156,20.64692370756173
23.456713029231015,1.4193155078655548,638.3537600657961,1.2497060810037184,17.431241319444442
46.72390662536496,1.3828738491288626,612.3370716207427,1.4572812582897237,13.02910011574074
40.81390014669582,1.3775179025740476,697.877343932695,1.370525397118204,28.315522193870738
45.69198584130895,1.433174512162677,494.1505165800025,1.50200215384658,16.760223636831274
39.93914419763888,1.4083020919907878,528.3205603039444,1.4712983074057728,14.78219440710872
57.66735763384234,1.4191814308724269,682.1848872363337,1.500348929438243,17.932374292695474
19.858073325227213,1.41289836322772,230.3478409426748,1.227750284332822,12.925754106040566
40.219755590654536,1.451755633268595,531.5070793157632,1.5152825427704053,11.54792026164422
30.136435222431643,1.399673406306733,432.28470374577887,1.3147610059113974,20.54477121109825
33.83066791813986,1.4297771887897814,433.48193220448775,1.3988351166252662,12.369586226851853
43.29209500023899,1.3426034289905604,512.8850362805994,1.4168316022846896,38.76576463081671
62.70629779837888,1.3718802635401617,742.1654241643745,1.4879247072885258,27.51857321979717
41.71454150076217,1.3872408608843012,728.5710951175952,1.4084876767113177,20.363452518738978
53.23368198284507,1.3854109203145588,1253.608204476693,1.5954151635121734,17.524441871554558
29.57289038531862,1.4308428655135832,451.73107090411185,1.3475145341073504,13.759302799823631
25.961755053577065,1.4283651537086983,322.5787506030443,1.3928403183856153,14.386147681970169
20.305747860246825,1.389506226780561,382.55179255315863,1.1619129427717878,14.91070457175926
35.8620964785448,1.3873607215928168,502.80991643125975,1.4928564841206016,10.992856932176789
37.21767883819856,1.3763364671673368,503.61783954766014,1.2892734185745305,21.78253311471193
38.73338542775099,1.4180746630000949,522.2302653988249,1.4944524108012247,12.577341889880952
33.503468440789675,1.4340055740393116,545.8334564021616,1.3902398928686823,17.00840107134378
34.28190137237049,1.33718071575169,323.4438161581697,1.194992628988366,41.096322485990775
27.174166781680853,1.3953603028656998,425.1651447208304,1.401429803951224,19.907420669367283
27.984999116916978,1.4298408647668202,400.13314511391394,1.3232680025365071,12.099891699735451
41.93057248617473,1.4260034772296597,941.9100405881142,1.4715531410757592,16.006483113722698
29.34249205980055,1.41861178703748,498.41562354611455,1.3200592231690875,11.769423087522046
24.46517965660382,1.4240911147665198,758.7595824559409,1.2708930912352574,17.564067483281892
40.92610143636631,1.367624648685229,463.0905940289319,1.438718055264735,24.963906172839508
40.38957753407075,1.425558933811636,515.7152906177316,1.5284847129464585,13.729912621768904
35.45650574557668,1.4355109127912984,597.5701371150818,1.404582448631979,18.411178722993828
14.80775763493161,1.3805950654293966,703.0838367938738,0.9624537204740128,17.841711194701645
42.4299319474083,1.3801733586699487,532.4532549984822,1.5240791030744103,16.301400141460906
36.67815830306108,1.3782236818548852,386.72799582635105,1.3086308489651444,21.646480803720387
57.424921340376684,1.384506690101074,620.1963657284296,1.5350584077008245,15.976268150252526
28.167552347857633,1.4091382016231726,372.8386246501417,1.3475913007746323,14.124677372685186
35.09534650990627,1.381556911814292,442.8217097706851,1.3725190681428403,24.919193829245916
37.72039245360788,1.42736458250267,502.8741173753411,1.486237435416863,11.828870683818156
32.17037507352877,1.3756988333915834,485.6621800653218,1.3517142733356744,16.206523759002057
43.1580939779214,1.3615172857012272,537.0753140555265,1.4355324374514424,32.46771422081651
45.46249744474626,1.3967950245783345,549.9308852176201,1.5324120018295608,16.668031305114635
36.785407030588345,1.453004759804942,480.9116784611599,1.458790089216102,12.073271926440327
18.655783169870283,1.3826169076584436,355.15341543266993,1.0332621456705002,17.89112538580247
46.6757492899961,1.4017554191519903,377.0301467613291,1.5779703570855357,14.775757137345678
40.82390256526416,1.4095368831221653,1049.728755392933,1.467242878771787,18.181465591242283
37.141327802908755,1.429664363708705,489.580964412377,1.4775011667847766,12.624742922008547
44.3443304463596,1.374424496447752,434.1840384179169,1.3369551650263731,27.59262373236332
48.97905798752238,1.384418775151673,458.69927149613505,1.3257453884188908,25.193504199311487
25.78773194507751,1.3889702684872427,315.94948646465417,1.27699497109092,16.86353159963349
12.229666071060768,1.395360575495041,361.8327959901306,0.9988592101469336,14.087635352366256
28.36290002714982,1.380786605354596,433.3687772609236,1.2762186246005194,15.50012651105967
55.536894540405434,1.3369661659289724,667.8116576708991,1.4377667845886222,34.17934949493807
36.163842369311105,1.426036389546168,506.4881131492095,1.4628765145193292,10.894389605379189
13.88386009472154,1.4023695575695905,331.1141408204192,1.1171601764176182,16.730124421296296
35.18768255636566,1.4044542607300627,445.34301298287664,1.4610976876419055,15.91904224537037
82.06016027554253,1.3117678538141169,680.5791651210251,1.458766395065253,68.17034269646248
86.39863829599138,1.3158886097806748,927.0208224151936,1.356260338494865,50.03150645147463
104.69070985291846,1.3435825441701097,1263.2143725264928,1.724796045440628,32.21336533468188
32.15302563915443,1.3826140972195766,507.45667069990606,1.3216082129410416,16.477026427469138
49.80574317539286,1.3907171217738687,756.40320279365,1.4549222536074868,26.196795803326477
13.71730640739058,1.403890109094226,597.8346809418465,1.0049989844540432,15.6516796875
30.07911685719294,1.421992224296405,589.2138446984925,1.3609446452814322,11.404048170194002
40.217661535262735,1.4005554585308384,434.559650648698,1.4108085601824063,16.81624180169753
40.403329831595386,1.3913875662743718,549.1182300231338,1.459814771137891,13.77552094680465
72.69241602663926,1.335618390457148,945.8377666336502,1.3223589204788175,43.52221004533179
36.54020891387637,1.4647814600167162,505.2189864347252,1.4545889169363186,11.789715108989196
41.012107206564856,1.41127800744343,972.996037986231,1.5326747391922468,14.912984973488443
68.68067734536517,1.3521954445529476,870.5916186284502,1.4591585132867464,32.693455241837235
50.82064195303453,1.362299592641189,481.6574781546538,1.4647723752867614,22.11735057043651
35.03699488779275,1.4018954613533967,588.954140923337,1.396322826704047,14.272111866640946
91.31790931942028,1.3070014484184114,1040.2189208431253,1.527544242716068,66.81636683569059
45.11281002291555,1.3893004668374218,459.1986528353104,1.4095657851110983,15.590415219907408
69.07295968300518,1.3466050993399932,1608.203303759689,1.5025280270018404,23.271901828500265
48.71113199356069,1.3814752189298118,536.947784506595,1.553838425751032,21.909877249366183
47.573394825258866,1.3219307740770465,750.5243481647631,1.283044117145397,47.578444248324494
44.977514242532585,1.3970726415917782,657.7117593157083,1.4887119343247464,18.216484577235168
58.87753222368513,1.3730293234917623,915.1429863422796,1.5293586641877754,18.16273154997122
58.72455348292788,1.367335074687149,799.9362161073321,1.4178911395710958,30.3068906951459
40.46527749953236,1.400719339233893,621.8276827436353,1.499948657858121,18.19559187682749
52.5924579569628,1.386989907839663,793.496501299185,1.54539201506517,18.264716487508725
89.69382658050039,1.2972760509930523,1008.3315382850092,1.5487375131214884,89.53629999356995
49.68323045564185,1.3792072127101778,972.2209511767649,1.4537263473529771,27.041125205823253
30.087821087414913,1.4669787850979132,589.730350078072,1.3902927388727082,11.302628600823049
40.92811484303349,1.4136316965229616,556.8526828356959,1.5051286361958718,11.824898133309594
43.50986393144706,1.3929052105413782,773.6723533628892,1.36039311384435,14.415808426379812
71.11528737106565,1.3552387707642972,599.9538257115587,1.445274110224795,24.3134453427192
95.6332689918154,1.296099777082523,996.169465160254,1.4663825316257149,79.47218460648148
64.73902474165426,1.3575573399470175,1678.6237749352229,1.416045120756575,24.373182958052748
116.70601098739196,1.328730756147725,1063.0178488869738,1.6140176294522235,33.04673128858025
58.97283560116255,1.3717062755869651,718.5923555827782,1.4940406225187324,20.549691445698635
67.9434957682379,1.3574260855720672,944.5820470650012,1.5074265078657405,31.265915398235553
34.43860660994943,1.4128636333770563,493.238294942051,1.4239145375471158,11.380247235082305
53.945861450698885,1.375880427984198,886.6377976169723,1.5249820343219145,23.2715700163618
36.51261387772899,1.3825256310300251,438.8573024195289,1.2959906116977116,18.439467504910215
54.0117726296722,1.359909810751938,503.2288510342539,1.4003817437429271,24.44677360374331
48.00936707503249,1.348428440134,1133.149158238762,1.3685962246827394,27.37196359552441
48.246827800759235,1.3723392063945634,494.3645798193071,1.3635641833539385,19.833566797410835
52.55637392700353,1.4206659331482392,489.90883606307,1.5886425733554803,19.83519917052469
92.66856236601956,1.3359793469665908,1201.9077063424916,1.6422583724656523,30.3737271812426
39.25884790796905,1.402460886517475,611.3282097114101,1.4823918743445232,12.077665018237935
166.05717364272735,1.3055604877713392,1657.325405849082,1.6698998089596888,50.5654272756
67.64543859297557,1.365868787323154,862.1524285243244,1.477639981095533,29.73320984831926
41.630830705609995,1.373733230011026,927.2270328323168,1.4679940774347886,26.103017744796325
47.82231119575994,1.3944259936886867,664.900788411707,1.4985569733257522,14.8085920621142
57.71843294868344,1.3694142455241798,1044.9836610345465,1.4573968659319438,20.699722007877185
59.04086590129729,1.3676653157630894,790.0443187054434,1.537629847871676,19.330331507423377
67.80437011833854,1.35472916938931,637.8839532578884,1.3839224609068812,38.00891978753307
62.60644989417362,1.345286038797116,608.2986743654488,1.390774421226296,25.93537626869658
44.03936429684536,1.3982705492934184,674.8481830150429,1.5311435200151664,18.322288503086423
53.726399841974974,1.379884000966631,804.7017141243786,1.5699864419992775,20.103378519600177
40.55119254441053,1.3870780883435587,481.509960132028,1.498939738046086,12.970122649804868
47.80239236208904,1.3982328651459697,479.0145558422886,1.585404415041133,18.486728788008687
25.989176374259305,1.435842096559338,543.4909386014679,1.2685689559438242,16.136303288966047
70.9688944708527,1.3604673231795623,725.918863588605,1.5040153568027137,20.928979339059698
34.12033975672466,1.4048843293575937,716.2898906831992,1.35240158992869,13.578540916495198
52.09214439339789,1.3722352747746729,881.4810007179669,1.283566108219382,23.07501050240055
39.7628879024468,1.3968290794824938,642.2891349539232,1.5218103546850728,13.759561046351411
33.0290029813686,1.42012810720456,656.4732039260749,1.3979968292103635,12.392671055169751
45.72092935611095,1.3852756483969613,1507.6280837849315,1.4479088731608163,11.334675650352734
49.779568373705494,1.392895715560415,463.12141283109446,1.5260848067946262,17.428616416030476
27.058171695502715,1.419864212472882,597.4979772719869,1.2686620104873323,19.779572145061728
35.12268351172417,1.39210590926668,795.025754839397,1.316830886274304,13.537780778463649
64.15124053562626,1.3638827066512138,952.5219504117886,1.5391144075811969,25.76556020787945
39.68765325966496,1.3933614328541089,602.1636792972474,1.4622103715136563,13.55868711419753
54.69673594121524,1.3044648998522992,958.485440239849,1.3579744045994515,56.82435889274691
41.01814490051672,1.433246030513913,713.5878425390833,1.5454430735566402,12.755047100051442
57.32146385946457,1.3774542071625753,881.4113485235918,1.495148698958971,23.884723583316458
46.29475276983886,1.3862396925486682,566.4642696676283,1.4697898374612666,17.063350123905376
42.8763441699327,1.373458828588508,1673.850317975892,1.4550512733267478,12.505978009259255
51.822320782345855,1.3622509949781976,762.5808876265364,1.3617324212860042,29.182425974151236
33.9608129743411,1.4042686313570023,421.3666205393312,1.3597661589750587,14.01315903903035
53.38153642167973,1.4107202890523929,880.642265117186,1.6628214340583682,15.910293270162134
68.13314516156201,1.368574804178751,966.1402927584674,1.5304639249269008,31.86275744895537
53.26072899094176,1.3971945160519723,669.9754474380816,1.5506930673805226,16.64077656525573
35.93723786309432,1.412845324374689,541.9195203593574,1.376905336610588,12.440602655606996
48.377054658648085,1.3795232415446936,566.5148914285534,1.4601133311422028,23.81235274336837
42.227734299089185,1.3406927944515303,1163.8261038428193,1.2817626832754103,46.28729083994709
65.44893825963008,1.3667806793425377,869.8296833249954,1.608671697086696,25.2737925760582
35.40778342903397,1.413417349417171,596.1614514176421,1.4547894958170633,18.323593374914264
40.77194146521317,1.379630672985137,1178.9115624644407,1.3420088427172598,15.368027584876543
71.77246368769839,1.372245215402318,567.3711657855683,1.3545249600172122,27.24330840091917
36.29601947386345,1.4206687611253694,844.0603618888648,1.3990752558137003,13.976767082475996
43.840727121145264,1.3754128648912356,619.0162055734127,1.3085281219565377,20.54379243827161
36.13482155733091,1.4025945465975689,620.9552465740592,1.4653708241749814,13.722126414609052
49.066229746006016,1.382802399139223,860.7588562785683,1.506845799082147,18.13008222415124
50.691339960017885,1.3479569664798716,796.6924619725851,1.3742372381342147,31.573464023905217
40.623705888847624,1.3983322343200977,634.7150789898947,1.39378925307461,15.79822833994709
57.27900641666616,1.3795927331039983,668.4060698373064,1.3831477886667176,14.516724128695463
33.56920572509537,1.4373540905845483,506.7936037441523,1.4085991084442593,11.367553931970166
37.151162247560386,1.408057432426608,608.1195390449351,1.4194610168961026,11.125451650406378
34.283225767078214,1.4096635628220353,413.13091159878894,1.32519516572372,13.161708247599451
32.7493382496794,1.375692676957651,784.7132030794199,1.347575174190095,18.676731142397216
57.72962283500857,1.3637244055024051,678.8701508252335,1.4092692588450495,24.185636775012856
29.85057346888222,1.3960922776703462,371.3763800472738,1.2939172688817115,12.191223364791073
55.38258038755682,1.3854382115324997,877.7128903193152,1.5142123711895137,17.967682712494316
62.733674634909065,1.3861356422927702,597.7150957034004,1.5007192810785135,21.742568118248457
32.0363516900352,1.3813837402815714,883.3684516264258,1.3651682286794613,19.609386574074072
28.906927265452012,1.3934845671044505,248.6609245459535,1.2667178134403294,20.422596289866256
70.88085148988625,1.358967205801452,388.4058036563081,1.3332565361865942,24.541728817033174
56.565888938217334,1.368869094537653,494.1089555635443,1.3820502490058022,20.46135300925926
66.21519043106574,1.3773926217369232,941.0588541969788,1.5046149639468114,22.17863096663474
38.49950897164697,1.4271375086966829,561.7940284146305,1.4988311243478345,12.529150627221524
29.565012539154324,1.4130533447181188,419.44159335380095,1.3594489571255322,13.245378970550412
37.363995489383946,1.3997297532609412,320.9905088388466,1.4319012598346632,12.262443897890948
70.79860348694953,1.3867234526632932,592.0532748263477,1.5231563714362142,23.116217367541154
35.20861878933233,1.4010748632364067,461.8383301714299,1.2907491391681427,13.601270868406289
39.691630789378166,1.389545393962715,584.7025738063924,1.5066822126486488,15.345692836934155
64.41031636591364,1.3712850573288002,950.0028295072408,1.4735448598281309,31.867287326135
40.059146470045896,1.4268968012861176,571.1153390843285,1.4812428058998357,15.863629023368608
47.10345140267515,1.3886131330896383,587.9010561712016,1.4262036361368682,17.064465181327158
125.50857893342518,1.3018731276316693,1269.6431032699709,1.4566771471648223,80.18714211693151
48.97074031455406,1.3998433182622996,667.267937196959,1.5180388460471197,16.775202821869488
28.80997395475439,1.4170742078749805,272.9372347941824,1.3333659117343524,16.285818076599327
57.74739984025995,1.375090594989346,846.8714183199149,1.5658995963498508,20.858451469782953
40.93952353044567,1.3980447712831865,547.1288520487625,1.4023056614291356,13.630758101851852
29.18818476134336,1.3842106529927332,344.6152200526178,1.2592348219869327,12.532006035052913
57.55486685521351,1.380959140781362,613.8147229510583,1.4752426117752138,19.54302868716931
35.356832445913845,1.3853651934600062,834.751785684698,1.29852573951739,16.21245707947531
55.63813275934913,1.3644964041009526,573.7314657446199,1.462793307726024,26.02954416928775
26.7958410213444,1.409530946548547,230.73907674644497,1.298591379698415,21.855896079818244
78.33803482981044,1.3590555512006348,944.5138800553729,1.506876762040112,36.427879250720274
30.17599659225916,1.4160653261818497,527.3094314436715,1.3192468591812403,11.4803465470679
40.047029131224576,1.4081718461783022,665.772524319753,1.5145931529798358,14.04240043328585
77.41805376825863,1.356189818840152,1633.889935258893,1.5723276571135594,23.767150935963343
52.101315297928934,1.3800333456665472,585.23461822672,1.3924795510695542,20.948397712331307
36.933217953611496,1.4151363639891554,535.0483060107933,1.4803547916021476,13.495143711419752
69.55102744934388,1.3474487282433716,841.8278798107136,1.4879847730423177,45.61416637312131
63.40648289853914,1.2994868486576077,508.8374166236979,1.4021632236172956,69.65865776909723
56.77335235716752,1.3808957852479784,936.1120337756468,1.557534351161587,16.40589999142661
28.72260197671096,1.3911892590490709,435.0414738310485,1.3516959616530062,19.176591669346184
39.87799222787909,1.4163010703601813,591.4301498422316,1.4953826729818136,12.577300744371822
31.74100172848256,1.4147896769623658,509.56941004266434,1.386201000788856,16.136434381430043
24.81104295764539,1.410548619683203,308.37298578655356,1.2072049139298882,19.208013599537036
57.42568993199641,1.3783113080712517,1010.4153832687964,1.5632774525238615,17.2866291511355
106.53324370043644,1.3244356162182218,1114.2803952526458,1.5472953582298357,46.64596436149019
59.13197346229689,1.3879154460073797,863.9416261903011,1.4837142273239066,20.86551383523863
34.22046856854937,1.421527603464083,597.0772871475833,1.36399760594672,13.159604431905866
26.274784081710685,1.4018742264629145,395.2053295943383,1.3859741624756636,14.417376253858029
38.65382289401731,1.3533796285067743,495.3476326991182,1.3638943755598985,33.23778183364988
49.23617040798819,1.3782764336006748,731.7514312119299,1.5383811552852298,24.429555703068267
42.75804823785708,1.3674337014665403,497.1998435551362,1.335959569366697,22.999587191358028
53.70738691004749,1.3623923574976429,1012.7840810622466,1.3963272343117576,38.0007944023569
30.559446234292455,1.3702297854940813,708.6317941943189,1.3715888895064496,23.609293016975307
46.36839505674762,1.4025142127105916,1454.8602410133751,1.5713503675960423,14.506299832818929
44.083384687592336,1.4047924126887572,522.9461230287735,1.5599373322843817,16.238565645530695
27.75039708537459,1.3751173419942966,553.3361792683115,1.329278621405521,28.248873059640527
38.01384070081682,1.3950074757220197,441.5824831947606,1.4219540517339575,12.177074652777776
32.06574697918706,1.4065932701608714,474.4482240627085,1.4094425071240455,11.958277927812071
55.310665543691194,1.3594295188040986,403.68233824561514,1.3875306344732703,31.012867752425045
39.75449413919356,1.4332338680730057,1196.108889493319,1.4600928841824836,18.166382412918875
22.355266892145018,1.3676101808008485,286.5883807551201,1.2455996745015905,23.59967179232805
35.725165667373375,1.4035411115015215,402.1043301284106,1.4383081394739263,13.523462319958847
32.63830296332735,1.4149469988725532,426.8264408033634,1.374795961114437,11.772079153806583
47.687775407591815,1.378891270210366,1468.2938481682302,1.5429176398607756,18.5032120466821
28.698467038425655,1.4122692122584015,516.0228196263432,1.38872190997665,17.161036603009258
50.56881372137722,1.3915344749909015,719.6735617982523,1.581147028156742,19.2257500073152
37.62481235179398,1.399175732595329,1112.3098290298594,1.4627831141397298,14.75513470936214
84.66987116269527,1.34562557178742,1208.0028458808265,1.573125582188216,28.877089354226317
36.69121632057866,1.4126152806423196,890.0353765245,1.4627530630434813,12.025443005104462
29.899734855358773,1.3746883606344624,508.7188295574667,1.2324625072005644,31.723020190329223
49.563219849324696,1.3750652169116515,873.6761742683238,1.581069519038622,19.298880975088423
65.90484780056018,1.3656904229904514,770.9228079684204,1.5541977969731458,25.88751713933676
33.6943565513951,1.4310038467549613,448.0700854162655,1.4016442256596624,14.971953273385564
16.321135145141177,1.404357006703009,412.63722003596087,1.3172433112388484,12.500577980324074
73.96888864321089,1.3471834823177729,1230.291121218563,1.574997869368084,21.64300132680431
37.70849074194305,1.4807807762061695,1120.1350608189166,1.4902256853021432,13.726991705246911
35.282235127540616,1.394192506986399,373.2957458185536,1.4118867608272512,17.06437122584541
43.258985777277005,1.39455548961085,429.18195101508775,1.5778959874758622,12.951069851680383
28.770862979706003,1.3600622795992692,695.8070250376171,1.2962929442138105,23.456232746056244
69.81236004903761,1.3851589439248853,814.9514325512187,1.5537914322028836,19.533585020734964
37.3926386154215,1.401376212746305,1031.2781356139576,1.397022501131791,19.803856577932105
23.717075921699873,1.435281049397196,331.104343374519,1.2478431661589446,12.891895576131688
23.19382677960603,1.4072846379839297,260.12149910574914,1.4599602063478292,14.206713766718108
97.66816102170488,1.3392835969601278,927.8354484276186,1.5705805431764557,33.632746544796824
39.35209103109446,1.404999133926828,1127.9047372773066,1.4750498252027129,17.358044945987654
22.636787365305914,1.392390243248527,286.30058798102294,1.3388198069353656,15.859051649305556
52.80173510097016,1.336187115064753,665.484229687664,1.4561806931674552,50.168348379629634
46.46532271139028,1.396689064862165,1183.6941597336777,1.611022906971763,15.453511766975309
27.062321116676863,1.399440111544038,222.92482247994957,1.153907546416865,18.877449707892417
36.02549360061084,1.3542385629148967,886.1523509534397,1.4251164687068254,29.58158420138888
25.0888788025369,1.3934586048846802,330.32686247274916,1.2434882456067111,13.329139178240744
51.24409545316699,1.4102872212854225,1654.187946462648,1.5772321209691216,14.228768144772378
75.25438566023638,1.3484978198788042,865.9857603307894,1.4978215736387168,31.358806436618913
44.81055959162034,1.4050622359444518,1193.2257338334964,1.5617764320269756,14.273789123113266
29.52371950946502,1.3669661843949097,629.9046718732516,1.302532854883004,38.650491415895054
27.465396802661314,1.4125289762146218,403.831677619116,1.3393779121987035,14.177939401455026
50.215937462712176,1.3759182774313017,548.9806044779974,1.5668102416869745,19.603143609295568
33.130394988549526,1.4002594119772165,366.0180157629094,1.3545782973098854,16.1493703258547
32.677390628476935,1.413269201393748,542.3653173319708,1.3992557385761184,14.428360408399472
34.819568177255654,1.455868103302223,313.4661972214531,1.3563278656803055,16.211118138227516
30.646728290920063,1.3968787098173847,473.91311820284096,1.3864635631265765,12.79819235468107
31.84887201759921,1.4232061130609284,564.6366387204273,1.3635100322343543,14.22078583140432
40.95493266897799,1.4271719594349996,442.7855185085312,1.5416491355388953,12.80091410921302
28.063663812649928,1.3997854769191147,355.83841130318206,1.3779910225905958,14.531032710537916
57.81844373474093,1.386154557507641,1239.5878520313267,1.4865766565313792,18.17575417238226
92.91623142345244,1.341123498939303,864.1733575978064,1.6034372050875352,26.547533109997236
49.05411727978029,1.3894382272818082,792.4500678178624,1.6391054133113898,12.781892981150792
35.70741343931963,1.4089515890264157,488.8057243206755,1.2768594157515818,17.989220143175583
32.66038898744348,1.4033003932474672,349.791882333312,1.2695431209246957,11.667125409915124
58.037545363086,1.3605318975320126,966.3549783088408,1.4858399056904703,26.06888476770697
68.7154727096706,1.3454891170142684,793.0905698435456,1.3679407153233505,37.980418515303505
25.835703659279822,1.400120108602752,280.292788539503,1.2992147485248495,16.17065200617284
41.68928861992604,1.369790078196839,524.2314475808996,1.4111750313699682,19.325166104736983
38.91330224784744,1.3956703829812998,492.70304394796665,1.3769085073206946,19.981584900163767
36.94777335271189,1.40760397386532,1195.4657272810953,1.461673852441525,12.963851594650208
41.94841838094968,1.4186282613384558,435.908905453042,1.544761286494497,15.010286717454395
36.952480787761615,1.4095397047945732,340.3245568366299,1.4189278926472413,13.0927379574515
33.44883409859151,1.4114962615692586,488.0649229667888,1.4454951885995575,13.290145679012346
27.735774444468316,1.420368192023855,402.2771893218858,1.3030965703302668,12.46130745701058
52.727834054607776,1.3716442413621106,524.9311761488161,1.4918983216654325,23.27991694975572
28.550290857286765,1.358068465191276,307.883479526083,1.2698854871031195,32.36599740365365
44.329299620387296,1.3599731605176877,597.093879816001,1.4110555904163176,32.201286717751934
80.21593481070789,1.3496323738964329,863.8441400792501,1.5635989445016478,26.143128184964542
32.21658768054011,1.4197507101278208,365.61557013444224,1.401732284999758,12.64959129050926
44.37225894491388,1.3743233342710863,423.8260665959946,1.4488599936032451,19.548495704890673
22.910114916107062,1.425659760083599,351.4358952427938,1.19780581752318,17.386871555335098
31.516050976428343,1.3683978391750382,622.3719995218416,1.3233072962781085,29.473377478038937
32.23141804468938,1.41016132240094,377.7875110923708,1.3817114835289106,12.174760802469136
36.5283244288923,1.3599483439955442,556.3484553736057,1.337226360811366,27.537404720379996
36.84979117681464,1.3805442121738198,472.5937015871111,1.4296997208601,14.738840422453704
23.749935348115343,1.4130673316087945,260.5524085818135,1.1650984939169933,16.428823141718105
42.51009037139536,1.4034595906765004,356.265154676141,1.5724071432197733,13.209110556840526
31.05767177453736,1.4204325144982513,240.0897685003253,1.043704225577008,20.071007908950616
60.88260041175833,1.3842998684327696,998.8398184633484,1.5699613038334277,15.867856513357692
52.0436735427078,1.389042929766379,908.1205141056134,1.5370735099613264,15.33335331238766
40.46177320210831,1.436267760092389,583.7091128916773,1.5265469524637454,15.36097285527751
22.304262476748917,1.4202239041972695,319.8787055551018,1.3453180390399513,14.971368371212122
73.95227104407655,1.36488724874779,1143.9824511751149,1.557963794856009,23.71418698157793
78.8183984471983,1.3509762645883865,1138.5628860641634,1.5617873627634875,25.50914855488931
32.04886606420122,1.3645532856657587,703.9163310360562,1.2635260231528245,27.216032547699218
73.73479734324776,1.3727407776842175,888.6450419519225,1.5629861516646282,24.86332156190355
38.69793533883883,1.3823728341314625,474.69022045037775,1.4502725832392882,17.953726420902285
19.632490071980857,1.3363150381804354,459.2751326650261,1.040014549595515,22.226579378858023
34.67886772164618,1.449488646604852,401.2114245767176,1.3847091207487476,16.815426633230455
32.00565760995283,1.3876329537279422,303.2048743196818,1.394698091174263,18.925689831588837
35.79536760134671,1.4106467529525346,416.2618452931206,1.4257665271959683,13.526397132549556
47.0951690499633,1.332344403039405,816.9695729942196,1.2539613089213506,50.9026920010288
47.80634113317784,1.3892643236594917,578.2804502241997,1.5323716357019403,19.46937874888528
35.52553704685549,1.4074500029203314,360.2619425992171,1.4248051237109862,12.985918209876544
75.68570128130321,1.3514409371069809,1162.5746768161916,1.5644718974930745,23.153520710578004
39.04609770933897,1.392150325062667,491.777840104978,1.356232309360618,17.738801504629627
73.49934350874699,1.3684512710765406,839.4302106461607,1.5604408123749356,25.487967599920506
57.2528466845149,1.364312501261849,900.6086082335568,1.4750057466229036,32.79046614144921
46.88291299247968,1.367086851910465,588.430656265108,1.4721897959506656,20.289675740094744
30.95712518190419,1.3900371698459626,470.53076865942063,1.361539976034616,18.318254071593916
19.317316338828647,1.4225711734601674,311.6905581252175,1.3254346590438395,12.568757716049385
86.0017790597527,1.3583021670256403,1090.1262955570958,1.5840567793898177,24.947456034593625
17.677585566975623,1.4082285311958396,193.8828813483055,1.0570894476248385,14.82415686085391
34.122959322976946,1.4064494544666923,396.71192059841735,1.4415446954669775,15.864346178286128
23.536230621854536,1.3873490026549584,307.1223167995898,1.14222087521878,20.321580317982452
59.158893372365206,1.369672096101794,387.7251067393259,1.43962620231976,19.284724392361113
62.63503014847142,1.397895042008851,695.4885042444204,1.463355350112785,37.71498723538819
38.192134299097525,1.4221457446147758,396.6411295664512,1.4796194456682603,12.32165543705908
18.035345802863475,1.3855995920713629,256.1852560503798,1.107383452162397,28.236955667789
32.54870221066885,1.4196575340468756,457.9211093778922,1.3742755844898562,12.15405409501764
41.407722475651575,1.3861529322285635,383.9943623184014,1.3540299075255116,18.012767168209876
24.85418095511673,1.4383087396773702,277.24871624717605,1.4506714311754223,11.808310345936214
58.37927572155149,1.432089771198328,411.1657524780098,1.4957232959980418,17.645403251262625
85.94671723789253,1.3617818315434682,1083.24296331363,1.6387773421560998,29.499192654749656
42.69420023658475,1.421811668212363,389.3071870291409,1.5917084940013568,11.117264405792804
35.44649996784158,1.4199034169991551,393.3553093468192,1.427564529749556,18.109690987060777
27.521099044673125,1.3997803823264656,374.598178559299,1.315259103359973,14.787446469907408
43.74893568567833,1.4096236835567952,691.7890311718959,1.587169720077596,10.803473625140292
28.072671285269905,1.4024832021253697,331.5684151759845,1.3845740205092008,15.999801633230453
38.37414702755747,1.390325324295434,361.4478221856957,1.4331266246611014,20.6861544933084
38.913717367177135,1.4029604503256414,641.9634981428186,1.4822280842240971,14.564038325094044
18.01378339968961,1.3806110675082874,587.99802356845,1.1154084046583037,31.905450286596125
45.05546964874103,1.3806354954996964,471.3522293701619,1.4462060686002909,20.38254731293794
25.16671736616012,1.36771998337074,231.2568823769039,1.1911678284665537,27.9755887345679
33.948556305767184,1.4357220889365754,261.36911595228656,1.402742800417939,12.460152732389252
75.31372829478552,1.325605229748577,450.436327104715,1.42601133362117,66.61670741705247
33.79534286152526,1.3767986265680616,673.4456233816458,1.352695240787961,19.07534956459435
110.01054695064587,1.3108786312747274,856.8676126873354,1.5185242576423816,43.09961990069779
30.18831243832628,1.4185021859692568,297.9608292560643,1.3452792643374232,13.31748043430335
77.71998524736424,1.3154849687751446,556.8292758464495,1.5118664822775172,57.710651708734886
43.75261678935802,1.408454435250912,694.8519523318504,1.577896257765341,11.073356481481484
40.808930558996,1.40319862786892,447.1623519180286,1.5476373717653589,14.43894708076132
33.32441445315955,1.3627897091772183,1110.409009711172,1.2955447460743394,24.484441336591217
27.372600211683732,1.431804847241857,333.3333333333333,1.3557307932315672,11.406667148919752
47.73273355852661,1.3446206399932632,585.0609718339354,1.3142318506525963,28.023758542768956
74.09989473255108,1.3319487482802597,571.0890057480315,1.4120658971520614,68.43318664801956
30.052614013811603,1.4092140599122336,394.2687146747476,1.3598533229879457,12.224050925925928
33.64862488339523,1.370899804966538,405.0749653485263,1.4553528642783893,20.457990483804483
42.49219047492847,1.37728383473888,361.64110916428154,1.3737255456274546,18.492737531565655
41.138849080198014,1.428147402113307,656.868813625634,1.4937763845482126,16.10295964077503
55.01899045398325,1.3856495435187846,1396.7517038205715,1.53386585118,16.250029792524003
44.91094893510264,1.39257530777467,669.4570746662545,1.6041633086877525,15.237890969466488
35.713414794933534,1.4143184856728588,243.64096696791577,1.4495096899100532,18.443173118141292
33.84461183096491,1.4222481312233453,412.824959577485,1.421568209651587,12.701380529835392
38.32878115229617,1.3686137773949587,571.0862744380956,1.321772670164027,31.33687823393246
59.73850952017074,1.3811428347276773,834.4406271195444,1.4859131556206269,23.335694282970337
29.021248541029404,1.4022944224081082,275.9026818189469,1.2579018867685894,17.14159384645062
35.41989663386688,1.3876071459056785,1094.0244183791829,1.4443557184432894,11.44625
66.96308077661351,1.3673932344540178,595.8505248541098,1.4926072517178872,31.868203557364833
115.80121162914696,1.3372539747672276,545.0754834402462,1.537539327202736,36.803528990299824
38.4133573593068,1.410569327438286,465.9539121262716,1.4806098386917377,15.761955084631596
33.04143910835609,1.3721817795966935,605.6590733116267,1.344051261563426,25.628858145254632
51.25778118899225,1.3755395721074228,310.76445369728214,1.3388841899647148,22.879824752354686
50.323704232905456,1.3825730764734043,1407.745512754815,1.511572687348766,21.85212348090278
40.96733760780364,1.394609253747425,1161.065368938161,1.4799140737675285,13.537224840167548
45.52892141853206,1.4112403400210396,436.889988674919,1.519119227371204,18.52925897220141
36.25483432086345,1.4128519458649738,311.4413675148321,1.3598287900752866,18.61801161694102
44.381285395590744,1.3345183793262738,349.6727936120934,1.2228258149040492,33.99071829405163
57.68099748776204,1.3815191637639963,309.81355691669177,1.5583427095212683,20.609323037229935
35.99819628221749,1.3829154983994871,1085.7050276200014,1.4099384461764473,19.77911740846426
33.43495553885292,1.3794738248510898,561.035305596117,1.329524987457552,22.032402584876543
16.31651961773786,1.4495783097368435,206.40545802823863,1.2500901818704464,11.516814511684302
33.745251386231956,1.4074240446426591,410.9511417556234,1.4385828471090512,18.034530553412207
157.6436888039708,1.3070477147647006,842.2324766691927,1.6411783122156058,57.30983615451389
34.18091434749303,1.426599294373159,356.4257094193226,1.419343638598918,16.755092038911034
34.53206510149716,1.4231996549638246,280.8983671415576,1.2494208579335953,11.912440361368311
31.984590125558377,1.403442852497425,333.81402037400443,1.3341593077229132,21.182143577872747
35.28990317315542,1.415472854491552,261.0417002933267,1.3199270807376446,15.306067001028806
53.0601172933495,1.3825486954032626,971.1038392208854,1.5457654734614898,21.24703516830633
25.457318122618208,1.4482814744583203,296.21400051058464,1.3928173976774434,14.444160879629628
29.4032538344852,1.4277067650024284,518.8188788556672,1.235664846817405,13.2307243441358
23.151752242620965,1.410610121602346,226.8664481025855,1.4188551458442125,12.435436476139602
33.72173756177948,1.3482474678110794,240.5411116305237,1.1848673777774608,35.26227835648148
56.45045206021477,1.3630556665877582,420.6949241844705,1.374699836310765,24.5023379491843
34.29701096489494,1.4247681240688643,560.9009203969449,1.427747776533299,15.409222929526749
61.35104531222315,1.3736272253861057,575.3958118900844,1.499054060349755,20.03871803621885
49.23729671031704,1.375930911397403,846.8664357909804,1.526991026737497,21.902895690376894
37.773381553024464,1.4166991519753152,380.00754874653063,1.443704382321803,16.09936935074956
37.34978236849876,1.3814522223554753,1144.3080543103638,1.4372510954275288,17.34218223832727
45.187412184960024,1.3589686126728326,470.1642341339089,1.414312637812795,26.07483478009259
53.048809928627534,1.396582863714535,1011.4038242409582,1.5464264197186668,18.60338268464791
32.68265524803729,1.3669113982554153,518.1117306800201,1.2835575470369671,25.278849492521367
29.306103894400053,1.4339190644492168,603.0360960593404,1.3098298460657916,14.48527215149177
40.11570200419843,1.4433082960367645,387.616297412234,1.406455794376919,14.619646852954146
33.23075373743668,1.4690076282830673,324.68070730544986,1.269661096522634,14.10581368152006
18.00290891266691,1.4252114475702446,186.4136935489092,1.2136699855043749,15.67127786351166
124.97267017315563,1.312058426616569,853.3237319973812,1.5964216513144749,59.89456034593621
39.22889618546743,1.4174842111087709,513.667579409018,1.4923753440401162,14.21970389660494
28.489213593305458,1.4424443428094065,270.7546942579727,1.3570241258878664,14.859193137002745
42.93379120914287,1.3865490741083997,793.4915762890632,1.49559321328504,18.15122563014403
29.745176119898,1.4065896726909792,264.16752797941643,1.3881940951611136,19.90427938528807
37.52898061557107,1.3962981409578008,540.28737933569,1.464087332888584,17.342725801611795
33.73597802626633,1.432626811077519,445.7858697525895,1.479071512505038,13.172683899176954
32.24674667308923,1.338087449752722,209.59148914661623,1.3120879064943702,25.47515367798354
53.898463830315414,1.399430790531275,577.898430042668,1.5455187423274603,16.579629822530865
35.08679244134383,1.405999087295143,353.1555961786622,1.4124282792213767,12.732753665123456
35.35257815155611,1.421578839227082,469.41192302975577,1.4301726501031642,16.904189079952967
27.619166152948637,1.4224716410775795,433.54425028194186,1.3456810684455884,19.26288660622428
29.172529294765766,1.4077305156720636,370.3771479485646,1.3317333726058451,20.867508921682106
38.00566622119833,1.395403138650769,373.10442446664905,1.4870166175972743,15.19441130203908
49.90270278637557,1.361275534905145,612.0985061799358,1.389308149060495,37.356736372684
28.726963738844177,1.4437776023780258,333.4723857114508,1.3212182979114977,18.312372685185185
31.415918479233017,1.4211003542371294,404.8658331412446,1.3503346830081524,11.744745584705075
31.17179905641991,1.423777844848432,262.5850619671736,1.3205230133257169,15.866851460688306
38.79322038864015,1.3871987031100217,391.06332967836016,1.395899851034633,18.921364669067216
37.93216468918336,1.3826145405311745,245.59145258496085,1.3311988332198037,18.89212774883415
33.34245510779392,1.413176692527224,414.6535935145705,1.3902082995511331,13.086289705504116
39.91881526822614,1.40125339378521,537.4587588337638,1.452850779375358,16.155476466049382
31.546866599093335,1.406718880048014,491.87662252641263,1.3686018269773996,12.625492449294532
33.08569319737203,1.4022708621905384,390.05786224718304,1.4177365587437103,15.71457380174292
38.39651344147158,1.4328362001985129,386.33647377463944,1.5224423661321669,12.04180039298604
56.194197877522384,1.3853524865122568,699.5475296629656,1.5755600500702716,14.295318137002742
33.23877063991833,1.3881328645230666,549.185402466889,1.328150297190421,20.7730156676816
36.993752482162854,1.378418619489969,344.4008169403346,1.387585756859001,21.942661382401628
47.463921943080194,1.3939513875846743,851.2779935798014,1.572390372290014,17.658412137347636
31.502057986859583,1.4000634561816907,781.8965884492557,1.3732587574488675,12.526091499485595
49.953490146121865,1.3809909284852122,481.3891126464015,1.36056643389844,22.7660362654321
23.419162696726865,1.3745246527155088,565.461770576197,1.2450288473354818,19.289460744598767
65.77344604046498,1.3564281026295053,642.9302182431295,1.4879915153817314,36.77497555081656
35.53186584251946,1.4286301171221143,456.6305393800104,1.4580567103504127,13.520254736796982
71.01392984958039,1.3749012641783291,607.0341377907976,1.5056735555086702,25.81411042853751
37.549132742705105,1.4313599829599637,498.548235766581,1.467064840409428,14.342663298314342
35.06107204589338,1.4003892914549965,268.5703946068585,1.460135834680144,12.547860023849609
29.585740046848343,1.4284485353956995,425.0581868057072,1.370974797243438,15.435072230795608
33.32948126033685,1.4110611407452225,366.8464811836602,1.404694893951166,12.613942244232543
63.29810567504709,1.3729335829830396,784.1473225597139,1.5137456946780252,21.26551347897361
49.01585310064186,1.4011141303617751,390.3741540867474,1.4586886589652344,20.575991073933785
35.52934424512102,1.38240095777237,236.93950355929732,1.4852149056450703,18.034163773148148
27.239481148563577,1.4148808358570106,235.49081597203485,1.3724241232981296,11.695339368386245
44.53256777197162,1.4206441151812037,548.9707385465788,1.5112815579621346,15.668346748737372
60.897594346462064,1.3711981845719028,613.5767513775002,1.5517455765339123,23.04045564683077
25.1896475063768,1.420664219328937,249.3306874920691,1.3442963458760788,13.197139564043212
26.22591539457735,1.4013338458535265,279.14561806241846,1.4008421984103134,13.681708278218697
64.9143355723538,1.359417542100326,802.1768635197719,1.4914531040221963,20.783692241410396
39.3672666757434,1.4406561142670629,497.99416997949936,1.4117310974263269,13.374302983539092
35.774087689511965,1.3802437669419476,507.7491801790543,1.3627689535089669,28.31363356267147
34.72292599362582,1.4725503221170448,415.1141423071786,1.4481755549802924,14.624662836199295
38.290691043132334,1.4119597079193154,453.4681072170218,1.5014951999001045,14.414571897045857
41.62470711669989,1.3895370371542293,377.1338376049635,1.4449579845039016,13.967459215167548
26.18531702066474,1.361512019640703,313.27400272040256,1.381669554683712,30.363511887538586
51.63894537687,1.373628170917284,416.4879049661589,1.4740332095304147,17.708683931327162
27.902392330446705,1.4158603329227104,199.2569587999888,1.2854252598934663,12.680587223508228
38.798766151990954,1.373115329380943,280.12336167697754,1.2024524447589051,29.898793885030862
35.344736330956394,1.392834634363815,217.4730965552328,1.3728222700621835,17.54674093364197
57.163490959490794,1.3737464631076963,456.0177175421366,1.534546784371429,19.326872795414463
22.053489399557417,1.444830515372183,266.071089361662,1.2817767233589406,13.235106417181068
35.55095321790387,1.4257827005381818,429.1500015142428,1.4385707046247642,13.17402416087963
33.33431433585233,1.413211733323665,418.46633213905966,1.437737423822515,17.651326634399553
47.030607559697906,1.373288590639479,446.45987527307386,1.4540158702811654,15.887640817901236
20.39080586876412,1.4481560094119637,342.08309525194403,1.3162316647704189,13.21440747170782
35.293115157458864,1.403529401410245,490.9361563015786,1.3720850212277087,20.42393893604252
44.513648043044526,1.3954752415557805,594.8958515198427,1.5103931554481898,16.003259734038203
40.78609479666756,1.4103375570124976,335.0645908942,1.5331045195910105,12.715064019097222
44.44098142367142,1.3794115901163495,375.79749907086256,1.2406828879515177,17.14701445151749
24.87293452252594,1.4568973353223735,164.15757264511615,1.1002353808552563,11.702098015260631
37.436723810830145,1.4226992232907607,244.55508945838872,1.3938850237771112,16.48210551697531
38.11887209497934,1.4068200869862069,402.43576920495855,1.4104994230885508,12.353712246472664
34.78613527322643,1.4192580116060889,414.8889332636913,1.4542897998934334,14.89791325379867
42.3611504047204,1.389450957264132,460.9868775438787,1.418352052051003,19.66810558127572
34.35848006189776,1.3834619706014368,325.87128314575625,1.3760391020833895,19.53517819251543
54.11019748893288,1.3637260821867057,407.5533305790715,1.4353804011918243,21.015105014087816
36.75055226905221,1.4063064272161558,433.8162497141278,1.4377526923555382,13.205092110339509
33.8346860902321,1.427714282556283,448.6863292306301,1.405266884113814,11.937173646177223
91.75738993307536,1.337389053536966,796.23360401796,1.618016572245931,37.06654590771424
41.95548725893897,1.4036512683216202,885.999484415121,1.532081781640941,14.659335686728395
34.84111726635175,1.4215739266101477,469.0355937288493,1.431060173459162,10.483415729717814
20.092707680879062,1.4218097092109805,205.31127516890888,1.33251185866852,14.415743152006174
71.4921867553204,1.3706753366149385,938.8037452942328,1.5280099577804498,21.697373452605657
38.1065240985068,1.4177919461458344,450.52783220673336,1.398138594326226,20.195154934764307
34.466271221264506,1.417051445220539,549.9651937822788,1.4009969024983426,16.501640777993675
17.714283609129943,1.3949728047637795,378.500485282588,1.1086210956810418,18.755493934327845
106.84969735449822,1.3098905904517084,933.3333333333334,1.522224052409639,49.68631172839506
33.83688922056671,1.409939083169339,390.59811491292993,1.403259148803869,10.8775994819224
64.77798800127361,1.3717165644814069,668.9466454881227,1.4589026842908528,26.71307236552028
34.261642560234684,1.3839608412515447,388.7241444336306,1.3346795064950792,18.84199086934156
54.9443469084251,1.3841141487843618,958.0191617583188,1.588169672369071,23.35655257314725
35.1112541304371,1.355371306677002,322.56576856720557,1.2826198843005574,24.983200767318245
115.5081376481698,1.3076351802381774,1034.4648694872124,1.4629120260053232,45.2806132651749
40.77256707153675,1.4249262762082968,876.8436533647797,1.536125153342795,11.423947649572652
43.90949578410429,1.390822105688747,398.6659811872185,1.4665319338089946,15.80453329248366
30.769801350704515,1.3930224059298135,500.5895077278591,1.2930220089760065,18.60733079805996
31.729464083582943,1.402284015450024,318.5594044222167,1.353744175560538,24.52755580357143
40.71734472167341,1.3988183231551712,1027.7334412159184,1.44264327890093,14.721755401234567
44.81444136152279,1.3851725257591312,310.0663738879665,1.3278894303106303,24.286933834876542
26.165835933299928,1.405640317511317,265.77552112171105,1.3327613456191132,14.659459555041153
65.18357323640673,1.365422477200729,643.0556392784555,1.4915381894561073,23.928527075334987
66.06421621120795,1.3635469293507394,520.2881678010349,1.3100108980311878,23.59223104299397
50.08769211707597,1.3961796424772417,860.640195801899,1.524156291520863,18.22626795011476
94.50235867813272,1.3285896386159557,817.2088580905554,1.6111012897839918,39.539953930646334
76.8851483681452,1.36039579938825,951.7257303390476,1.5667767680501457,23.632047114463603
26.52096201720712,1.4108846304342288,277.16695663572636,1.3333260218114913,14.820750248015871
43.85696813356133,1.4373708530747766,491.176502902955,1.4844898146340937,15.808681118184154
60.31604852445842,1.3631965550335912,1013.3934218208266,1.4791043140629403,38.827573692016514
18.42667976106204,1.395990191703098,269.7663389341272,1.2653714062157273,17.7279704378858
33.17272439027727,1.3769462667026815,428.5537752419221,1.374387455142426,19.16582004458162
33.42730116216207,1.469975976961808,458.18191820746506,1.4301216807312327,14.126701147762349
100.8666040150452,1.330253739619605,1631.0843580824082,1.5982318953341863,30.277395037264533
65.99080096649276,1.3488267032595291,384.56827194975887,1.2928015496729008,42.33243848358432
38.17493882829022,1.4328583964691433,375.27783048240593,1.410580941863158,19.317074059235516
48.83332220433051,1.3942025784152534,683.5054788994765,1.6400087145731286,19.14242981362773
33.441364557155154,1.4017511492431056,268.19146677720994,1.4255424406516304,16.56643084490741
49.976548365190666,1.384201491902327,753.9180215987474,1.510001429449191,22.36535744613086
39.79261457412205,1.4824584030433434,452.37833467471927,1.5071195333030902,13.40298252865961
23.248922363443423,1.3831343147265651,452.04144323528527,1.1350334422169803,22.3129877186214
25.71033217248879,1.439016346898131,325.79049614225806,1.2141936711752863,11.349452298280424
35.204373650160605,1.416133179036772,611.5596048994955,1.3581313321048882,21.73736545138889
62.2423889030484,1.298903593003386,548.0102169636849,1.367823870084182,98.000206404321
37.794937401141105,1.3839534918174925,1094.3395432430257,1.447059700776736,15.790936122134038
24.43281878081973,1.4262440901689866,301.931384788202,1.2798019222726815,14.4921390993266
32.60143380919819,1.4127466412005891,567.7342482011599,1.3789997957264286,18.64536063345091
62.29473046522789,1.3520117794993265,1657.9176631391358,1.4642087269559492,24.835658757716057
54.6535894296356,1.3767480313853948,988.1361325964222,1.4817075738665233,20.93987707904664
36.984243067629805,1.4282951943999245,594.8721338057799,1.4968150828390234,12.191638391406755
43.0310036804972,1.4299364940836496,1040.2253929925907,1.521379359672936,12.104216113683128
22.87278693316106,1.4761516113104876,315.10965085217356,1.33252519430323,14.296328660836764
26.260798625717474,1.3950479760781855,443.5317832871657,1.3523698464515357,19.204005433384776
50.60294431492773,1.4449240764023323,948.4219075009491,1.5035683788048058,15.744962338330394
41.99519243152608,1.404005967975046,389.4987056685664,1.352930502551617,20.91137894241898
30.267074904438648,1.3820404967019413,676.2809199863896,1.2957958600811248,19.93849965706447
60.917700093089245,1.36935647645228,1718.5284762681622,1.4902524314046517,19.77844135798981
43.62887023825177,1.366883151726591,522.7639165560863,1.3874174235418464,22.9583866747182
32.82204579185782,1.3881338960237342,470.9972977038479,1.25848576844008,25.4488166045096
38.85701124159111,1.417190416913104,553.0288903843016,1.4244530040773935,20.48881778549383
27.755243334125,1.3886773605534934,296.9337734437978,1.3577563090856886,30.09402743331129
29.20736632653421,1.3822107566824768,358.56239483245724,1.1178050900647891,22.505491675569804
36.13756201550394,1.4244071288646205,394.8424800873448,1.466583380256889,14.126430201903291
31.006355616727376,1.4145822693336076,400.8713831018996,1.3508423274385508,12.284467303240742
35.73254187001185,1.3944843071754056,429.8680908146851,1.448946364810506,16.930028566335714
60.84023091057796,1.381657770529512,951.2618584881192,1.5202228452174935,19.86994101612803
45.81543136528523,1.3852138372045528,726.4944716140143,1.586317067038098,15.444161361882715
20.934111776637977,1.3889125907053896,296.40402257311143,1.233447898441058,12.733393921857465
68.59328021005688,1.350396794073147,201.07608971337248,1.6193180087384107,19.5603408469494
50.91502449846521,1.411326167693688,939.0189944070564,1.543750108874394,16.777754200960217
30.340659733322045,1.404951085880743,348.51327168807023,1.1073084426203077,22.67909619341564
34.079607799101005,1.3925692626712736,580.1144865183986,1.390203832052611,18.193513695987654
57.797712425062045,1.3807925891075787,737.6279371853988,1.5212987982393904,19.048637397335582
37.76244729401502,1.402834449325501,315.34972278625634,1.3919578083293684,27.141896610966437
42.140443869486475,1.36020410419589,1009.190190379612,1.2670975488072145,38.58200341710759
40.03328694088668,1.3752860470262611,355.1779956324886,1.349224526687351,27.296452064043212
33.09813185535118,1.452362900300221,441.2970305606226,1.396882935660977,11.218896604938273
48.6382982579251,1.3539269719828677,266.449651622854,1.3835803623784957,25.42863315696649
45.8859684350846,1.3808328028439474,577.0682871662584,1.5264202424488902,19.424981075479625
60.92603348766358,1.3516616267318575,692.8450209852492,1.4656316066622566,39.61942634899341
30.412781931965338,1.405798029508866,309.88385370944013,1.2834266363933429,14.235475363756615
20.39327751368704,1.3612828470187437,694.620193990997,1.1342252828322392,24.9509819744513
29.93039107787659,1.401474337295459,181.51774228026449,1.2697558373642412,11.363648630401237
30.576092229399165,1.36067177285848,478.1496366943149,1.2899760607557729,30.948293715533957
59.03446217346047,1.3961433232634894,908.549136463198,1.4828722378338648,18.50953750691701
47.91387292323638,1.3955889885223762,704.7786093291039,1.6273753302646867,10.741378472222223
26.66226385690823,1.42073961513414,520.5864903016507,1.277845924151346,17.86282302188552
37.53736541727048,1.3833021837166837,312.09089046425925,1.4138380623755016,17.898627167302106
26.71895245568511,1.3939798745363303,351.4384183815206,1.32605126274992,16.552684362299914
28.73576237403755,1.3980326945138124,272.02532476372346,1.3104132604488266,15.484987461419754
56.55295249178138,1.4051874023991775,567.7971251518233,1.446594764758684,21.149642959282986
14.460121022073617,1.4017879559711186,87.37734478532143,1.0494938412416903,14.081131847993824
67.15816720645685,1.373127389146187,480.43583537556106,1.3521486983893811,29.277379118259372
46.7416761433734,1.3786971354117434,646.8204485386093,1.6086745780099785,15.708623810291552
29.80130184489181,1.4181803657341674,159.7659826772726,1.2069674344734334,11.705883349867724
20.928214731995144,1.3850111995331211,647.6018513672516,1.3408616830535438,23.437562585733883
30.376625137012844,1.395937791744215,308.277702777588,1.3755576408896606,15.040363986258084
64.82465301096833,1.3392241286809656,689.8040081188475,1.4983610668172938,39.24972029320987
74.48279146416485,1.3441419282539402,750.6879518583032,1.541891049555516,29.608648566100825
103.87549498013573,1.299364315794172,828.3394499674309,1.5306480230163573,53.392600147889425
35.379418979204836,1.4224076467130744,415.0821149470844,1.4249036799110448,21.437488661956785
41.13541275902535,1.348794669182367,319.04708370547166,1.224700808698462,29.05000378913139
26.94278212360571,1.3931950711024603,175.37309926777266,1.17023743614518,19.299415870949076
71.32963004379162,1.417384658546558,865.5612868176897,1.5840995712965895,23.035642781503338
32.542185751727935,1.4148243650772272,411.07196617157496,1.4209145297907306,13.149191606040564
144.15104559622128,1.3071851403014276,878.1403485219042,1.5952404297293303,59.016122616291895
49.46270042116737,1.3883601410648667,670.6896135440735,1.5391570135264,20.00352914500758
40.48895729480276,1.408059071442947,656.4770500832777,1.543073725144324,13.900186962530263
70.3791179332199,1.3817980677419843,740.0076939187545,1.503350596535572,28.932257426697532
30.88062291979401,1.3727715028760072,434.9821037941564,1.355323341596566,29.275537627087875
29.514925448858385,1.3632823325427257,582.095358570474,1.261755674260311,33.99808914306464
35.48503635792106,1.3902461881358628,278.44172853227855,1.441296650848776,15.409474886670523
47.96941803102398,1.4177803243262168,862.5789669255171,1.5555258366910212,13.094038431756216
33.29289798739574,1.399604737438307,1198.8184118166864,1.4368320865500614,12.700778517232507
64.14335338530219,1.360042408300269,682.4349542872326,1.489315528084617,19.447147224532667
37.66011611925971,1.3766931456527371,522.9636060208016,1.338538633317897,21.5580002007785
35.03096866055867,1.425934742215849,365.973576354696,1.3562787790508932,19.169490439332563
36.36962909146301,1.364191980962072,620.6643423602062,1.3586283509523878,41.59691348379629
37.60157953365,1.4204795910129893,418.82130366264454,1.4525134564650692,18.613928166863673
52.2638091590074,1.3197858286698445,637.2091369952941,1.4159211187873852,57.85335476151724
37.27066158662428,1.3617723606601468,487.390927677857,1.3712205344313502,31.821157404413213
30.91464064095555,1.453050736869255,435.5355763643517,1.361416239875211,11.171348982445988
34.90762639043592,1.4141470366817663,334.32001264759833,1.4506075933341769,15.535440104166668
41.009488714663554,1.370984523557689,614.9780747033424,1.442640050986314,25.7883774691358
38.918567983158006,1.4402625964367548,499.7285669101416,1.496449673627234,11.720274944540895
134.12247197429636,1.3254683533829943,1099.1541190869048,1.553986517136595,54.55118152006173
29.070407456138323,1.4359546147416424,415.3429851153479,1.282719008580388,20.1436209315376
33.35481215181979,1.3280547220477446,413.4058303982543,1.2925376857498927,36.98253858024691
23.49341690113281,1.477007276132969,220.16208755161136,1.2344067578514666,12.291929441015087
38.030033113109155,1.3864062869420486,1100.0728501538115,1.4361414215409596,25.864541272477187
32.746828649409984,1.4424564730933318,318.674562476347,1.384506241070853,10.827916988168724
28.00757368824148,1.3800937876534245,378.7663267661788,1.2094387376720392,17.71443328373016
75.48003596016964,1.3383120958945685,686.842194370771,1.3653756314584358,41.95450559162096
31.953551234298818,1.376620990413489,965.336071598627,1.3248456178848909,26.993106398809523
42.2042951473555,1.361197224466075,585.4167916210947,1.4569046911904826,30.035537015789377
32.42368439207505,1.404837458083388,428.2467417032309,1.4158707237044468,15.835673500881834
41.94664654858974,1.4159234969961207,499.44740278985023,1.5349982284792827,13.209550171341686
41.69273054727354,1.3784813720529023,174.09163270806164,1.302404190620588,31.536200675057568
24.278197754666756,1.3651123999057233,259.4786278400011,1.2634175245496608,26.46201951411116
45.604315501481736,1.362158302648133,698.7157336665363,1.444671117591576,23.249312422839505
33.63669947842283,1.4204102180771676,340.2042259461052,1.3488950718571648,21.59808885640026
37.187103758199214,1.383097838663736,643.8418441523544,1.4593422931732454,18.42450466665975
81.68138899731778,1.3605828876638335,1382.0106815123277,1.608510381655018,24.16211606543648
52.26446419654064,1.388240094643035,560.6589656779101,1.5316271451625338,28.88885956790124
52.16259158152575,1.367208541295142,617.8460208918826,1.4566653564230887,35.47692652688747
35.76951952767749,1.4495106133052988,337.7628527898455,1.440040347267301,14.214604713220163
52.192995110727466,1.3475080375155728,548.8549367054833,1.3999532432204609,51.24796208550838
20.495302835829804,1.4212331912248894,242.5221347125186,1.140553819587428,16.59400077160494
17.75100458892654,1.3826395363808035,207.50139067200337,1.1428875855492766,21.765958492193175
28.67698297344448,1.3535486009302844,385.8922088248586,1.2557732416602585,48.49749663793684
31.20144258802817,1.4027521892202452,497.33617895743225,1.3043231363999888,14.086567322530865
41.326930422118885,1.3933482310841108,496.955806538612,1.4963751742714957,15.76014877507716
38.252438794654445,1.4098936180695618,515.6082628561865,1.3976491940957498,16.84179237397119
38.00511478157316,1.3752495009704295,608.4409425728446,1.4235051760377035,22.450010869659454
30.89895794825699,1.423975332878241,541.9013874485696,1.3982855887001535,12.757492103105708
56.2118039162846,1.3995553778942722,1033.0789997186978,1.4429434280620796,17.862591306584363
73.16872948901577,1.36593010235953,983.8179373599216,1.515292685942371,29.408991090094947
66.80862022383474,1.351221802515993,588.492710510583,1.4830529430228836,38.09824686325819
35.94595484863285,1.4394811366633598,546.1972545815414,1.3461078750595867,17.52084421077866
46.09838624306291,1.3725742058107588,588.85495756616,1.4201336121937462,25.513714651882932
51.048857031955414,1.394620835206576,674.658082633939,1.576683397233786,15.057727350180045
32.53807106852062,1.3775370759179888,520.6018671866933,1.3112360300118004,21.877073366769547
53.7751554259889,1.4362076542192328,432.48404828562866,1.4309276393443535,15.815140389647729
34.703927700366236,1.3837686509803535,362.0457508146098,1.3276082892128884,23.872799265863147
27.359994594833136,1.4198801065355569,522.4140440098641,1.3958011717028462,12.187530864197532
56.296052470885286,1.3176839860904892,636.3078855226056,1.3148217246490346,57.846534047067905
42.44156424841947,1.4030096258312488,409.88994881895735,1.5217107443530062,14.415381244587294
44.07980245080579,1.3785685856893102,470.0223621768315,1.4482470377489165,29.66266055583113
44.483237113003824,1.4070222278938092,526.7225863086423,1.4770067322116174,17.932573013117285
41.52628448898942,1.3854574356100535,469.26747443187014,1.553068573572436,13.025500289351854
31.118318845187854,1.402009548606082,420.11515528539894,1.3250710377405734,23.010868757014592
72.72184092777198,1.3185819158833454,477.20976192935615,1.360430409154315,63.87867396476338
51.60904776300769,1.3426487462838648,616.5063105809585,1.413138731756178,47.88171548551756
50.92869731106203,1.3937954447628007,425.3677934839863,1.4121140065211368,18.832998746141975
41.2694847190167,1.3938776945166798,461.8885474214269,1.4005141283018137,18.20891803840878
36.21455331120499,1.4233518661521478,347.19772927951607,1.4670401010239058,15.00926994912421
48.57366967026294,1.3764158409298763,584.981390989421,1.486063621535895,24.250913367649204
48.49773990743237,1.4272181264662855,603.4934418507961,1.3367335775395444,20.04096560846561
46.7061978788044,1.4209884126608483,670.9868909694605,1.499736112790155,20.510953317901233
40.57500289743112,1.4026292833453744,383.9868083102873,1.5084188033771222,16.0991105547565
30.743313985141224,1.3980924134711972,562.4504752410847,1.379672936996108,14.724992358143398
38.60089636234782,1.4340736781145724,435.5623049067211,1.4192392906845674,18.97880947788066
22.661379076489265,1.409451882681475,327.02683744958813,1.1984786910737617,10.744226305298357
18.71261126001562,1.40222699736181,312.8481862442846,1.1927646247863697,14.346375810185185
38.848311675034715,1.4311147351216305,648.9033075569565,1.4744817719796153,12.904009176587303
20.82520569213908,1.4361420870272976,264.7171012570079,1.1865957909848526,11.17153618276014
23.181485419927657,1.4101833725280546,326.77693910336217,1.234931429239378,12.740854873971193
96.88766542630242,1.3240146164813478,657.3210001975098,1.3406664174536562,51.351623987268525
36.33295310639833,1.378596232534542,414.6909592577231,1.4802886472843173,38.101779780522854
35.33252222034047,1.4071145413026451,404.54190492257226,1.4307734848946785,17.925266249632568
37.19754200077181,1.3751902823561175,926.664687924886,1.3971057256075792,24.83982531735485
31.31484920549491,1.4034734344770212,549.987079909256,1.386814639615798,12.541801697530865
49.15670455647195,1.3310204188872747,551.8917249624002,1.4337938977846756,55.04920918880838
29.783356260579115,1.383866659392187,424.4036562159321,1.306064272456536,17.79117891589506
39.02647679767234,1.4083424623659475,429.0250882165282,1.4949254483480166,15.056527375900204
46.84483045251618,1.3163082019115522,586.7647039041427,1.2054516129620572,122.79551649305556
45.39793696969208,1.3598661537061607,278.0566428334333,1.3798239892603468,39.22528312705368
45.536797725779,1.3505583414305895,561.4840284005395,1.3930599695054529,43.86107675121365
41.68375191378719,1.4207308712359552,549.3593707692672,1.5196882265976688,15.302915165842572
40.82922917885218,1.3845025159051318,380.0216230159554,1.4808856905621894,21.235629891424164
94.66277872899452,1.3323155948073504,542.1726544560146,1.3568160534885454,53.57102878021038
42.650480141717104,1.3805341445658414,654.9485868094812,1.4782190152355306,35.74972087191359
41.59014279306503,1.3623927103994118,468.8438013576315,1.3836578423909038,42.28461403677984
37.50870265552019,1.3571439876811286,658.7854242299766,1.2523010543461992,36.64398823302469
37.02536828691543,1.3987605627553328,445.2494906012877,1.4887914086377223,14.235994948391811
19.39106219638389,1.380055735201854,766.554089119035,0.978399094857396,19.87463371023267
42.47514165067743,1.3696236735925702,538.6806601264323,1.4924104920135062,25.180382716049383
37.97698519416099,1.4108753139750865,329.2951228859365,1.4171349725911964,22.627542129706686
42.53110291399791,1.3538613507121695,532.9083062688234,1.2882834615407202,39.98969487563544
92.06294214348549,1.3419666179326974,372.56612601422745,1.650891248942655,31.389363908711623
58.900483664015475,1.3511366313905182,530.0143222048006,1.416517200355763,37.49502010233918
51.73298157405189,1.377761174249732,706.2813902583845,1.4695084633122255,27.62241261215581
53.73902797184161,1.360547031613091,218.64640585716447,1.3634331634167698,29.371163555825657
55.27598354955726,1.3992296834087738,699.8869915199474,1.6408819682884044,15.765176890432098
48.170968293582625,1.3765191051260584,559.4828435702299,1.5481752476776376,22.32512785423986
34.54791177957183,1.3985284234764443,375.9472003580044,1.449763522619304,14.548412358539094
40.01101473240968,1.4068028681741194,317.0029840645928,1.4060546680841262,15.725941495811288
40.68904498593303,1.3742509256613746,538.9225917558225,1.397207780311254,19.18273650706628
36.04622380190805,1.394673032981688,882.7731715349292,1.4392357013562416,14.05494598765432
42.64110271597213,1.3948191361485474,661.3887081346443,1.4113212485988151,23.498019593253968
35.82718558627285,1.3911896754361184,363.749511911134,1.4662580377394931,18.15080193329904
31.88406345990525,1.4060893474508906,346.74681352875996,1.3637501114755195,15.146531172839508
85.73188809129576,1.3348505081016115,234.48156083006725,1.4668865536720102,42.083713927469134
59.739877660285195,1.360263666430919,626.5139298229703,1.5546098290461596,24.542316417660103
25.440654117205764,1.4237976125592684,324.45892720938696,1.3537733575287565,12.848352462705762
13.268486268375772,1.4182290134861,243.0991060921968,0.9870798011911184,17.36118331128748
45.04545362158613,1.3982464405452109,357.3868905960635,1.498148657160401,15.945812757201647
30.75400531839229,1.3704611912053808,784.2008331925241,1.317096293917143,27.88254710005144
61.63019785248256,1.354179347270872,664.3904017576349,1.4741632590706215,29.903681423611108
36.91380922856963,1.4227333794113082,384.36732831726727,1.465927423442883,11.697385774911815
19.168581915708355,1.4372599066647045,312.5900037122785,1.4094281443605794,13.347236529063784
39.86141776197166,1.4462406370633702,341.11612015445843,1.503361625045511,14.483548739711935
34.75869654472684,1.3256086233281277,984.8115509228186,1.2387256400345883,57.96749758873457
56.323745442355985,1.36061077848918,500.55032597012746,1.4166937748218096,26.628090374228396
49.190276122847926,1.4354423487926191,360.1115153007183,1.585463303176301,12.798022069575724
36.18864107883088,1.39356938848094,621.9642121035511,1.4678460609650603,16.185030137688404
50.97665599582231,1.3737003931305238,477.3935943749236,1.3700531446671345,27.825250400641032
43.93587770639779,1.3870049529976822,460.3669982682463,1.5331615493388022,16.515715760030865
39.26706537444222,1.3814547927986058,820.6487550132459,1.476243413495767,18.506646345809298
41.27069676695174,1.3780895476766597,314.0971757534529,1.3486951634934912,22.89310946073388
26.735477533505907,1.3947040349837738,419.1998580324551,1.2713024776460444,17.274081721230157
38.161823880322,1.407429447736832,317.83609533181107,1.4691637286312045,11.150248521090534
37.64630059048093,1.3963432914382754,276.25507523228606,1.396196840084952,21.836034579643048
44.22582269382561,1.3848909114553178,514.9725989278885,1.5085860367974435,14.457572645462404
30.747889768480626,1.4068247091523949,439.88732330111714,1.3863490861276615,13.149261959876544
18.65595651076684,1.3784443715076051,293.21152950425966,1.132418634185428,13.82475000999669
40.99671868551422,1.3928921462500394,483.8711653297169,1.361528285368387,18.43158964395943
41.72492025429747,1.358785129556624,199.3316191151711,1.4073324273892014,16.93630770961934
43.07287820527547,1.3661166419153086,317.2927687344894,1.4501414844523164,15.971540295574616
32.854428492827644,1.486435459019896,366.0881106403106,1.3929358508120997,14.506296227403
32.904660686030795,1.4050162189204003,547.3480516233996,1.4259303639531409,14.127881350902186
20.393503288920456,1.3743732544741454,337.6330068163987,1.053130417989918,25.193276266718104
34.01859715262965,1.4476669117578278,243.79510359960796,1.3820479622345003,14.949478202160494
38.29671450839142,1.394523760379993,305.362432080141,1.3699171974740827,23.096398058990815
21.242257244463527,1.375696330082627,131.817993564969,1.1394383506150905,23.943896122685185
49.94037667979957,1.3745636914087411,459.74958497569634,1.4046278390063665,17.83035569101689
17.05495638933098,1.3849245641692294,284.54683404536587,1.0844967051452512,14.932495056905864
46.36814131187743,1.3814948654916428,327.89708744854806,1.401117279566071,19.493506741390515
46.80287417009626,1.3295279088407794,391.70514578388406,1.38753072661479,52.202380166624955
37.48693414477464,1.4100457627298064,361.1999935927913,1.4783877089649036,15.943298243680188
18.9535105804617,1.4049653145269625,237.76600738364567,1.1415049769310996,14.069304483882028
37.02322635295942,1.3590048947250704,309.407587783471,1.3776024843173265,26.045337163800703
30.59470563525355,1.429514144286085,246.3874266955686,1.3476457719485475,11.922473131613758
82.60213775780379,1.3522952642904862,882.8470382484277,1.628736333770502,23.32005870265228
81.63657864241212,1.3529040437914155,678.1550910777269,1.5982654658810704,28.444982288159373
29.96740570874391,1.4405038851483187,387.7918918025417,1.382007313006432,13.516041666666665
28.64958877928535,1.3364347882350618,297.5211300495359,1.248147305937178,32.7141291386083
40.028673428467435,1.333912161819389,472.817367522605,1.3400230354563325,44.166029529964
58.52552640368712,1.3852643796817417,409.78352982495943,1.5064532154778512,26.839588265644934
34.267181646437166,1.400782405004167,376.0981373794097,1.3079051663543309,16.7433002186214
35.98015818763759,1.4164018902237128,400.34475945410213,1.4308719014873357,14.114588263031552
49.17849973708819,1.3742222505353274,502.8089803106319,1.5286419313183686,27.49174590995537
33.92573558217863,1.3804271087205675,340.62584496280095,1.4102825979640363,17.52413470017637
30.345758058832796,1.393309115383688,290.737305793747,1.364891256174957,16.124259693287037
46.35615753962415,1.3789394898647378,537.951820675108,1.5254398172706505,23.879844597523547
31.141656907639337,1.432537622947709,318.82512326900024,1.357302192446382,11.077657076719577
44.08546911036967,1.4119836527374976,501.40295794147977,1.5314935453729055,19.55169463734568
44.96512868825724,1.440428521878833,541.9764356725445,1.5365241282476287,13.598356643615809
38.91375032306268,1.3752960452507108,586.3117255450819,1.3536041063280229,26.088395916231693
22.812406244959707,1.3575096300096057,253.57689412886347,1.1974776804104608,27.364013034611997
77.53260468469617,1.3373784936920652,646.1507710877795,1.5903271886286752,36.89251591435185
38.36929587037457,1.3480956850891868,900.0414066327791,1.2529015389503713,33.382158725565844
42.27784699935312,1.3977891102006783,247.1423229665637,1.4935631480138043,17.55033352623457
20.28749985930671,1.4281573845788635,456.0407183968645,1.299065792195005,17.16988024048354
35.14394370331945,1.4184863780424886,405.57833221803895,1.4298587164260788,12.199754533179012
67.72546372143891,1.3278306208743909,724.0266241169268,1.364215976485068,40.77498237584176
24.989817094095685,1.421134854052504,274.2065756675541,1.2675981307171864,11.79983828446502
40.85226397818624,1.4247358421897496,324.8672814632309,1.5315116526912147,16.579715670232012
123.89557072707548,1.3346999213965374,867.9985571898258,1.403559959636232,52.63048925940035
91.6031889167706,1.3211389823149275,692.5436005780394,1.498172424611032,56.14031214532865
28.024427816757463,1.3771545206672953,600.0368766504444,1.1505826327446644,33.685251093107
34.65452473528787,1.367174461939913,247.5386919680164,1.3399518705970188,22.03731786908436
28.677216671884384,1.3879985288397372,361.99322233768754,1.30293153027762,20.130445119598765
33.29553388666509,1.41328185906122,244.92979327234872,1.4252076293715712,18.75768293467078
25.456001408230176,1.41249524236649,303.48290742995874,1.2720883858595426,13.494888599537036
29.406840338456192,1.3720244221429538,294.1158085651517,1.368354719822285,20.00230078125
42.29691527402559,1.386356500330484,726.6899173519578,1.5599940027395398,15.582705853174604
21.706277460398127,1.3921287740545378,210.808035098141,1.1139147431027052,15.947782738095238
61.70488110025813,1.3611718553014072,978.4559287520055,1.5347599408895132,24.490014169614604
40.38105735768734,1.402742395253372,259.30712003027514,1.516447777615809,16.319747818732193
66.95787041994035,1.3644518947596715,665.320034033788,1.471540815226819,20.272594735939645
36.0605741841385,1.3552649043774152,535.7168921004102,1.1969445072626872,38.43399975882629
79.21556383501992,1.355361868603977,753.2066439145234,1.5631705516256449,23.084070323216736
29.86660317054801,1.4033803772309863,288.9373373904992,1.3450971157192648,16.555583333333335
31.62506233116764,1.471524310318238,298.38839203831066,1.3777326589759216,13.645049029063784
30.849660589023763,1.4426540315078549,351.71019998767315,1.3348039930356834,11.585307815255732
22.392315421998717,1.4129508597539742,323.46183280591964,1.2549888793626676,13.299137588992078
35.42671761470532,1.3943942598961907,331.6431685886092,1.4135993017384918,14.231144332990397
51.79828036791357,1.379515879141329,220.28601684381107,1.3939733606747602,24.8878894997428
37.93324826041206,1.4087148629234405,475.5027959106818,1.479740543144479,15.930411745716803
27.326305279696893,1.398819146957092,234.46714324288465,1.243437129425952,20.290620615881036
25.43737786427142,1.358966378669569,555.0270252921564,1.2620420627544815,27.098928755144033
44.229695874929185,1.3357246275183927,564.138730228363,1.3543342119866184,46.899519898504266
45.11862911878049,1.402978579375873,463.40089254427073,1.569378014769875,16.98346827975389
32.05759651763073,1.4171035303577235,303.7398042685736,1.3704199108174366,11.682979648919751
77.79443209499024,1.421539540189673,826.2647245782445,1.5525688957218702,23.75849936618166
33.13889828426264,1.3310071994106671,565.4056151716779,1.3042354138528822,46.536802417481304
27.63509641680269,1.3935067434081911,310.7795866604516,1.3019333432065925,13.020343364197531
36.25878848245224,1.4364873271066585,309.91543469412784,1.4141618466215218,18.958493655692727
30.681891990749538,1.4116542615789267,332.87039846034907,1.3973783763105423,14.58463166580933
51.67598161273794,1.3956278979472432,577.9995394195796,1.6100386345343338,16.208019042107587
34.853033117054,1.407734346640763,324.281928704043,1.3669014085048483,12.031063528806584
34.856446793267075,1.4029448651312952,620.4462413147676,1.3940157651172245,12.0241219376929
33.01451208154892,1.4255548274143002,352.0083577200701,1.3772624057255087,16.216654629629627
48.85569021119096,1.3969062069761846,314.22426463947585,1.5602020433188462,17.24044704861111
48.91676239565602,1.3382681160152516,736.7108966064221,1.498637720155781,33.197016369047624
85.54117565445168,1.3533465197389052,472.0707410103256,1.5647241195302215,26.07030315958069
37.48417210877473,1.355017733904958,494.2332567959529,1.3590234068530271,30.408025655864197
51.51114519409961,1.3809531228377594,494.324016694691,1.5727329054490853,15.48233629164267
55.817284291669566,1.390912436910507,492.44035544814335,1.58226805519454,21.0788958547668
33.27046515536259,1.4035259760076844,650.5531993822374,1.3745539313918644,13.325284967732882
63.67465815492025,1.3593657027852326,748.8493874561307,1.453992928542453,26.0802141451013
28.812135436219453,1.4025885279044303,348.30807500823545,1.5260700757203602,12.34315168467078
28.461549083282453,1.373225211067682,359.075409994885,1.2277460064881318,18.529865665723595
51.05583814003809,1.350774717453935,292.99374531288566,1.2613154938829096,29.297328679591047
32.61438125357108,1.3915777757134056,350.80024296981475,1.371532102582419,14.156240676440328
43.8190457602847,1.3556067700418066,926.333157460098,1.492201205749017,34.19591120113169
34.235659011675594,1.416278611269016,463.17321026375066,1.4106082408389613,13.6960535622428
80.01109284364178,1.356729128035241,751.1216954368034,1.5649340865846233,30.16358633205088
71.65057762728759,1.299590420408621,806.4896297693995,1.429928690952311,71.69132142341125
34.7087534137379,1.4080686047521975,683.4866094295933,1.3734482572347708,16.13621887275533
36.12818981125799,1.3852648100583935,679.4517099572948,1.310189781663689,20.00618312757201
55.94677496022853,1.3555091847520768,553.5951281702964,1.4023383506427192,40.31053680262165
38.17959952689425,1.3999803252860938,402.4973075604395,1.4712334290901776,18.216140921080964
78.70905738507777,1.3414868586695492,524.3981463278377,1.636200948418928,29.52560272000501
34.00675726494609,1.4153248616105134,591.397550129835,1.4121828776916645,13.115304703575104
33.85898931315521,1.400268621942266,266.72928426681244,1.4250487538033774,14.072964891975309
57.10579917259178,1.3763653857992486,886.2476331940532,1.644721955118058,14.264872367891046
67.82252763890533,1.3619218812200384,847.6815842875702,1.4861306934914025,29.386114289238012
74.72822618618356,1.3679438878322712,834.2137499474534,1.5244540384696126,23.82428060398573
35.79652469528107,1.405250103122515,632.6489549094697,1.4396155271683464,14.253836516203704
53.12507411061707,1.3980974823222745,305.13310051968654,1.5607090372806027,18.82125737158289
44.42958687735703,1.4156090630330709,309.01102693977356,1.3028541189905816,16.055382070249596
95.65552510269872,1.3546608712838235,1073.0717960703928,1.6818708225206027,32.200468327750606
23.64444634333982,1.3621225249781417,456.24730831442827,0.9615797722497856,28.19089092813051
36.852596140400465,1.4140854856236882,564.7385097254331,1.446248695529142,10.752840108989195
43.12385126123511,1.3942546103261204,761.67304452248,1.5108937068602604,17.205990125558845
35.395280490293594,1.4335060708726557,586.3351782038786,1.4508833181594611,12.950934244791668
43.147873898482146,1.3692413860123935,377.134799130058,1.4451655940894634,25.716334715772337
45.72107718402325,1.3575246934023566,412.5026265934512,1.344866881240304,43.55670716599268
26.308922502067087,1.3728313324162915,281.3255463004193,1.190857973794834,21.28904489776235
27.161725578337304,1.3800617594249296,507.51361585821513,1.2772921956578829,21.574798418209873
52.143683705140894,1.3990693889869847,618.2332590008637,1.4591880152277716,20.70751524080869
22.241760507201636,1.3853859659111047,289.1979329227888,1.1999198246193867,19.443070461560044
32.336658282224676,1.3831169497234794,357.23317797990575,1.2830715427518848,22.993571405607
34.20985036153897,1.4313275137669137,570.2587974376696,1.409789796974628,11.355410967312007
33.05001680461057,1.3826526543288225,277.1567792048335,1.3666342122460162,18.11217395981719
48.0188350598967,1.376726039306211,328.59074493128105,1.3354709346424667,18.77242816215135
56.77901844596692,1.3800190061354702,861.753776816115,1.6751898121711657,12.249271436149687
29.13426484422473,1.4584120768895492,442.058728689736,1.3655426866307585,13.275099588640698
57.08341232190438,1.354752584332765,906.2163324983696,1.5554233618617337,30.106109380904005
22.39479370552611,1.414688232630142,240.10636768951423,1.2919073276971162,11.888508650878444
45.14613379215473,1.3772705264293916,410.15506242197426,1.447961092481549,22.408201958158397
45.655182620918744,1.3853608735771357,381.28437587981705,1.4953071503368156,25.35060616457231
26.619358083762663,1.3983666996334363,201.98340056438727,1.2839948465979416,15.888285590277777
67.08194567480339,1.365158079360154,787.9336414630532,1.6647704635610638,18.52789078340992
61.7223083810818,1.3656569295478214,793.1405167383716,1.4568819665207131,24.34252304401566
36.77706988804937,1.420550824530442,417.30083248929407,1.4569705702623517,11.878371624228397
44.57181937766219,1.4061255469898628,635.2853066842249,1.570396663494961,15.631654495517342
34.73235877009991,1.4311448591292817,575.5090745105373,1.4256618654692068,14.709682992535198
19.868425916190905,1.4155267465139785,205.62045822932717,1.2660126567545094,12.556916166877103
43.09953277811104,1.3632849029912824,310.9452184677357,1.301335975996597,24.98234450782628
38.34496748159339,1.4427860220820417,379.7975782654556,1.5014853739636502,11.980592482363315
58.6417127022919,1.3644491828785212,938.4850031257872,1.5898154116813858,23.185737698705637
30.30782017541223,1.4190713047588714,248.9139027882653,1.329577262112411,12.234209212105624
42.612096786247754,1.4129178999953342,668.0701434567773,1.5783904370333328,13.28505156784336
18.774126615298453,1.4275974368700015,206.9526835104777,1.3161617964216352,12.651080086162551
35.69734472310799,1.4022297037260778,474.1624263089064,1.423577455528433,18.74034150897925
43.418883426355535,1.39041356528616,695.0421852700432,1.539214666601942,14.20413775984931
34.31878755806099,1.4062134906452417,338.1232436010252,1.4631449594214934,13.311406732253085
31.43201086267909,1.3749115567757149,400.0278328855355,1.4081517962679009,24.6523536239473
49.763752525469755,1.3641460626520647,601.2575284006347,1.5638880004606217,27.92939619177835
41.42806869145329,1.353998139555875,488.9710152267886,1.414807414744084,26.536128150720167
114.20148123989073,1.3297206975723443,1283.6540033315034,1.6582323092195268,35.86418675654239
70.2034766512584,1.3556728086379084,1057.4846972506705,1.610861945203282,17.362443472817056
58.40300534826568,1.3889422324202227,864.3187541138586,1.5835117305613189,22.603511247625832
67.9943380952495,1.3496476412084513,948.8048822978304,1.522920180624928,26.44537326388889
36.94271723213329,1.3864918949617324,343.48089050645785,1.4429709168416631,18.70904899691358
79.81576742139436,1.338547221552911,892.1729507210861,1.5339566326785876,35.25781578873585
21.466758475753476,1.3874212270380375,430.4786357780063,1.162849130828664,21.398436294367286
26.00837045092513,1.408661332271293,246.57357332418877,1.364481244903669,13.959321201989024
19.400024907326443,1.476689008486022,210.52046382479884,1.2705739348632916,13.845957609953704
35.129700553976356,1.4436558081270603,473.33660160184263,1.437077858827269,13.378571788936371
31.717874284457217,1.3763124541596723,747.1395031081296,1.3871821351065876,28.852467785493833
34.236946930623105,1.4666316582544323,279.8777612682835,1.4060387464511404,13.161964457947532
31.78497557416226,1.4053438412340622,354.5685996138359,1.4100997726462583,15.590003965192048
26.8346329840016,1.3862132188652223,370.4999918239597,1.2942589240201487,15.923152075066136
64.57836171840466,1.3626149920239188,1029.2000257274403,1.6206265190409697,18.100989191912294
61.4216461158069,1.3599620865996065,774.1565724110096,1.4705229187630906,29.430116608796293
35.17778445202304,1.367810810295969,416.82103201147146,1.3602195208360903,27.286608228309333
61.693316171356365,1.3851572538841854,1019.7023954929888,1.4736573747679809,21.803377011684308
23.32846756825154,1.4187823978899878,290.8982229310358,1.2147253546103354,12.20726948302469
57.516873437010155,1.3605194421401057,1018.723408404164,1.5395674329786275,28.62087384259259
41.60438235254173,1.4007870520717671,708.4910828946726,1.550207891681217,11.588267907664608
38.18766578542897,1.411927125823076,496.1051720717007,1.3817585118145248,24.36895797164352
29.69542353080316,1.4001600215242211,315.8787766264831,1.298992070376184,27.925648434893223
33.58757658127627,1.4402889679115214,320.70042129839334,1.4130286202035252,17.281494791666667
19.602737122730865,1.4102831545406025,557.1277504091767,1.1956698969086297,18.662898180298356
61.26896653302545,1.3558752731590211,1109.1257723525216,1.5568352214784809,30.71401035638503
31.298502955945622,1.422795287783974,524.3157617042984,1.3504212212048008,12.30528667266804
43.98092661952754,1.3944454603711285,668.9215919070942,1.5224821874793346,16.641848066157173
37.3125868685407,1.3893078189514276,377.65809501247503,1.4730711674497172,15.877517103909463
21.999598999653703,1.399463177618691,332.12714429439797,1.052129990238867,18.62233410493827
30.868485688488327,1.3697029583985456,335.85906541537395,1.1545939075171938,40.627973923260384
13.240465986743668,1.4379092168220835,123.34137732970149,1.2494876704774764,12.688982687114198
31.37905782093829,1.4003551051937375,285.31127516890894,1.2153603201722996,15.62175942001029
52.80849636601637,1.4014978512629346,306.54131389704486,1.550602138387503,15.780782887943015
63.50230255579662,1.355286558453904,967.3766752645762,1.4767718653287634,28.596190275333836
39.784977756588766,1.391018402884658,498.947046543877,1.527942579115944,15.066755846391269
34.2063356671721,1.3892469464649226,534.1634366439807,1.361937956397724,12.83996222350823
41.707453033048104,1.414552086954074,700.615390423749,1.5494682317453743,11.24613136574074
47.06774872566084,1.406567759470562,880.3828484812448,1.632933776212834,11.544607301592263
21.68991823058111,1.4010005084274717,480.8410081189526,1.1475850853969471,16.953798707544134
29.621120103894157,1.409808637090709,297.29411387704465,1.348180126250832,14.274535911779834
52.97014760598396,1.3576645363849142,433.82635549889176,1.34114699792359,23.204335822677837
48.956600344045256,1.3074856430674164,766.2858002817105,1.3333851992681742,81.69193721064815
37.99099513776365,1.4212617308884676,331.833115793299,1.38655393222808,18.228653809057455
47.06498159481683,1.3982028769777444,615.6403736609784,1.6006460546048276,13.297719103652264
35.97413030696876,1.3947788351587382,285.96881261272557,1.4744224061379283,13.3294605640173
42.19859204642286,1.3568200825462362,345.96326287349257,1.419932788706898,24.25532953960905
36.071005343694544,1.4581055512373051,355.29108633538766,1.4576851654708949,11.37706390542328
34.15875562495431,1.3390692335069774,477.746025264604,1.3935322715285163,29.73969505852469
29.56998429998675,1.4019640951383996,342.91131329557754,1.351365041090179,16.776534404175077
42.00034649280177,1.4021603666110027,704.2042101631613,1.5436582275260449,11.574496665564372
48.42667939048047,1.3186869427507923,556.8465267017976,1.2962160646587857,57.245369084362146
51.83641202464773,1.3739908877522928,313.31408144837746,1.4183952631929704,33.25504852530692
39.02622993747906,1.388715090166308,517.8642074752224,1.5086872539856582,15.312103656856262
36.384753564552405,1.3898277428752803,227.99132416129603,1.283238944511826,22.094644129372433
36.524403107375406,1.4175213935381836,389.6667927668742,1.480983517427882,16.762476714065254
46.64139765706548,1.4457041876653,934.7333008953484,1.6108064561711986,12.158045106738683
34.63968841729442,1.4734976727613254,423.85721946009227,1.414355397632206,11.40391456886574
33.42937272590336,1.3548718527563712,671.4512538624615,1.3201044142200442,24.29812729070216
85.17556149459179,1.3247691214531438,777.9755509370608,1.4875632155596197,47.453042052469144
63.51062961114973,1.3831126849444684,691.1673597152349,1.47329692969711,28.449197614762408
35.84498461539514,1.3726693783644504,540.8144690890199,1.264868272539997,24.911151482583776
50.48898527047246,1.4050337077505242,970.7735168179908,1.582776852190458,22.673288065843625
35.00627252116124,1.3926732964321116,294.0512401167293,1.454490184399955,20.43084831154684
18.953278088990388,1.4423436375287746,145.9236254666555,1.1377558266517889,11.182487622170784
31.777208938386146,1.3955604155383257,577.5586438101815,1.3866190938043066,21.217468050733025
47.11088685242875,1.4129228280195023,695.1577495613392,1.6451658421385098,12.961677819706994
28.800959294925292,1.3958317193509435,486.61374140454745,1.2087625183293278,19.13173857596022
47.39792920020514,1.3599968309101984,455.8183101068877,1.506277396279573,23.945762495713307
36.46292097709217,1.466594440830326,399.22111885451966,1.4793543629553856,11.932782841435184
35.53006827217247,1.3949959659405704,593.5995048628366,1.428652490597146,18.085580996680644
29.73493061592591,1.3790500805425756,987.2059453129416,1.3546605902590931,13.925154106652949
47.292937835121464,1.4074754681545611,801.9810303457533,1.514159527458676,20.79806097516167
37.79086896820514,1.3860714940161685,222.64417856424944,1.41342054277232,18.91649794561723
33.14991655917418,1.3738436905120657,299.7046199212348,1.2404514516709138,22.125016139403293
56.02927259393433,1.3539377167526143,1089.464935919856,1.5075328274355,25.489032697402266
36.0713981499024,1.416473823289242,606.4846046012542,1.3789139888027335,18.46354434585048
86.90630985301127,1.3461630009454617,476.11552317714103,1.562715277274723,33.3363391729798
52.776601374525136,1.2887772908812407,950.194474816955,1.2675499214870818,163.19473251028808
50.45907374287165,1.357357966987374,891.4579704605361,1.4856012647607766,25.535846859112752
38.30801990086629,1.388149979443223,683.851816439435,1.4602933275168934,20.659492991251497
29.49211817928238,1.35858265868937,1076.1816866068948,1.2903240987447302,25.75696180555556
48.72687524299981,1.3649328016290396,945.8175679229424,1.5177362226007185,26.855727534425448
58.431524851533254,1.3652934990752303,906.9970742353114,1.5975331569279938,23.486617894479025
32.77034618604012,1.3892286752828575,370.4956359995321,1.380948263992294,17.082964444168873
41.62941515718331,1.3632443516154888,1185.496215827358,1.3889370370043193,31.55802857187261
38.70292855743531,1.3996230640350509,358.8337101137369,1.503700200912347,16.653178176440328
46.87918280381388,1.3641715706351183,580.8192822231188,1.4337174528114869,28.10740131896219
34.31155176817848,1.4007626789126528,280.1485990371056,1.368228644555613,22.382157324735452
40.1081956160659,1.4240986865843663,252.34587200330907,1.5294368143366517,16.621110709233538
34.943220097021594,1.359814189368259,328.5112943188888,1.4138882013822631,26.513846021947874
28.38183323796566,1.4021813252427624,377.4808857873022,1.3649560511601555,15.15976321373457
51.86018594597577,1.375422855578464,633.2609687199273,1.3860746586662218,22.303040791191833
47.288083635847755,1.4088593625750705,450.9274812138747,1.5415129027311372,16.89840613425926
23.948497850641665,1.3633511119756292,421.7327404467859,1.136056467914459,26.336696807484568
35.598870904623105,1.4166529358771671,524.0394856656583,1.423554919121505,15.98886649985947
18.92241382080545,1.4062749266944892,326.7268102682224,1.2017323355583007,16.750841210133746
34.235946018967944,1.4347564096808474,526.5634744610084,1.4285669681274569,14.68511373753561
27.90249928626442,1.439854744686561,396.95868788938367,1.3236185133073275,13.373656871570644
28.24179601383365,1.378404533596275,140.02719987463195,1.0928153809740044,17.19528795867627
48.208862826979065,1.3631969062420564,1194.4589356143497,1.3515467662654572,18.300937637786596
35.02928167151178,1.3676824403698935,420.249392961776,1.33830695788378,18.17616997003756
43.72769825255668,1.412745599223067,686.4642768017482,1.610839545246854,14.251451981067548
31.683964538902675,1.391265976113376,348.38228237022065,1.335542713316069,17.626094451459036
41.67999582145003,1.4091892401887427,585.9344304996209,1.5773206320023443,12.705599484997112
40.914987998647206,1.3993280339202028,806.0382101246976,1.4427473740787913,15.856060518378229
20.610932629136727,1.3959411006770772,341.05784326156856,1.2095661547796914,16.003462938850305
27.891222124940708,1.39118304676913,142.77605243332494,1.3495835020470046,15.500200778034982
31.968727605893996,1.3888397084117154,442.45929055901394,1.4092926966358603,14.478497685185186
44.35647339070243,1.393215591090596,624.9614655838466,1.4774773117921634,16.72901455389051
23.643378186256697,1.3919542609550046,213.05850741337787,1.1739235935097956,20.41713220164609
32.71407894125271,1.4003801224744117,458.41288405445385,1.3551514360056969,13.682909639550264
27.6533968716644,1.4607643476311256,501.1544378769725,1.2111132761702543,14.638120177469135
52.33834119539251,1.399951424799356,321.522250517436,1.314694931631489,18.880797839506172
30.910500571383864,1.3992257905794807,1997.7765418362264,1.4031487987984568,17.949034368569958
47.740825318090344,1.3719184973294118,1280.2517452674567,1.4863837775919075,13.575868468915344
32.71394333405856,1.4010873254430956,613.2611192406364,1.399258045953538,13.06747762345679
25.588433147807905,1.4099148246941409,421.1045356997113,1.3292487105980832,16.171156603652264
54.54466242486661,1.3287453786869972,874.9379486010824,1.499213898592597,36.15946421682099
22.94401588064824,1.3962072480913348,172.51369534858162,1.2903755438572309,13.457473782968572
30.75184076832381,1.3089491606556192,403.22603716476266,1.160253923326396,51.923831015027865
45.3131984864027,1.36274583673988,520.2398409040669,1.3848684803473412,28.915619512292466
35.58470421055669,1.3580266116721091,521.0345618644135,1.3448083693733777,26.27745531121399
39.86482766994662,1.3958083482445696,563.7284777635547,1.4726086198605937,20.404992283950616
31.312832434309215,1.424063157081053,416.0765969089889,1.3605768499654527,16.054989390432098
40.55301068474857,1.4100643906701582,536.8155928609057,1.487700233364443,14.704080067791006
55.693011326585754,1.3905563005197124,833.3253185784098,1.4629827218051448,19.69017517843364
25.89136898696932,1.4341032474555788,432.994054108161,1.323418672291755,11.307249831211418
25.671538098610316,1.4416086812998905,288.40273330134806,1.323301728377232,13.97026138117284
32.668348762029396,1.4209251230254358,555.4984453053067,1.4112410825830646,14.234668135683762
31.132170169212543,1.3971530120337468,411.0203103400434,1.377837909941272,12.868677019032924
38.42569845722126,1.4348042526795108,530.7044821305666,1.386898584937137,16.744641657588964
25.125292347251023,1.4223273828823133,359.07105428946414,1.3768089420251266,11.794162969393003
49.16073296048404,1.2957343710077285,325.720329070048,1.267502336020672,96.176220105096
26.1587096684087,1.4395533705253425,430.68919501495986,1.278466631845181,12.325595743312755
41.128321977021166,1.4053794395318633,628.3749806331397,1.5544444964925852,16.060007073045266
49.87791619152696,1.40764057747554,486.5732512006549,1.620811910336828,16.650309365354936
32.66111833142932,1.4018145027477942,796.5180620105181,1.3413279617183158,15.838146862139917
26.478350395990503,1.4367811420720322,279.7142058998955,1.3056123405900897,14.973119950526506
23.28423517067571,1.435499859253018,257.5014859396464,1.221744200460978,16.617218042695473
32.54616745199015,1.3700684314175566,449.0294038139299,1.376183277433818,24.481973433213305
41.09843238413658,1.3932258083237112,644.3428867258413,1.4793724992212514,19.525323752572017
32.50227339906454,1.3583940996448578,543.796785828572,1.2715052603358012,28.30069149734225
41.9975600580892,1.3968264385264793,621.876659698344,1.4819570706439618,16.7189096946649
16.61628191169577,1.43293952932564,282.9727093791618,1.2281858431824215,15.04557663690476
29.784469644691512,1.4073138296338972,768.164703573724,1.3137730702594252,12.60209828317901
30.24061554525473,1.3990223912728077,442.4237605852134,1.361469435925618,12.230692997685184
52.15624868321029,1.4019538860258258,467.98102972748194,1.6176182358541251,16.645853748713993
33.77735245770306,1.390947336578282,492.4602020005187,1.4305430474404277,17.169635778356483
39.2326187840693,1.4343940970110811,757.9048092775407,1.4513061147712052,12.89523895640432
38.4797619761225,1.3575050475686163,1048.1413930497683,1.4143582400805337,29.41766163515946
30.355165942928572,1.409601758904361,438.88960775438807,1.3318685576293612,12.091356202846365
48.03597549440517,1.3960816234859663,643.6457636447557,1.548609398705161,19.26358493614632
22.007332169133868,1.429231437388779,343.46772172271955,1.1960050124557289,18.91455060901675
18.585521980763524,1.4423298877704782,169.32795797545515,1.222080054296903,11.044390845458553
60.39918790751565,1.3426568553460785,572.4983289094075,1.398783168153645,43.36130340952932
32.19280068071752,1.3798178113576325,586.3717722540564,1.3530381120153048,19.1413436173804
29.454647075587246,1.4566453053297916,465.81878110971286,1.346159151886391,13.402348572530864
42.09439382600779,1.3745049190400522,1249.975218713292,1.4633767418550527,20.137005964297632
48.830890592689286,1.3762750449208394,743.3441166083492,1.395642911806768,19.631936643281353
45.70343539135865,1.3806672784939715,559.7572013540224,1.4976418448755076,20.865384912155744
70.71994724375651,1.3511480885970335,1014.6800311850536,1.5025056719634005,36.58322570190288
30.841765374893846,1.3754899653121977,822.4283927535828,1.3372542535475116,25.39825810185185
26.53507631059754,1.3924786859509104,377.1324351419352,1.2490549663403432,15.346664544753086
16.883563577682427,1.441094240752712,252.28312696703816,1.1514981395482249,14.56934208622685
30.40535536026382,1.401386632952814,505.8499393711323,1.3553435907698603,14.406739693562612
29.471531808688443,1.447846003401841,564.2492911204171,1.2892712859257365,15.317256668871252
67.62270275164437,1.3313231933508016,1189.769525590181,1.5441306949526947,40.243768932556506
36.426322371764115,1.4126070439150564,614.5770870356602,1.4303488905905586,12.36782154224537
38.06342084072662,1.3945704013624882,762.793595260589,1.4641298567016217,14.525554074349646
28.4464423411016,1.4210167642986875,342.2174585664362,1.3732457761968044,13.767312082047326
99.5550863290231,1.336912793876538,1275.4422106809152,1.662053847863347,38.68885537848212
31.870239212273503,1.323188946771771,431.10161550689577,1.185444036675687,60.787643919961624
39.45296769893504,1.3938357844160492,548.1246966252497,1.4323288148637328,12.436043499228392
16.98648373449373,1.3937411767154066,175.4840193377616,1.091530042274082,15.240441636659808
48.410740795675494,1.39360174190195,362.73841801075463,1.2371115374587949,20.149599412149215
33.06422728182745,1.3630523070213896,645.3549261383066,1.331508180521909,26.549449508101855
32.597083673919016,1.3945058041701568,791.6317487628681,1.349608017761108,25.515566526813274
48.78577723729472,1.3778836040784754,466.0093571815256,1.5027832551197422,23.410055430731926
39.80016068546768,1.3808404735661957,582.751586651521,1.3534740039165154,18.433565658757715
30.373488213702995,1.4411678294223815,467.58625033664686,1.4003534309595282,10.97851314484127
54.578603986709,1.3599531330200294,744.0418277399634,1.4648490620332888,22.191367368329555
27.68351571451305,1.4671151888336589,379.1956530683024,1.3275959295139577,13.278186246141976
33.5949275673043,1.3798132669613543,672.8689674068336,1.3203961729009963,33.03375039033383
40.78738177907332,1.3562078944783182,817.1607158797653,1.4103422009834874,27.24828145506355
19.215003201172895,1.42816006574009,337.6482986107364,1.0781222032397082,11.12683159722222
43.00442840860312,1.3717793215233296,650.9513887128742,1.3584048982904993,22.258843436535493
42.5990253365208,1.3918522160054358,744.0124717728146,1.5744976081687954,13.295321783371913
27.32435082721881,1.3980044639540212,224.43545157873163,1.1323499926078229,19.086520850869817
34.37296257724492,1.3808702335591976,574.0811770486206,1.3696598141824443,19.302726699138375
81.69443144361668,1.3518047853555106,697.4616663371595,1.5836318809540308,28.95446146514161
21.597635663799753,1.4319847661361678,179.14561806241844,1.219160405423066,12.768010759602197
42.052703945837955,1.3821870678454429,477.14703729835816,1.3969179956360795,14.017969363776654
44.101128502879675,1.3586931716352308,360.8015106111064,1.4231259300512884,23.0736437422496
31.52399469335667,1.402901123680682,532.9131950323388,1.3891996605857488,15.267929643658812
48.33921306001696,1.3812989961896294,867.7185582414263,1.5399545491883726,22.264373163720037
42.259918754430544,1.392817046616251,752.6200285843781,1.5762592849999784,13.5990710733882
42.17466561277171,1.378630748177935,830.6732973213974,1.3995756172049183,20.17707098765432
31.853004133268055,1.4127988457271945,506.6666666666667,1.3877557643424991,15.498231899434154
31.071088747254027,1.3841649712897068,877.59930733867,1.3057540394888494,43.46255613425926
42.23789731364327,1.394757878404512,282.8975662447795,1.4719791015046444,15.11241500289352
39.66928279528889,1.3871329523936082,668.2362691886306,1.4461920535892874,15.675611255787038
19.844898095741375,1.3966948120180815,362.1572943417896,1.213303886521948,18.159836355452676
38.94513126104956,1.4081603954163853,387.5908010383691,1.4419854198245596,16.37730784327317
28.95687298425746,1.3815428287697369,635.2869348855136,1.1137108616682432,23.480862630208335
34.484207392246965,1.3990084154066689,401.3536726069614,1.4418708631902106,15.279726906966491
47.66634537941554,1.3902474079301694,564.3668050960455,1.5372185660503832,17.754157674275167
41.41634061732906,1.3586549215395831,562.9970104675333,1.3950356100876966,32.34280177432207
36.16705627032246,1.3941766172295715,759.3017670410936,1.5285061314463226,16.63132362397119
52.80167932427852,1.3675433053231942,671.9418113224024,1.4436637796731444,21.30583653759702
30.726342596729353,1.3706791708333652,486.5717759575185,1.3849651375286722,20.65085656916386
45.04822720915375,1.4030045875574353,778.2817890798584,1.5843813985467972,10.977664517195766
41.53783596220529,1.370160519717461,333.185630237139,1.3455950668788812,22.198684781011167
55.33934111227392,1.381771525604053,290.43806971773665,1.3647475090806265,25.44430415263749
32.102323384478126,1.419642276834728,435.18565977549736,1.44802743509413,17.515132298096706
19.32423282107263,1.4326428653381822,257.9217832351896,1.0212079194141666,11.68412583590535
39.78850775065647,1.4022133897678746,446.1475281107336,1.4676921161377487,19.965389901620373
44.22140571251621,1.3652121337510668,609.2151884494302,1.445468192392968,22.033748864024396
30.34251482128005,1.400511786811639,258.4588574862351,1.1826734424656755,10.871366980820104
19.526379879140944,1.4081830195142149,336.89270994356315,1.3025836490123148,18.55852733686067
57.18430190643897,1.3783649090025478,499.37684257629286,1.343192118909217,25.182845994668913
43.48670399923496,1.4008203029563857,484.9436084593514,1.530239367030036,13.760660202483209
28.198611050821807,1.4076959816060592,457.16207869770295,1.2728188519834749,12.579504106040565
35.00612597436716,1.4151522580210074,413.9205539528498,1.2876130632503318,12.427663215877915
49.97653483215322,1.3833963302760943,386.9397737101705,1.3514018334168274,22.526289866255144
59.04586759226122,1.379209059236845,628.9246095352423,1.5286785748984104,18.373480283371812
23.357164299380106,1.446977803611967,382.8075429758026,1.2813277212199208,13.52028983410494
53.54112412685804,1.3721565071145747,403.0828920345291,1.2836790934433586,25.920182291666663
29.012663415720137,1.4080895095339947,319.8346259843548,1.3676948112541811,13.49116767250882
33.52780593944572,1.420661720175492,450.1886915640274,1.377531138661911,14.949465740740742
43.639455705909185,1.3879245798089916,698.0479545743905,1.5918303710010828,17.965550595238096
44.69846262641134,1.3711144325236078,470.89377960379966,1.3626380890708882,24.33573014422276
37.07890390445237,1.401111676929408,304.3780728164948,1.4714676568209235,11.715905389981996
49.62843719340089,1.372131708076708,407.6508632528533,1.5289218163817715,16.542082919973545
68.60111680365908,1.3511431012965995,700.3839112926546,1.331980483739467,34.285395085841046
40.55095607525528,1.4177969977439175,444.54676957197023,1.4395157954867777,14.34991335519547
50.41489082145605,1.3811810862793106,606.0688220510403,1.5107095768082448,19.38154021483106
35.935791034460074,1.384367667351501,283.1268528830403,1.2499332704566917,12.67544673750182
45.49064502871612,1.38811517696702,747.0488217931013,1.5869985569245697,15.145219080841605
71.37480016212005,1.357791363975848,672.7110095203553,1.3326786275113072,30.08557867691187
69.08506021912358,1.356508689162888,746.5038828647758,1.4910993458726685,25.742972676881653
50.846165682946754,1.3858777506825752,1159.0784252836668,1.4736051362807443,17.423299785043366
36.77072291941988,1.4115723314279172,411.71280427447147,1.3733718783917943,14.812363959951176
33.47737326660092,1.4425728034505647,321.98340056438724,1.4499011456945057,13.978250799162256
29.917254948876735,1.3672588614489722,345.9599279533037,1.3037958454444798,27.188554044495884
39.17175079274504,1.4095105673131492,383.3407983714681,1.525730968569198,14.092332658179012
35.507096838426,1.4265045113604755,310.3815045439963,1.3989584237874355,18.703432539682534
35.59027179237786,1.4340369020083052,470.83834102629385,1.4031125891681535,15.178650294174382
37.26253068496498,1.421954638876876,393.4923584847608,1.4682168935342066,18.465819647772776
35.07612645306029,1.4241926076594051,1067.3658542600683,1.3560054283266874,16.831984792952674
40.495108163634654,1.4016614927472213,543.3138774442871,1.485271551093765,11.33299858079806
17.737900187175036,1.4163289269577113,393.19066315033734,1.1760687108371644,15.263945794753086
40.391524364850035,1.3569632094677404,419.7895404462588,1.2255932538878724,38.95134257290879
68.64060926769876,1.36868492432201,867.5201068978955,1.4930946347000902,18.394764821244856
44.04479937313404,1.3900667260804576,693.1769131411706,1.3850486905170196,18.043330878226712
74.70379167268734,1.356448052911606,624.0333767069247,1.7361096953452513,16.53370170089058
21.018836237512545,1.420222017855206,215.68942325408472,1.2529885732769146,14.006455439814816
68.01044448956269,1.355857247225828,858.7457669842925,1.504811649889984,19.70021040013228
38.723178371553416,1.3757766000225538,615.2658452901139,1.3478623363754714,24.779111689814815
37.234219826830206,1.409701329368601,415.5403341412859,1.347850270781055,14.800979938271604
51.85480163706563,1.3736447532101432,744.9484053290271,1.518900998703136,24.964163927716204
84.3952751887181,1.339812458488388,844.1816351310672,1.3655472243552658,38.98068195944788
77.29640691630982,1.3385767450035475,541.2589674406794,1.4997632019844025,58.27742809070645
39.678522161518806,1.4071206233660714,538.8464684268424,1.5057194152934783,10.647279610339506
16.725997946110404,1.401924129547946,316.4429238930077,1.0776327117725464,14.67478260030864
71.7122699833632,1.3444528833714025,382.0638483044892,1.2959668764676449,41.177905197193475
22.26694569153074,1.4049357565214478,409.11841416185064,1.1889644208403602,16.00349307039411
22.12375436756918,1.37723536860827,278.6518666298488,1.2507696524933412,18.0459445271164
34.24173462203241,1.3939741715928602,453.17602767025136,1.3451927019532854,16.515045708182775
44.764469628043926,1.4022154699429763,477.4856236833467,1.549446953426613,16.528035783179014
33.37461187710744,1.389660505759463,330.01988822989614,1.3844423848480891,13.640327031893005
77.05957582880441,1.3538957179148827,1420.291320039797,1.5761459014474304,21.852442971009086
39.04318921919379,1.3894984280317504,566.4722993673197,1.4371219552043528,18.886619548754
34.9213517707485,1.4017645911847303,415.09758254465834,1.3967213221258683,17.59208478009259
40.30041739912475,1.3993767005313236,628.6938990468135,1.412361834707668,16.0360329261445
69.56148757917757,1.3342787845995183,934.7735617122884,1.4896919672338516,35.01264931984454
45.83625369245543,1.419732371902188,474.3926314357711,1.5850110535199664,15.97101104359568
17.6419023221359,1.4276669949636032,293.4648856970118,1.1956060768812475,13.385359567901231
40.816727077539646,1.4091243686746606,363.4467172141207,1.4632944287352885,18.078895714624885
36.90695343036729,1.382833715568261,658.0724277936571,1.4489829686563414,16.149278442215362
49.0061142251381,1.3033732044734934,709.3379826373706,1.299298701861472,95.3847469935637
39.58816802867193,1.396850721666734,490.2294700696125,1.5043138599746222,15.553809317129632
35.9768713441938,1.3774771286723544,343.1821970912802,1.3423191164649453,22.006559413580252
35.72089462361652,1.3969953227081076,502.83049290406046,1.4124500750131077,21.25824291981024
43.92597693745943,1.3439372627219843,273.8725817633337,1.3509486691206232,33.13853918650794
29.481166987948185,1.4537465832776064,386.1931043791702,1.3108297424269049,13.252538044410151
17.227985274663897,1.4242121089812771,343.81803042269297,1.152948960809034,14.967083912037037
66.8161366637318,1.3512131793740076,990.7543614597228,1.497553931138082,24.61957513503086
37.624931421252654,1.4279406061866895,546.6116717690243,1.495052680002806,13.23919906719958
18.431047383513036,1.4000653519213393,347.0453566940469,1.2834563574699376,14.85967930169753
36.580325782211,1.3959734546465534,638.6510829210343,1.4548145486427548,16.737501567322532
36.88991897754138,1.4332484879883094,492.4142118122311,1.4341475060900537,13.633283730158729
30.08188206002823,1.4208118353589612,409.30644382484456,1.3374694302239725,13.14599432548868
18.73100175867529,1.4131997471635405,264.1786123959421,1.1773853394424936,17.186293188443074
18.33516739932814,1.4036440422148069,319.89939671305933,1.3027832128620522,15.10694090792181
52.66463994127451,1.3352417134415286,670.8228949568855,1.31167580144607,58.319664965628505
38.22402608747313,1.4101570035775628,839.9824434049551,1.457327383802138,14.540214120370369
74.95483461615162,1.3491059249901918,776.9013095145718,1.5174701738686056,33.174145990030425
35.73844908368779,1.3844795698992058,665.9523194944194,1.3760898195884737,23.405260490859447
30.951739751230043,1.3540756432239915,449.0204392062271,1.107617036308857,25.555061866181656
62.986626553128254,1.3721637634099313,622.58156070116,1.4960114095480672,22.838990590706445
49.04444041781844,1.349757538343857,388.9075962259643,1.2589467575093392,35.47893494405864
18.699380237236284,1.3935628966218845,279.3003384181383,1.2146832334506372,18.2306974994281
32.513904096976184,1.397706690220382,594.1818976233004,1.4228117167528909,20.497872299382717
32.403164784297104,1.340921917234356,340.557885229631,1.2829891187421156,28.141921939300413
28.43496794704939,1.408023502261059,377.7283421621742,1.3117721285176254,13.982388888888888
55.425354670989954,1.3589352332401117,860.8548681886092,1.4363341316696836,23.165968685699585
36.89387766059796,1.4087094549846282,626.7043704823582,1.4772393531913597,12.394754618282498
48.2971257035543,1.3862613994116444,723.9598558457109,1.4082901011049973,19.425145916005288
39.09372019811214,1.4274870866460825,722.8513124118773,1.4679833739148072,13.42481819058642
57.733832866934016,1.3779891153919397,1135.853719904138,1.5177445559227107,19.703413467721195
36.91958506743091,1.4346290485145403,477.5088190816117,1.4479336620243684,13.796321068875894
39.6480177186667,1.4265156754195691,405.1227486332296,1.4846482794128737,15.624259960718293
35.52910153462735,1.4009284408102205,589.2805558857361,1.2972387022598406,13.18946614583333
27.20820260921153,1.4012280243438269,517.8465796398804,1.3437298735483465,17.576483008616254
33.59345324770814,1.3655174606584652,370.875967620617,1.3295818909002035,30.678137645747597
42.82148004133963,1.4012794824982888,328.10217806999856,1.4309287632977803,13.971537744341566
45.74647975169253,1.3405567247821837,705.9688101484411,1.4122445697850068,37.82229648919752
39.3310665563812,1.419976864486869,493.4986179560758,1.424252065856744,23.107432966820987
48.30715595651014,1.4115798687223342,916.381800008438,1.5288677174513394,18.24075100656319
34.75983295371232,1.3980965537475836,872.3122076080526,1.1573170272917843,16.730915477109054
82.91087555619049,1.347087178111646,1320.4091636849344,1.581903622486756,29.48991367669753
60.12419057249311,1.3450089651590516,1374.8927738170128,1.398816303773719,26.67024475644314
33.23246325669847,1.411172679534186,310.6756975055943,1.2382245688005664,13.12833638760288
21.926208987938978,1.4796422921095211,193.6193501771444,1.244983766658562,14.025605572089948
32.116233851011025,1.3801064214994867,569.1052805992991,1.4889400441319978,17.153404017857145
63.79583608782529,1.3595239156525696,802.2100478687108,1.4878823190147277,32.26042721595293
45.23009763742034,1.3740952035980718,707.4003176303272,1.3971199411863968,16.809793778950777
41.86708356310274,1.409306467161121,764.6646673764903,1.5105250877236571,14.171660839441875
38.86124780412334,1.3718916844792983,456.22123416801475,1.3774850478005318,18.421972192545105
42.888693422087584,1.3943502630756397,629.8271699223078,1.488044725864248,14.159880883487654
49.754140039465334,1.4037695470338816,652.4516139219403,1.5569781424678155,16.144376258051526
61.83648613805381,1.3618660886994816,727.5655489748933,1.3021219446443713,34.090305426954735
38.44153229889519,1.41159987532775,678.5131966708943,1.3981751285615485,16.884156925154322
44.506021189889886,1.3880083345612164,631.7222761903258,1.545113031696188,13.660033275462965
44.31882846618042,1.337456142550242,881.0822113594353,1.392015839456226,44.776872614116314
48.63070676162907,1.3712352720761225,705.5857333715212,1.3996055534403675,21.007510823902606
45.57207337047512,1.447973220091736,652.1125763576698,1.474477820211805,20.10445836089065
62.13054378641793,1.3438583992439093,743.9383968602864,1.4629455555648418,34.62349247685186
23.83890319132268,1.3903321302179084,493.2989521429685,1.2618454710994371,18.28562773276749
38.598471966908775,1.3999891788070489,383.9130602331008,1.4501843261426854,15.02541039737654
31.484436635985183,1.3852078168611297,537.0468356028022,1.3497947800168766,19.745978535353533
40.67962702998901,1.389189236841441,875.6869334692806,1.42474083983401,18.038994020061725
29.315163664950983,1.428254847290472,620.3041052640033,1.3181724938326602,12.249389467592591
56.12819903238233,1.3696543682164468,803.6742784208487,1.5263487795806134,22.77884321263146
51.3319268649646,1.3728950544441754,611.8213796993424,1.39301991108259,16.1065234375
45.00955663663869,1.3952013720754255,483.1437861247939,1.5716860785329931,14.228582175925926
58.447750065242616,1.3803104840153133,692.4289183326098,1.4898243258686057,19.01729823736354
73.56256351170916,1.3735022948871771,1035.7115807563591,1.5125624275508522,27.53465401785714
